study_m,Month,obd,phase,int_carb_asp,int_targ_screen,int_screen_all,int_hand,int_asp,bedocc,hh_adherence,hh_trained,abhr,rectalswab,all_monitor_abx,cephalosporins_DDD,carbapenems,aps_cephalosporins,fluoroquinolones,all_gn_bsi,ecoli_ccs_bsi,ecoli_3gcr_bsi,cre_bsi,mssa_bsi,mrsa_bsi,gram_neg_bsi,csab_all_any,crab_all_any,cskp_all_any,crkp_all_any,cspa_all_any,crpa_all_any,csab_all_clinical,crab_all_clinical,cskp_all_clinical,crkp_all_clinical,cspa_all_clinical,crpa_all_clinical,csab_all_bsi,crab_all_bsi,cskp_all_bsi,crkp_all_bsi,cspa_all_bsi,crpa_all_bsi,csab_all_resp,crab_all_resp,cskp_all_resp,crkp_all_resp,cspa_all_resp,crpa_all_resp,csab_all_uti,crab_all_uti,cskp_all_uti,crkp_all_uti,cspa_all_uti,crpa_all_uti,csab_all_other,crab_all_other,cskp_all_other,crkp_all_other,cspa_all_other,crpa_all_other,csab_all_swab,crab_all_swab,cskp_all_swab,crkp_all_swab,cspa_all_swab,crpa_all_swab,csab_adm_swab,crab_adm_swab,cskp_adm_swab,crkp_adm_swab,cspa_adm_swab,crpa_adm_swab,csab_ho_any,crab_ho_any,cskp_ho_any,crkp_ho_any,cspa_ho_any,crpa_ho_any,csab_ho_clinical,crab_ho_clinical,cskp_ho_clinical,crkp_ho_clinical,cspa_ho_clinical,crpa_ho_clinical,csab_ho_bsi,crab_ho_bsi,cskp_ho_bsi,crkp_ho_bsi,cspa_ho_bsi,crpa_ho_bsi,csab_ho_resp,crab_ho_resp,cskp_ho_resp,crkp_ho_resp,cspa_ho_resp,crpa_ho_resp,csab_ho_uti,crab_ho_uti,cskp_ho_uti,crkp_ho_uti,cspa_ho_uti,crpa_ho_uti,csab_ho_other,crab_ho_other,cskp_ho_other,crkp_ho_other,cspa_ho_other,crpa_ho_other,csab_ho_swab,crab_ho_swab,cskp_ho_swab,crkp_ho_swab,cspa_ho_swab,crpa_ho_swab,csab_co_nothca_any,crab_co_nothca_any,cskp_co_nothca_any,crkp_co_nothca_any,cspa_co_nothca_any,crpa_co_nothca_any,csab_co_nothca_clinical,crab_co_nothca_clinical,cskp_co_nothca_clinical,crkp_co_nothca_clinical,cspa_co_nothca_clinical,crpa_co_nothca_clinical,csab_co_nothca_bsi,crab_co_nothca_bsi,cskp_co_nothca_bsi,crkp_co_nothca_bsi,cspa_co_nothca_bsi,crpa_co_nothca_bsi,csab_co_nothca_resp,crab_co_nothca_resp,cskp_co_nothca_resp,crkp_co_nothca_resp,cspa_co_nothca_resp,crpa_co_nothca_resp,csab_co_nothca_uti,crab_co_nothca_uti,cskp_co_nothca_uti,crkp_co_nothca_uti,cspa_co_nothca_uti,crpa_co_nothca_uti,csab_co_nothca_other,crab_co_nothca_other,cskp_co_nothca_other,crkp_co_nothca_other,cspa_co_nothca_other,crpa_co_nothca_other,csab_co_nothca_adm_swab,crab_co_nothca_adm_swab,cskp_co_nothca_adm_swab,crkp_co_nothca_adm_swab,cspa_co_nothca_adm_swab,crpa_co_nothca_adm_swab,csab_hca_all,crab_hca_all,cskp_hca_all,crkp_hca_all,cspa_hca_all,crpa_hca_all,csab_hca_clinical,crab_hca_clinical,cskp_hca_clinical,crkp_hca_clinical,cspa_hca_clinical,crpa_hca_clinical,csab_hca_bsi,crab_hca_bsi,cskp_hca_bsi,crkp_hca_bsi,cspa_hca_bsi,crpa_hca_bsi,csab_hca_resp,crab_hca_resp,cskp_hca_resp,crkp_hca_resp,cspa_hca_resp,crpa_hca_resp,csab_hca_uti,crab_hca_uti,cskp_hca_uti,crkp_hca_uti,cspa_hca_uti,crpa_hca_uti,csab_hca_other,crab_hca_other,cskp_hca_other,crkp_hca_other,cspa_hca_other,crpa_hca_other,csab_hca_swab,crab_hca_swab,cskp_hca_swab,crkp_hca_swab,cspa_hca_swab,crpa_hca_swab,csab_co_hca_any,crab_co_hca_any,cskp_co_hca_any,crkp_co_hca_any,cspa_co_hca_any,crpa_co_hca_any,csab_co_hca_clinical,crab_co_hca_clinical,cskp_co_hca_clinical,crkp_co_hca_clinical,cspa_co_hca_clinical,crpa_co_hca_clinical,csab_co_hca_bsi,crab_co_hca_bsi,cskp_co_hca_bsi,crkp_co_hca_bsi,cspa_co_hca_bsi,crpa_co_hca_bsi,csab_co_hca_resp,crab_co_hca_resp,cskp_co_hca_resp,crkp_co_hca_resp,cspa_co_hca_resp,crpa_co_hca_resp,csab_co_hca_uti,crab_co_hca_uti,cskp_co_hca_uti,crkp_co_hca_uti,cspa_co_hca_uti,crpa_co_hca_uti,csab_co_hca_other,crab_co_hca_other,cskp_co_hca_other,crkp_co_hca_other,cspa_co_hca_other,crpa_co_hca_other,csab_co_hca_adm_swab,crab_co_hca_adm_swab,cskp_co_hca_adm_swab,crkp_co_hca_adm_swab,cspa_co_hca_adm_swab,crpa_co_hca_adm_swab
1,Jan-08,18408,1,F,F,F,F,F,92.6,NA,NA,0,0,15827,1084,721,364,2398,22,4,1,0,3,0,13,1,0,18,0,41,3,1,0,15,0,36,3,0,0,1,0,2,1,1,0,3,0,13,1,0,0,6,0,10,1,0,0,5,0,11,0,0,0,3,0,5,0,0,0,1,0,2,0,0,0,13,0,28,3,0,0,11,0,25,3,0,0,0,0,1,1,0,0,3,0,10,1,0,0,4,0,6,1,0,0,4,0,8,0,0,0,2,0,3,0,0,0,2,0,8,0,0,0,1,0,7,0,0,0,0,0,0,0,0,0,0,0,1,0,0,0,1,0,4,0,0,0,0,0,2,0,0,0,1,0,1,0,1,0,16,0,33,3,1,0,14,0,29,3,0,0,1,0,2,1,1,0,3,0,12,1,0,0,5,0,6,1,0,0,5,0,9,0,0,0,2,0,4,0,1,0,3,0,5,0,1,0,3,0,4,0,0,0,1,0,1,0,1,0,0,0,2,0,0,0,1,0,0,0,0,0,1,0,1,0,0,0,0,0,1,0
2,Feb-08,18408,1,F,F,F,F,F,92.3,NA,NA,0,0,15258,1063,716,287,1984,11,9,1,0,4,2,25,1,0,16,0,38,4,1,0,14,0,35,3,0,0,3,0,1,0,1,0,3,0,11,2,0,0,6,0,11,1,0,0,2,0,12,0,0,0,2,0,3,1,0,0,0,0,0,0,1,0,10,0,28,4,1,0,8,0,25,3,0,0,2,0,1,0,1,0,1,0,6,2,0,0,5,0,8,1,0,0,0,0,10,0,0,0,2,0,3,1,0,0,2,0,2,0,0,0,2,0,2,0,0,0,0,0,0,0,0,0,1,0,0,0,0,0,0,0,1,0,0,0,1,0,1,0,0,0,0,0,0,0,1,0,14,0,36,4,1,0,12,0,33,3,0,0,3,0,1,0,1,0,2,0,11,2,0,0,6,0,10,1,0,0,1,0,11,0,0,0,2,0,3,1,0,0,4,0,8,0,0,0,4,0,8,0,0,0,1,0,0,0,0,0,1,0,5,0,0,0,1,0,2,0,0,0,1,0,1,0,0,0,0,0,0,0
3,Mar-08,18408,1,F,F,F,F,F,92,NA,NA,0,0,16875,1121,695,307,1820,13,2,4,0,3,2,15,2,0,19,0,24,2,2,0,18,0,23,1,0,0,4,0,2,0,1,0,3,0,4,1,0,0,10,0,8,0,1,0,1,0,9,0,0,0,1,0,1,1,0,0,0,0,1,0,2,0,10,0,16,2,2,0,9,0,16,1,0,0,2,0,2,0,1,0,2,0,2,1,0,0,5,0,5,0,1,0,0,0,7,0,0,0,1,0,0,1,0,0,5,0,5,0,0,0,5,0,4,0,0,0,1,0,0,0,0,0,1,0,2,0,0,0,3,0,1,0,0,0,0,0,1,0,0,0,0,0,1,0,2,0,14,0,19,2,2,0,13,0,19,1,0,0,3,0,2,0,1,0,2,0,2,1,0,0,7,0,7,0,1,0,1,0,8,0,0,0,1,0,0,1,0,0,4,0,3,0,0,0,4,0,3,0,0,0,1,0,0,0,0,0,0,0,0,0,0,0,2,0,2,0,0,0,1,0,1,0,0,0,0,0,0,0
4,Apr-08,18408,1,F,F,F,F,F,87.9,NA,NA,0,0,15960,936,734,287,2205,25.00000001,6,0,0,1,1,18,1,0,25,0,33,3,1,0,23,0,28,2,0,0,3,0,1,0,0,0,6,0,11,2,0,0,10,0,11,0,1,0,4,0,5,0,0,0,2,0,5,1,0,0,2,0,2,0,1,0,16,0,25,3,1,0,16,0,22,2,0,0,2,0,1,0,0,0,5,0,9,2,0,0,6,0,9,0,1,0,3,0,3,0,0,0,0,0,3,1,0,0,5,0,3,0,0,0,4,0,2,0,0,0,0,0,0,0,0,0,1,0,1,0,0,0,3,0,0,0,0,0,0,0,1,0,0,0,1,0,1,0,1,0,20,0,30,3,1,0,19,0,26,2,0,0,3,0,1,0,0,0,5,0,10,2,0,0,7,0,11,0,1,0,4,0,4,0,0,0,1,0,4,1,0,0,4,0,5,0,0,0,3,0,4,0,0,0,1,0,0,0,0,0,0,0,1,0,0,0,1,0,2,0,0,0,1,0,1,0,0,0,1,0,1,0
5,May-08,18408,1,F,F,F,F,F,84.6,NA,NA,0,0,16328,1089,716,307,1837,15,8,2,0,6,2,21,1,0,24,1,34,6,1,0,22,1,31,6,0,0,1,0,3,0,1,0,4,0,10,4,0,0,12,0,6,1,0,0,5,1,12,1,0,0,2,0,3,0,0,0,0,0,0,0,1,0,17,1,24,4,1,0,15,1,21,4,0,0,0,0,3,0,1,0,3,0,8,4,0,0,8,0,3,0,0,0,4,1,7,0,0,0,2,0,3,0,0,0,3,0,2,1,0,0,3,0,2,1,0,0,0,0,0,0,0,0,0,0,0,0,0,0,3,0,0,0,0,0,0,0,2,1,0,0,0,0,0,0,1,0,21,1,32,5,1,0,19,1,29,5,0,0,1,0,3,0,1,0,4,0,10,4,0,0,9,0,6,1,0,0,5,1,10,0,0,0,2,0,3,0,0,0,4,0,8,1,0,0,4,0,8,1,0,0,1,0,0,0,0,0,1,0,2,0,0,0,1,0,3,1,0,0,1,0,3,0,0,0,0,0,0,0
6,Jun-08,18408,1,F,F,F,F,F,84.8,NA,NA,0,0,16175,1119,657,290,1820,18,10,1,0,3,2,21,0,0,12,0,32,8,0,0,11,0,31,6,0,0,0,0,1,0,0,0,5,0,10,3,0,0,5,0,11,1,0,0,1,0,9,2,0,0,1,0,1,2,0,0,0,0,1,0,0,0,9,0,18,8,0,0,8,0,18,6,0,0,0,0,1,0,0,0,5,0,6,3,0,0,3,0,7,1,0,0,0,0,4,2,0,0,1,0,0,2,0,0,1,0,8,0,0,0,1,0,7,0,0,0,0,0,0,0,0,0,0,0,2,0,0,0,0,0,2,0,0,0,1,0,3,0,0,0,0,0,1,0,0,0,11,0,24,8,0,0,10,0,24,6,0,0,0,0,1,0,0,0,5,0,8,3,0,0,5,0,9,1,0,0,0,0,6,2,0,0,1,0,0,2,0,0,2,0,6,0,0,0,2,0,6,0,0,0,0,0,0,0,0,0,0,0,2,0,0,0,2,0,2,0,0,0,0,0,2,0,0,0,0,0,0,0
7,Jul-08,18408,1,F,F,F,F,F,85,NA,NA,0,0,15960,1060,716,285,1820,21,6,3,0,6,0,24,2,0,24,0,37,9,2,0,23,0,34,9,0,0,2,0,2,0,2,0,7,0,11,3,0,0,13,0,11,4,0,0,1,0,10,2,0,0,1,0,3,0,0,0,0,0,1,0,1,0,18,0,26,7,1,0,17,0,24,7,0,0,1,0,2,0,1,0,6,0,8,2,0,0,9,0,7,3,0,0,1,0,7,2,0,0,1,0,2,0,0,0,3,0,5,1,0,0,3,0,4,1,0,0,1,0,0,0,0,0,1,0,2,1,0,0,1,0,1,0,0,0,0,0,1,0,0,0,0,0,1,0,2,0,21,0,32,8,2,0,20,0,30,8,0,0,1,0,2,0,2,0,6,0,9,2,0,0,12,0,10,4,0,0,1,0,9,2,0,0,1,0,2,0,1,0,3,0,6,1,1,0,3,0,6,1,0,0,0,0,0,0,1,0,0,0,1,0,0,0,3,0,3,1,0,0,0,0,2,0,0,0,0,0,0,0
8,Aug-08,14345,1,F,F,F,F,F,86.9,NA,NA,3,0,12236,821,559,255,1622,20.99999999,6,2,0,2,0,22,2,1,29,1,40,2,1,1,26,1,39,2,0,0,3,0,5,0,0,0,7,0,12,1,0,1,13,0,14,0,1,0,3,1,8,1,1,0,3,0,1,0,1,0,1,0,0,0,1,1,19,1,30,2,1,1,17,1,29,2,0,0,1,0,4,0,0,0,7,0,10,1,0,1,7,0,7,0,1,0,2,1,8,1,0,0,2,0,1,0,1,0,4,0,5,0,0,0,4,0,5,0,0,0,0,0,0,0,0,0,0,0,0,0,0,0,4,0,5,0,0,0,0,0,0,0,1,0,0,0,0,0,1,1,25,1,35,2,1,1,22,1,34,2,0,0,3,0,5,0,0,0,7,0,12,1,0,1,9,0,9,0,1,0,3,1,8,1,0,0,3,0,1,0,0,0,6,0,5,0,0,0,5,0,5,0,0,0,2,0,1,0,0,0,0,0,2,0,0,0,2,0,2,0,0,0,1,0,0,0,0,0,1,0,0,0
9,Sep-08,17613,1,F,F,F,F,F,82.2,NA,NA,26,0,14503,1046,651,311,1574,24.00000001,10,5,0,0,2,27,6,5,27,5,36,6,4,4,24,5,31,6,0,0,1,3,0,1,2,1,3,0,10,2,2,1,13,2,11,1,0,2,7,0,10,2,2,1,3,0,5,0,0,1,2,0,2,0,5,4,11,5,25,4,3,4,10,5,22,4,0,0,0,3,0,1,2,1,0,0,6,1,1,1,8,2,8,1,0,2,2,0,8,1,2,0,1,0,3,0,0,0,9,0,7,1,0,0,8,0,5,1,0,0,0,0,0,0,0,0,1,0,2,0,0,0,3,0,1,0,0,0,4,0,2,1,0,0,1,0,2,0,6,5,18,5,29,5,4,4,16,5,26,5,0,0,1,3,0,1,2,1,2,0,8,2,2,1,10,2,10,1,0,2,3,0,8,1,2,1,2,0,3,0,1,1,7,0,4,1,1,0,6,0,4,1,0,0,1,0,0,0,0,0,2,0,2,1,1,0,2,0,2,0,0,0,1,0,0,0,0,1,1,0,0,0
10,Oct-08,20465,1,F,F,F,F,F,86.1,NA,NA,31,0,18625,1362,732,306,1893,22,9,3,0,3,0,31,1,1,26,0,33,4,1,1,23,0,31,3,0,1,4,0,6,1,1,0,6,0,8,2,0,0,12,0,6,0,0,0,1,0,11,0,0,0,3,0,2,1,0,0,0,0,0,0,1,1,19,0,26,3,1,1,16,0,24,2,0,1,3,0,3,1,1,0,6,0,5,1,0,0,6,0,6,0,0,0,1,0,10,0,0,0,3,0,2,1,0,0,3,0,3,0,0,0,3,0,3,0,0,0,0,0,2,0,0,0,0,0,1,0,0,0,3,0,0,0,0,0,0,0,0,0,0,0,0,0,0,0,1,1,23,0,30,4,1,1,20,0,28,3,0,1,4,0,4,1,1,0,6,0,7,2,0,0,9,0,6,0,0,0,1,0,11,0,0,0,3,0,2,1,0,0,4,0,4,1,0,0,4,0,4,1,0,0,1,0,1,0,0,0,0,0,2,1,0,0,3,0,0,0,0,0,0,0,1,0,0,0,0,0,0,0
11,Nov-08,18528,1,F,F,F,F,F,88.9,NA,NA,75,0,16067,1259,772,270,1843,27,8,3,1,5,3,24,5,2,19,2,32,5,3,2,18,2,30,5,1,0,0,0,3,0,1,0,0,0,11,0,1,2,13,1,8,3,0,0,5,1,8,2,2,0,1,0,2,0,0,0,1,0,0,0,3,1,8,2,21,2,1,1,8,2,19,2,1,0,0,0,1,0,0,0,0,0,8,0,0,1,5,1,7,0,0,0,3,1,3,2,2,0,0,0,2,0,2,0,8,0,6,3,2,0,7,0,6,3,0,0,0,0,1,0,1,0,0,0,2,0,1,0,6,0,0,3,0,0,1,0,3,0,0,0,1,0,0,0,3,2,11,2,26,2,1,2,11,2,24,2,1,0,0,0,2,0,0,0,0,0,9,0,0,2,7,1,8,0,0,0,4,1,5,2,2,0,0,0,2,0,0,1,3,0,5,0,0,1,3,0,5,0,0,0,0,0,1,0,0,0,0,0,1,0,0,1,2,0,1,0,0,0,1,0,2,0,0,0,0,0,0,0
12,Dec-08,14786,1,F,F,F,F,F,85.4,NA,NA,69,0,13445,1071,551,282,1298,31,4,2,0,2,2,12,2,2,15,0,28,8,1,2,15,0,28,8,0,0,1,0,1,1,0,1,4,0,6,2,0,1,8,0,11,2,1,0,2,0,10,3,1,0,0,0,0,0,0,0,0,0,0,0,2,2,10,0,22,8,1,2,10,0,22,8,0,0,1,0,1,1,0,1,2,0,4,2,0,1,5,0,7,2,1,0,2,0,10,3,1,0,0,0,0,0,0,0,4,0,5,0,0,0,4,0,5,0,0,0,0,0,0,0,0,0,2,0,2,0,0,0,2,0,3,0,0,0,0,0,0,0,0,0,0,0,0,0,2,2,11,0,23,8,1,2,11,0,23,8,0,0,1,0,1,1,0,1,2,0,4,2,0,1,6,0,8,2,1,0,2,0,10,3,1,0,0,0,0,0,0,0,1,0,1,0,0,0,1,0,1,0,0,0,0,0,0,0,0,0,0,0,0,0,0,0,1,0,1,0,0,0,0,0,0,0,0,0,0,0,0,0
13,Jan-09,16932,1,F,F,F,F,F,90,NA,NA,60,0,15239,1173,794,311,1752,24.00000001,6,5,0,4,0,20,1,1,17,1,25,4,1,1,12,1,21,3,0,0,4,0,1,0,1,1,2,1,7,1,0,0,3,0,8,1,0,0,3,0,5,1,0,0,5,0,4,1,0,0,1,0,1,0,1,1,11,0,17,4,1,1,7,0,14,3,0,0,2,0,0,0,1,1,1,0,5,1,0,0,1,0,5,1,0,0,3,0,4,1,0,0,4,0,3,1,0,0,3,0,7,0,0,0,2,0,7,0,0,0,1,0,1,0,0,0,0,0,2,0,0,0,1,0,3,0,0,0,0,0,1,0,0,0,1,0,0,0,1,1,14,1,18,4,1,1,10,1,14,3,0,0,3,0,0,0,1,1,2,1,5,1,0,0,2,0,5,1,0,0,3,0,4,1,0,0,4,0,4,1,0,0,3,1,1,0,0,0,3,1,0,0,0,0,1,0,0,0,0,0,1,1,0,0,0,0,1,0,0,0,0,0,0,0,0,0,0,0,0,0,1,0
14,Feb-09,16932,1,F,F,F,F,F,89.5,NA,NA,81,0,15423,1147,960,335,1671,12,5,1,0,2,1,12,2,4,20,0,26,7,2,4,17,0,21,7,0,0,0,0,0,0,0,1,2,0,9,6,0,1,12,0,8,0,2,2,3,0,4,1,0,0,3,0,5,0,0,0,0,0,1,0,1,3,14,0,19,6,1,3,11,0,15,6,0,0,0,0,0,0,0,1,2,0,6,5,0,1,6,0,7,0,1,1,3,0,2,1,0,0,3,0,4,0,0,0,4,0,4,0,0,0,4,0,4,0,0,0,0,0,0,0,0,0,0,0,2,0,0,0,4,0,0,0,0,0,0,0,2,0,0,0,0,0,0,0,2,4,16,0,22,7,2,4,13,0,17,7,0,0,0,0,0,0,0,1,2,0,7,6,0,1,8,0,8,0,2,2,3,0,2,1,0,0,3,0,5,0,1,1,2,0,3,1,1,1,2,0,2,1,0,0,0,0,0,0,0,0,0,0,1,1,0,0,2,0,1,0,1,1,0,0,0,0,0,0,0,0,1,0
15,Mar-09,18518,1,F,F,F,F,F,89.4,NA,NA,65,0,16648,1312,1048,425,1829,20,4,0,0,3,3,19,0,9,20,0,32,5,0,9,19,0,30,4,0,3,3,0,3,0,0,4,4,0,12,1,0,2,7,0,9,1,0,0,5,0,6,2,0,0,1,0,2,1,0,0,0,0,0,0,0,6,9,0,18,4,0,6,8,0,16,3,0,2,1,0,1,0,0,4,3,0,7,1,0,0,1,0,6,0,0,0,3,0,2,2,0,0,1,0,2,1,0,2,7,0,9,0,0,2,7,0,9,0,0,0,1,0,1,0,0,0,1,0,2,0,0,2,4,0,2,0,0,0,1,0,4,0,0,0,0,0,0,0,0,7,13,0,23,5,0,7,12,0,21,4,0,3,2,0,2,0,0,4,3,0,10,1,0,0,3,0,7,1,0,0,4,0,2,2,0,0,1,0,2,1,0,1,4,0,5,1,0,1,4,0,5,1,0,1,1,0,1,0,0,0,0,0,3,0,0,0,2,0,1,1,0,0,1,0,0,0,0,0,0,0,0,0
16,Apr-09,17599,1,F,F,F,F,F,88.2,NA,NA,107,0,15448,1504,721,343,1645,12,7,3,0,4,1,25,0,6,25,0,29,4,0,6,24,0,27,4,0,1,6,0,3,0,0,2,1,0,8,2,0,2,13,0,8,1,0,1,4,0,8,1,0,0,1,0,2,0,0,0,0,0,1,0,0,6,13,0,20,3,0,6,12,0,19,3,0,1,2,0,1,0,0,2,0,0,7,2,0,2,8,0,4,0,0,1,2,0,7,1,0,0,1,0,1,0,0,0,4,0,4,1,0,0,4,0,4,1,0,0,1,0,1,0,0,0,1,0,0,0,0,0,1,0,3,1,0,0,1,0,0,0,0,0,0,0,0,0,0,6,21,0,25,3,0,6,20,0,23,3,0,1,5,0,2,0,0,2,0,0,8,2,0,2,12,0,5,0,0,1,3,0,8,1,0,0,1,0,2,0,0,0,8,0,5,0,0,0,8,0,4,0,0,0,3,0,1,0,0,0,0,0,1,0,0,0,4,0,1,0,0,0,1,0,1,0,0,0,0,0,1,0
17,May-09,17032,1,F,F,F,F,F,87.2,NA,NA,92,0,15136,1205,665,308,1641,19,8,3,0,5,0,24,0,6,25,0,31,5,0,6,23,0,30,4,0,0,1,0,3,1,0,2,5,0,5,1,0,3,12,0,11,0,0,1,5,0,11,2,0,0,2,0,1,1,0,0,1,0,0,0,0,4,16,0,14,4,0,4,15,0,13,3,0,0,0,0,2,1,0,1,2,0,1,0,0,2,9,0,4,0,0,1,4,0,6,2,0,0,1,0,1,1,0,1,7,0,7,0,0,1,7,0,7,0,0,0,1,0,1,0,0,0,3,0,2,0,0,1,3,0,2,0,0,0,0,0,2,0,0,0,0,0,0,0,0,5,18,0,24,5,0,5,16,0,23,4,0,0,0,0,2,1,0,2,2,0,3,1,0,2,9,0,9,0,0,1,5,0,9,2,0,0,2,0,1,1,0,1,2,0,10,1,0,1,1,0,10,1,0,0,0,0,0,0,0,1,0,0,2,1,0,0,0,0,5,0,0,0,1,0,3,0,0,0,1,0,0,0
18,Jun-09,18054,1,F,F,F,F,F,88.8,NA,NA,92,0,15983,1320,1030,404,2437,25,11,4,0,4,0,29,0,12,24,0,23,5,0,11,24,0,21,4,0,1,1,0,4,2,0,6,2,0,6,2,0,1,18,0,5,0,0,3,3,0,6,0,0,1,0,0,2,1,0,1,0,0,1,0,0,9,12,0,14,4,0,9,12,0,13,3,0,1,0,0,2,1,0,4,1,0,3,2,0,1,8,0,2,0,0,3,3,0,6,0,0,0,0,0,1,1,0,0,7,0,7,0,0,0,7,0,6,0,0,0,0,0,1,0,0,0,0,0,2,0,0,0,7,0,3,0,0,0,0,0,0,0,0,0,0,0,1,0,0,12,17,0,16,5,0,11,17,0,15,4,0,1,1,0,3,2,0,6,2,0,4,2,0,1,11,0,2,0,0,3,3,0,6,0,0,1,0,0,1,1,0,3,5,0,2,1,0,2,5,0,2,1,0,0,1,0,1,1,0,2,1,0,1,0,0,0,3,0,0,0,0,0,0,0,0,0,0,1,0,0,0,0
19,Jul-09,17576,1,F,F,F,F,F,87.2,NA,NA,160,0,12734,1235,934,406,2033,24,6,4,0,3,1,28,2,14,27,1,29,4,2,11,25,1,29,4,0,1,4,0,2,0,1,2,2,0,4,1,1,3,13,1,13,0,0,5,6,0,10,3,0,3,2,0,0,0,0,0,0,0,0,0,2,12,19,1,18,3,2,9,17,1,18,3,0,1,2,0,2,0,1,1,2,0,2,1,1,3,8,1,8,0,0,4,5,0,6,2,0,3,2,0,0,0,0,0,5,0,7,0,0,0,5,0,7,0,0,0,1,0,0,0,0,0,0,0,2,0,0,0,4,0,2,0,0,0,0,0,3,0,0,0,0,0,0,0,2,14,22,1,22,4,2,11,20,1,22,4,0,1,3,0,2,0,1,2,2,0,2,1,1,3,9,1,11,0,0,5,6,0,7,3,0,3,2,0,0,0,0,2,3,0,4,1,0,2,3,0,4,1,0,0,1,0,0,0,0,1,0,0,0,0,0,0,1,0,3,0,0,1,1,0,1,1,0,0,0,0,0,0
20,Aug-09,13136,1,F,F,F,F,F,84.3,NA,NA,130,0,9517,926,736,303,1284,29,2,0,0,2,0,24,0,23,28,1,27,6,0,22,28,0,27,6,0,5,2,0,2,1,0,8,2,0,8,3,0,4,21,0,11,2,0,5,3,0,6,0,0,1,0,1,0,0,0,0,0,0,0,0,0,19,14,1,21,6,0,18,14,0,21,6,0,5,1,0,2,1,0,6,1,0,6,3,0,3,10,0,8,2,0,4,2,0,5,0,0,1,0,1,0,0,0,0,10,0,4,0,0,0,10,0,4,0,0,0,1,0,0,0,0,0,1,0,1,0,0,0,7,0,2,0,0,0,1,0,1,0,0,0,0,0,0,0,0,23,18,1,23,6,0,22,18,0,23,6,0,5,1,0,2,1,0,8,1,0,7,3,0,4,14,0,9,2,0,5,2,0,5,0,0,1,0,1,0,0,0,4,4,0,2,0,0,4,4,0,2,0,0,0,0,0,0,0,0,2,0,0,1,0,0,1,4,0,1,0,0,1,0,0,0,0,0,0,0,0,0,0
21,Sep-09,16801,1,F,F,F,F,F,83.1,NA,NA,175,0,10659,1192,892,270,1906,28,11,2,0,0,3,27,2,23,30,1,30,4,1,22,29,1,29,4,0,0,1,0,1,0,1,12,9,0,5,2,0,5,13,0,10,1,0,5,6,1,13,1,1,1,1,0,1,0,0,1,0,0,0,0,2,20,15,1,21,2,1,20,14,1,20,2,0,0,0,0,1,0,1,11,6,0,5,1,0,4,3,0,6,0,0,5,5,1,8,1,1,0,1,0,1,0,0,0,11,0,7,0,0,0,11,0,7,0,0,0,1,0,0,0,0,0,2,0,0,0,0,0,8,0,3,0,0,0,0,0,4,0,0,0,0,0,0,0,2,23,19,1,23,4,1,22,18,1,22,4,0,0,0,0,1,0,1,12,7,0,5,2,0,5,5,0,7,1,0,5,6,1,9,1,1,1,1,0,1,0,0,3,4,0,2,2,0,2,4,0,2,2,0,0,0,0,0,0,0,1,1,0,0,1,0,1,2,0,1,1,0,0,1,0,1,0,0,1,0,0,0,0
22,Oct-09,19259,1,F,F,F,F,F,88,NA,NA,196,0,13635,1519,1151,363,2114,24.00000001,7,8,0,4,3,39,4,24,34,0,37,5,4,24,32,0,35,5,0,2,2,0,3,0,1,7,6,0,15,4,2,7,14,0,6,0,1,8,10,0,11,1,0,0,2,0,2,0,0,0,0,0,0,0,2,19,18,0,22,4,2,19,16,0,20,4,0,2,1,0,3,0,1,6,3,0,8,3,1,3,5,0,1,0,0,8,7,0,8,1,0,0,2,0,2,0,2,0,8,0,11,0,2,0,8,0,11,0,0,0,0,0,0,0,0,0,2,0,4,0,1,0,5,0,4,0,1,0,1,0,3,0,0,0,0,0,0,0,2,24,26,0,26,5,2,24,24,0,24,5,0,2,2,0,3,0,1,7,4,0,11,4,1,7,9,0,2,0,0,8,9,0,8,1,0,0,2,0,2,0,0,5,8,0,4,1,0,5,8,0,4,1,0,0,1,0,0,0,0,1,1,0,3,1,0,4,4,0,1,0,0,0,2,0,0,0,0,0,0,0,0,0
23,Nov-09,18177,1,F,F,F,F,F,87.9,NA,NA,225,0,13795,1435,1070,341,2014,26.99999999,11,6,0,5,2,27,1,14,22,0,24,2,1,11,21,0,22,2,0,0,2,0,2,0,0,3,4,0,7,0,1,6,10,0,5,2,0,2,5,0,8,0,0,3,1,0,2,0,0,0,1,0,0,0,1,13,8,0,18,1,1,10,8,0,16,1,0,0,0,0,2,0,0,2,2,0,5,0,1,6,3,0,5,1,0,2,3,0,4,0,0,3,0,0,2,0,0,0,7,0,4,0,0,0,6,0,4,0,0,0,1,0,0,0,0,0,2,0,1,0,0,0,3,0,0,0,0,0,0,0,3,0,0,0,1,0,0,0,1,14,15,0,20,2,1,11,15,0,18,2,0,0,1,0,2,0,0,3,2,0,6,0,1,6,7,0,5,2,0,2,5,0,5,0,0,3,0,0,2,0,0,1,7,0,2,1,0,1,7,0,2,1,0,0,1,0,0,0,0,1,0,0,1,0,0,0,4,0,0,1,0,0,2,0,1,0,0,0,0,0,0,0
24,Dec-09,18681,1,F,F,F,F,F,87.3,NA,NA,259,0,14431,1640,926,336,2398,39,4,0,0,4,1,24,2,9,33,0,25,3,2,9,32,0,25,3,0,2,4,0,2,0,0,4,4,0,9,2,1,2,18,0,11,0,1,1,6,0,3,1,0,0,1,0,0,0,0,0,0,0,0,0,1,9,18,0,18,3,1,9,17,0,18,3,0,2,0,0,1,0,0,4,2,0,8,2,0,2,11,0,7,0,1,1,4,0,2,1,0,0,1,0,0,0,1,0,8,0,5,0,1,0,8,0,5,0,0,0,3,0,1,0,0,0,0,0,0,0,1,0,3,0,3,0,0,0,2,0,1,0,0,0,0,0,0,0,1,9,25,0,20,3,1,9,24,0,20,3,0,2,1,0,1,0,0,4,4,0,9,2,0,2,15,0,8,0,1,1,4,0,2,1,0,0,1,0,0,0,0,0,7,0,2,0,0,0,7,0,2,0,0,0,1,0,0,0,0,0,2,0,1,0,0,0,4,0,1,0,0,0,0,0,0,0,0,0,0,0,0,0
25,Jan-10,16904,1,F,F,F,F,F,88.3,NA,NA,205,0,12960,1462,902,319,2292,27.00000001,9,1,0,0,2,24,0,20,38,0,30,7,0,20,36,0,29,7,0,0,4,0,2,1,0,10,3,0,7,2,0,6,19,0,11,2,0,4,10,0,9,2,0,0,2,0,1,0,0,0,0,0,0,0,0,18,29,0,18,6,0,18,27,0,17,6,0,0,3,0,1,1,0,9,3,0,3,2,0,6,12,0,6,1,0,3,9,0,7,2,0,0,2,0,1,0,0,0,6,0,7,0,0,0,6,0,7,0,0,0,1,0,1,0,0,0,0,0,1,0,0,0,4,0,5,0,0,0,1,0,0,0,0,0,0,0,0,0,0,20,32,0,23,7,0,20,30,0,22,7,0,0,3,0,1,1,0,10,3,0,6,2,0,6,15,0,6,2,0,4,9,0,9,2,0,0,2,0,1,0,0,2,3,0,5,1,0,2,3,0,5,1,0,0,0,0,0,0,0,1,0,0,3,0,0,0,3,0,0,1,0,1,0,0,2,0,0,0,0,0,0,0
26,Feb-10,16904,1,F,F,F,F,F,89.3,NA,NA,153,0,12997,1480,900,300,2271,24,3,7,0,2,0,20,1,4,27,1,29,9,1,4,25,1,26,8,1,0,2,0,1,2,0,2,3,0,5,2,0,1,16,1,13,1,0,1,4,0,7,3,0,0,2,0,3,1,0,0,0,0,1,1,1,4,14,1,19,7,1,4,12,1,17,7,1,0,2,0,1,2,0,2,1,0,4,1,0,1,5,1,8,1,0,1,4,0,4,3,0,0,2,0,2,0,0,0,8,0,7,1,0,0,8,0,7,0,0,0,0,0,0,0,0,0,1,0,1,0,0,0,7,0,3,0,0,0,0,0,3,0,0,0,0,0,0,1,1,4,19,1,22,8,1,4,17,1,19,8,1,0,2,0,1,2,0,2,2,0,4,2,0,1,9,1,10,1,0,1,4,0,4,3,0,0,2,0,3,0,0,0,5,0,3,1,0,0,5,0,2,1,0,0,0,0,0,0,0,0,1,0,0,1,0,0,4,0,2,0,0,0,0,0,0,0,0,0,0,0,1,0
27,Mar-10,20343,1,F,F,F,F,F,84.5,NA,NA,159,0,15845,1623,1013,339,2843,24,7,1,0,7,4,20,0,10,30,3,32,5,0,9,28,3,30,5,0,0,2,1,2,1,0,3,9,0,10,2,0,1,12,2,9,2,0,5,5,0,9,0,0,1,2,0,2,0,0,1,1,0,0,0,0,9,22,3,23,5,0,9,21,3,21,5,0,0,2,1,2,1,0,3,5,0,7,2,0,1,9,2,8,2,0,5,5,0,4,0,0,0,1,0,2,0,0,1,4,0,2,0,0,0,4,0,2,0,0,0,0,0,0,0,0,0,3,0,0,0,0,0,1,0,1,0,0,0,0,0,1,0,0,1,0,0,0,0,0,9,26,3,30,5,0,9,24,3,28,5,0,0,2,1,2,1,0,3,6,0,10,2,0,1,11,2,8,2,0,5,5,0,8,0,0,0,2,0,2,0,0,0,4,0,7,0,0,0,3,0,7,0,0,0,0,0,0,0,0,0,1,0,3,0,0,0,2,0,0,0,0,0,0,0,4,0,0,0,1,0,0,0
28,Apr-10,17751,1,F,F,F,F,F,83,NA,NA,184,0,14006,1398,848,315,2582,19.99999999,6,6,0,4,0,28,3,11,28,1,23,10,1,11,25,1,19,8,0,1,1,0,1,2,1,6,6,0,4,2,0,3,9,0,9,4,0,1,9,1,5,0,2,0,3,0,4,2,0,0,1,0,3,1,3,10,18,1,10,6,1,10,16,1,9,5,0,1,0,0,1,2,1,6,5,0,2,2,0,2,4,0,2,1,0,1,7,1,4,0,2,0,2,0,1,1,0,0,4,0,5,2,0,0,4,0,4,2,0,0,0,0,0,0,0,0,0,0,0,0,0,0,3,0,3,2,0,0,1,0,1,0,0,0,0,0,1,0,3,11,24,1,18,8,1,11,21,1,15,6,0,1,1,0,1,2,1,6,6,0,4,2,0,3,6,0,6,2,0,1,8,1,4,0,2,0,3,0,3,2,0,1,6,0,8,2,0,1,5,0,6,1,0,0,1,0,0,0,0,0,1,0,2,0,0,1,2,0,4,1,0,0,1,0,0,0,0,0,1,0,2,1
29,May-10,19197,1,F,F,F,F,F,83,NA,NA,163,0,14526,1491,873,360,2837,20.00000001,11,2,0,6,1,31,2,9,29,2,34,8,1,9,26,2,28,8,0,1,1,1,3,1,0,6,1,0,4,4,0,2,13,1,10,3,1,0,11,0,11,0,1,0,3,0,6,0,1,0,1,0,3,0,1,8,20,0,23,7,1,8,18,0,20,7,0,1,0,0,3,1,0,5,1,0,3,4,0,2,9,0,7,2,1,0,8,0,7,0,0,0,2,0,3,0,0,0,5,1,7,1,0,0,4,1,4,1,0,0,0,0,0,0,0,0,0,0,0,0,0,0,3,1,1,1,0,0,1,0,3,0,0,0,1,0,3,0,2,9,24,1,27,7,1,9,22,1,24,7,0,1,1,1,3,1,0,6,1,0,4,4,0,2,10,0,9,2,1,0,10,0,8,0,1,0,2,0,3,0,1,1,4,1,4,0,0,1,4,1,4,0,0,0,1,1,0,0,0,1,0,0,1,0,0,0,1,0,2,0,0,0,2,0,1,0,1,0,0,0,0,0
30,Jun-10,18737,1,F,F,F,F,F,82.5,NA,NA,188,0,13968,1433,916,309,2827,27.99999999,14,4,0,2,5,39,2,11,30,2,25,10,2,11,29,2,24,10,0,1,4,1,1,3,1,3,4,0,5,3,0,5,13,1,11,3,1,2,8,0,7,1,0,0,1,0,1,0,0,0,0,0,0,0,1,11,23,2,17,8,1,11,22,2,16,8,0,1,3,1,1,2,1,3,3,0,3,2,0,5,9,1,6,3,0,2,7,0,6,1,0,0,1,0,1,0,1,0,4,0,2,1,1,0,4,0,2,1,0,0,0,0,0,0,0,0,1,0,0,1,0,0,3,0,2,0,1,0,0,0,0,0,0,0,0,0,0,0,1,11,26,2,23,9,1,11,25,2,22,9,0,1,4,1,1,3,1,3,3,0,5,2,0,5,10,1,9,3,0,2,8,0,7,1,0,0,1,0,1,0,0,0,3,0,6,1,0,0,3,0,6,1,0,0,1,0,0,1,0,0,0,0,2,0,0,0,1,0,3,0,0,0,1,0,1,0,0,0,0,0,0,0
31,Jul-10,16848,1,F,F,F,F,F,83.7,NA,NA,210,0,12414,1310,897,281,2565,31.00000001,7,5,0,4,4,33,2,17,26,4,41,6,1,15,23,4,30,6,0,1,2,1,1,2,1,5,5,0,6,3,0,6,14,3,7,0,0,3,2,0,16,1,1,2,3,0,11,0,0,0,2,0,6,0,2,11,14,2,25,4,1,9,13,2,20,4,0,1,1,1,0,1,1,3,4,0,3,3,0,3,7,1,6,0,0,2,1,0,11,0,1,2,1,0,5,0,0,2,10,0,11,1,0,2,8,0,6,1,0,0,0,0,0,0,0,0,1,0,3,0,0,1,6,0,0,0,0,1,1,0,3,1,0,0,2,0,5,0,2,15,16,4,30,5,1,13,15,4,24,5,0,1,2,1,1,2,1,5,4,0,3,3,0,5,8,3,7,0,0,2,1,0,13,0,1,2,1,0,6,0,0,4,2,2,5,1,0,4,2,2,4,1,0,0,1,0,1,1,0,2,0,0,0,0,0,2,1,2,1,0,0,0,0,0,2,0,0,0,0,0,1,0
32,Aug-10,14334,1,F,F,F,F,F,80,NA,NA,152,0,10528,1115,812,223,2183,39.00000001,7,3,0,4,2,26,0,13,38,1,30,5,0,10,33,0,23,5,0,1,1,0,3,1,0,2,3,0,4,3,0,4,16,0,5,0,0,3,13,0,11,1,0,3,5,1,7,0,0,1,3,0,2,0,0,11,20,1,21,4,0,9,18,0,16,4,0,1,0,0,1,1,0,1,2,0,3,3,0,4,7,0,4,0,0,3,9,0,8,0,0,2,2,1,5,0,0,0,8,0,3,0,0,0,5,0,1,0,0,0,0,0,0,0,0,0,0,0,0,0,0,0,3,0,0,0,0,0,2,0,1,0,0,0,3,0,2,0,0,13,30,1,27,5,0,10,28,0,22,5,0,1,1,0,3,1,0,2,3,0,4,3,0,4,13,0,5,0,0,3,11,0,10,1,0,3,2,1,5,0,0,2,10,0,6,1,0,1,10,0,6,1,0,0,1,0,2,0,0,1,1,0,1,0,0,0,6,0,1,0,0,0,2,0,2,1,0,1,0,0,0,0
33,Sep-10,15131,1,F,F,F,F,F,81.2,NA,NA,217,0,11096,1207,655,252,2534,32.99999999,10,5,0,3,1,39,4,5,36,1,37,10,2,5,29,1,31,10,1,1,4,0,3,0,0,1,2,0,8,4,1,1,9,0,10,2,0,2,14,1,10,4,2,0,7,0,6,0,1,0,2,0,3,0,1,4,19,1,21,6,0,4,14,1,18,6,0,1,1,0,1,0,0,1,2,0,4,2,0,0,3,0,8,1,0,2,8,1,5,3,1,0,5,0,3,0,2,0,10,0,8,1,1,0,9,0,6,1,0,0,2,0,0,0,0,0,0,0,3,1,1,0,5,0,0,0,0,0,2,0,3,0,1,0,1,0,2,0,2,5,26,1,29,9,1,5,20,1,25,9,1,1,2,0,3,0,0,1,2,0,5,3,0,1,4,0,10,2,0,2,12,1,7,4,1,0,6,0,4,0,1,1,7,0,8,3,1,1,6,0,7,3,1,0,1,0,2,0,0,0,0,0,1,1,0,1,1,0,2,1,0,0,4,0,2,1,0,0,1,0,1,0
34,Oct-10,18416,1,F,F,F,F,F,85.3,NA,NA,233,0,14160,1491,917,246,3294,25.99999999,7,4,0,2,4,28,0,18,34,0,31,7,0,16,33,0,30,6,0,1,4,0,0,2,0,5,4,0,10,2,0,5,13,0,7,2,0,5,12,0,13,0,0,2,1,0,1,1,0,0,0,0,0,0,0,15,18,0,19,6,0,13,17,0,18,5,0,1,2,0,0,2,0,3,4,0,5,2,0,5,5,0,5,1,0,4,6,0,8,0,0,2,1,0,1,1,0,0,11,0,6,0,0,0,11,0,6,0,0,0,1,0,0,0,0,0,0,0,2,0,0,0,5,0,1,0,0,0,5,0,3,0,0,0,0,0,0,0,0,18,23,0,25,7,0,16,22,0,24,6,0,1,3,0,0,2,0,5,4,0,8,2,0,5,8,0,6,2,0,5,7,0,10,0,0,2,1,0,1,1,0,3,5,0,6,1,0,3,5,0,6,1,0,0,1,0,0,0,0,2,0,0,3,0,0,0,3,0,1,1,0,1,1,0,2,0,0,0,0,0,0,0
35,Nov-10,19144,1,F,F,F,F,F,88.7,NA,NA,186,0,15294,1573,872,229,3616,38.99999999,7,8,0,1,2,35,6,10,33,2,28,10,5,9,30,2,28,9,0,1,6,0,1,0,2,3,5,0,9,1,0,3,13,1,6,4,3,2,6,1,12,4,1,1,3,0,0,1,1,1,2,0,0,1,3,9,22,2,12,6,3,9,21,2,12,6,0,1,5,0,0,0,1,3,3,0,3,0,0,3,7,1,1,3,2,2,6,1,8,3,0,0,1,0,0,0,2,1,9,0,4,1,1,0,7,0,4,1,0,0,1,0,0,0,0,0,1,0,0,0,0,0,5,0,1,1,1,0,0,0,3,0,1,1,2,0,0,0,4,9,24,2,24,9,4,9,23,2,24,8,0,1,5,0,1,0,2,3,4,0,9,1,0,3,8,1,5,3,2,2,6,1,9,4,0,0,1,0,0,1,1,0,2,0,12,3,1,0,2,0,12,2,0,0,0,0,1,0,1,0,1,0,6,1,0,0,1,0,4,0,0,0,0,0,1,1,0,0,0,0,0,1
36,Dec-10,14995,1,F,F,F,F,F,87.2,NA,NA,202,0,12492,1267,640,164,2889,27.99999999,11,1,0,4,0,23,0,11,20,0,22,11,0,10,18,0,21,10,0,0,0,0,2,1,0,6,2,0,4,4,0,1,5,0,8,0,0,3,11,0,7,5,0,1,2,0,1,1,0,0,0,0,0,0,0,10,16,0,18,9,0,9,14,0,17,8,0,0,0,0,1,1,0,6,2,0,4,3,0,1,4,0,7,0,0,2,8,0,5,4,0,1,2,0,1,1,0,1,4,0,2,0,0,1,4,0,2,0,0,0,0,0,1,0,0,0,0,0,0,0,0,0,1,0,0,0,0,1,3,0,1,0,0,0,0,0,0,0,0,10,16,0,20,11,0,9,14,0,19,10,0,0,0,0,1,1,0,6,2,0,4,4,0,1,4,0,8,0,0,2,8,0,6,5,0,1,2,0,1,1,0,0,0,0,2,2,0,0,0,0,2,2,0,0,0,0,0,0,0,0,0,0,0,1,0,0,0,0,1,0,0,0,0,0,1,1,0,0,0,0,0,0
37,Jan-11,16964,1,F,F,F,F,F,86.3,NA,NA,169,0,13892,1489,680,232,3370,35,5,3,0,3,2,16,0,11,19,0,20,12,0,11,17,0,18,12,0,1,1,0,1,1,0,5,1,0,6,1,0,2,11,0,5,9,0,3,4,0,6,1,0,0,2,0,2,0,0,0,1,0,1,0,0,10,13,0,14,10,0,10,12,0,13,10,0,1,1,0,1,1,0,5,1,0,3,1,0,2,7,0,3,7,0,2,3,0,6,1,0,0,1,0,1,0,0,1,3,0,5,1,0,1,2,0,5,1,0,0,0,0,0,0,0,0,0,0,3,0,0,0,1,0,2,1,0,1,1,0,0,0,0,0,1,0,0,0,0,10,16,0,15,11,0,10,15,0,13,11,0,1,1,0,1,1,0,5,1,0,3,1,0,2,10,0,3,8,0,2,3,0,6,1,0,0,1,0,2,0,0,0,3,0,1,1,0,0,3,0,0,1,0,0,0,0,0,0,0,0,0,0,0,0,0,0,3,0,0,1,0,0,0,0,0,0,0,0,0,0,1,0
38,Feb-11,16963,1,F,F,F,F,F,88.3,NA,NA,215,0,13587,1435,736,301,3336,23,8,1,0,7,1,23,0,8,17,0,35,13,0,8,17,0,34,12,0,4,0,0,2,2,0,2,2,0,8,3,0,1,13,0,6,6,0,1,2,0,18,1,0,0,0,0,1,1,0,0,0,0,0,0,0,7,10,0,26,12,0,7,10,0,25,11,0,4,0,0,1,2,0,2,2,0,6,3,0,1,7,0,6,6,0,0,1,0,12,0,0,0,0,0,1,1,0,0,3,0,3,0,0,0,3,0,3,0,0,0,0,0,0,0,0,0,0,0,1,0,0,0,3,0,0,0,0,0,0,0,2,0,0,0,0,0,0,0,0,8,14,0,32,13,0,8,14,0,31,12,0,4,0,0,2,2,0,2,2,0,7,3,0,1,10,0,6,6,0,1,2,0,16,1,0,0,0,0,1,1,0,1,4,0,6,1,0,1,4,0,6,1,0,0,0,0,1,0,0,0,0,0,1,0,0,0,3,0,0,0,0,1,1,0,4,1,0,0,0,0,0,0
39,Mar-11,19149,1,F,F,F,F,F,85.5,NA,NA,197,0,15109,1660,831,278,3571,16,11,3,0,3,5,27,1,10,25,1,34,12,1,10,22,1,31,12,0,0,2,0,2,2,1,7,4,0,8,2,0,1,9,0,12,4,0,2,7,1,9,4,0,0,3,0,3,0,0,0,1,0,2,0,1,9,16,0,20,11,1,9,14,0,19,11,0,0,0,0,1,2,1,6,3,0,5,2,0,1,6,0,7,4,0,2,5,0,6,3,0,0,2,0,1,0,0,1,2,0,8,0,0,1,2,0,6,0,0,0,1,0,0,0,0,1,0,0,1,0,0,0,1,0,4,0,0,0,0,0,1,0,0,0,0,0,2,0,1,9,23,1,26,12,1,9,20,1,25,12,0,0,1,0,2,2,1,6,4,0,7,2,0,1,8,0,8,4,0,2,7,1,8,4,0,0,3,0,1,0,0,0,7,1,6,1,0,0,6,1,6,1,0,0,1,0,1,0,0,0,1,0,2,0,0,0,2,0,1,0,0,0,2,1,2,1,0,0,1,0,0,0
40,Apr-11,17893,1,F,F,F,F,F,84,NA,NA,163,0,13903,1488,756,318,3201,23,10,8,0,8,2,34,0,12,23,1,27,16,0,12,23,1,25,16,0,1,4,0,0,2,0,7,5,0,12,5,0,1,9,1,11,6,0,3,5,0,2,3,0,0,0,0,2,0,0,0,0,0,2,0,0,11,16,1,13,11,0,11,16,1,13,11,0,1,2,0,0,2,0,6,5,0,7,3,0,1,5,1,6,3,0,3,4,0,0,3,0,0,0,0,0,0,0,1,4,0,10,2,0,1,4,0,8,2,0,0,1,0,0,0,0,1,0,0,2,2,0,0,3,0,4,0,0,0,0,0,2,0,0,0,0,0,2,0,0,11,19,1,17,14,0,11,19,1,17,14,0,1,3,0,0,2,0,6,5,0,10,3,0,1,6,1,7,6,0,3,5,0,0,3,0,0,0,0,0,0,0,0,3,0,4,3,0,0,3,0,4,3,0,0,1,0,0,0,0,0,0,0,3,0,0,0,1,0,1,3,0,0,1,0,0,0,0,0,0,0,0,0
41,May-11,18962,1,F,F,F,F,F,83,NA,NA,229,0,14580,1496,781,206,3181,26.99999999,14,7,0,6,1,39,0,11,19,4,44,5,0,11,16,4,37,4,0,2,4,0,4,0,0,5,1,1,15,4,0,2,9,3,8,0,0,2,2,0,10,0,0,0,3,0,7,1,0,0,0,0,5,0,0,10,12,1,23,2,0,10,9,1,21,1,0,2,1,0,0,0,0,4,0,1,11,1,0,2,7,0,3,0,0,2,1,0,7,0,0,0,3,0,2,1,0,0,5,3,13,0,0,0,5,3,9,0,0,0,2,0,2,0,0,0,1,0,1,0,0,0,1,3,4,0,0,0,1,0,2,0,0,0,0,0,4,0,0,11,14,1,31,5,0,11,11,1,28,4,0,2,2,0,2,0,0,5,0,1,14,4,0,2,8,0,4,0,0,2,1,0,8,0,0,0,3,0,3,1,0,1,2,0,8,3,0,1,2,0,7,3,0,0,1,0,2,0,0,1,0,0,3,3,0,0,1,0,1,0,0,0,0,0,1,0,0,0,0,0,1,0
42,Jun-11,18188,1,F,F,F,F,F,83.5,NA,NA,223,0,13972,1435,809,358,2966,34,13,3,0,3,1,31,1,6,26,3,25,7,1,5,24,3,25,7,1,1,3,0,1,2,0,2,3,0,6,2,0,0,12,2,10,2,0,2,6,1,8,1,0,1,2,0,0,0,0,0,0,0,0,0,0,6,16,1,14,5,0,5,14,1,14,5,0,1,2,0,0,2,0,2,2,0,4,1,0,0,7,0,7,2,0,2,3,1,3,0,0,1,2,0,0,0,1,0,7,1,6,0,1,0,7,1,6,0,1,0,1,0,0,0,0,0,1,0,2,0,0,0,2,1,1,0,0,0,3,0,3,0,0,0,0,0,0,0,0,6,19,2,19,7,0,5,17,2,19,7,0,1,2,0,1,2,0,2,2,0,4,2,0,0,10,1,9,2,0,2,3,1,5,1,0,1,2,0,0,0,0,0,3,1,5,2,0,0,3,1,5,2,0,0,0,0,1,0,0,0,0,0,0,1,0,0,3,1,2,0,0,0,0,0,2,1,0,0,0,0,0,0
43,Jul-11,16985,1,F,F,F,F,F,84.7,NA,NA,149,0,13080,1355,737,317,2790,39,9,2,0,3,1,28,0,12,27,15,36,14,0,10,26,11,35,13,0,2,2,1,3,2,0,5,5,1,9,2,0,2,15,9,8,6,0,1,4,0,15,3,0,2,1,4,1,1,0,0,0,0,1,1,0,6,15,13,21,10,0,4,14,9,21,10,0,2,1,1,1,2,0,1,4,1,7,2,0,0,7,7,5,5,0,1,2,0,8,1,0,2,1,4,0,0,0,4,5,1,9,1,0,4,5,1,8,1,0,0,0,0,2,0,0,3,1,0,2,0,0,1,3,1,0,0,0,0,1,0,4,1,0,0,0,0,1,0,0,8,22,14,27,13,0,6,21,10,27,12,0,2,2,1,1,2,0,2,4,1,7,2,0,1,12,8,8,6,0,1,3,0,11,2,0,2,1,4,0,1,0,2,7,1,6,3,0,2,7,1,6,2,0,0,1,0,0,0,0,1,0,0,0,0,0,1,5,1,3,1,0,0,1,0,3,1,0,0,0,0,0,1
44,Aug-11,14220,1,F,F,F,F,F,84,NA,NA,151,0,10934,1106,695,267,2418,30.99999999,8,5,0,4,1,31,2,14,27,17,30,15,2,11,23,11,29,11,0,0,2,2,2,2,0,8,4,0,6,2,1,1,12,5,9,6,1,2,5,4,12,1,0,3,4,6,1,4,0,1,2,0,1,0,2,11,18,14,22,10,2,9,16,8,22,6,0,0,2,2,2,0,0,7,4,0,3,2,1,0,7,3,7,3,1,2,3,3,10,1,0,2,2,6,0,4,0,2,1,1,3,2,0,1,1,1,2,2,0,0,0,0,0,0,0,1,0,0,1,0,0,0,1,0,0,2,0,0,0,1,1,0,0,1,0,0,1,0,2,12,26,16,27,13,2,10,22,10,27,9,0,0,2,2,2,2,0,7,4,0,5,2,1,1,11,5,9,4,1,2,5,3,11,1,0,2,4,6,0,4,0,1,8,2,5,3,0,1,6,2,5,3,0,0,0,0,0,2,0,0,0,0,2,0,0,1,4,2,2,1,0,0,2,0,1,0,0,0,2,0,0,0
45,Sep-11,16120,1,F,F,F,F,F,86.2,NA,NA,216,180,12198,1179,735,304,3024,28,12,5,0,5,2,35,1,12,41,18,28,16,0,10,37,11,25,13,0,1,9,1,1,1,0,5,4,1,7,3,0,4,16,8,6,9,0,0,8,1,11,0,1,2,4,7,3,3,0,0,1,0,0,1,1,11,23,16,17,11,0,9,20,9,14,9,0,1,3,1,0,1,0,5,2,1,5,2,0,3,12,6,4,6,0,0,3,1,5,0,1,2,3,7,3,2,0,0,13,1,7,0,0,0,13,1,7,0,0,0,4,0,0,0,0,0,1,0,2,0,0,0,3,1,1,0,0,0,5,0,4,0,0,0,0,0,0,0,1,12,28,17,21,16,0,10,24,10,18,13,0,1,5,1,1,1,0,5,3,1,5,3,0,4,13,7,5,9,0,0,3,1,7,0,1,2,4,7,3,3,0,1,5,1,4,5,0,1,4,1,4,4,0,0,2,0,1,0,0,0,1,0,0,1,0,1,1,1,1,3,0,0,0,0,2,0,0,0,1,0,0,1
46,Oct-11,18317,1,F,F,F,F,F,88.3,NA,NA,206,200,14450,1289,912,362,3276,30.99999999,10,3,0,4,2,29,8,10,26,12,35,10,6,9,25,7,34,9,1,2,3,2,0,0,0,2,6,1,9,3,1,4,9,3,8,3,4,1,7,1,17,3,2,1,1,5,1,1,0,0,1,0,0,1,7,8,14,11,19,4,5,7,14,6,18,4,1,2,2,1,0,0,0,2,3,1,5,1,0,2,5,3,4,2,4,1,4,1,9,1,2,1,0,5,1,0,0,0,6,0,11,1,0,0,5,0,11,1,0,0,0,0,0,0,0,0,1,0,3,1,0,0,1,0,3,0,0,0,3,0,5,0,0,0,1,0,0,0,8,10,20,12,24,9,6,9,20,7,23,8,1,2,3,2,0,0,0,2,5,1,6,2,1,4,8,3,5,3,4,1,4,1,12,3,2,1,0,5,1,1,1,2,6,1,5,5,1,2,6,1,5,4,0,0,1,1,0,0,0,0,2,0,1,1,1,2,3,0,1,1,0,0,0,0,3,2,0,0,0,0,0,1
47,Nov-11,18637,1,F,F,F,F,F,89.7,NA,3.33,195,180,14911,1284,933,374,3360,35,8,2,0,6,1,27,1,9,23,22,24,10,1,8,22,13,23,7,0,2,3,1,0,0,0,5,5,0,9,0,0,0,10,11,7,1,1,1,4,1,7,6,0,1,1,9,1,3,0,0,0,3,0,0,1,7,11,14,16,9,1,6,10,8,15,6,0,2,0,0,0,0,0,3,3,0,7,0,0,0,4,8,4,0,1,1,3,0,4,6,0,1,1,6,1,3,0,1,6,4,6,0,0,1,6,2,6,0,0,0,2,1,0,0,0,1,1,0,2,0,0,0,3,1,2,0,0,0,0,0,2,0,0,0,0,2,0,0,1,8,17,18,18,10,1,7,16,11,17,7,0,2,1,0,0,0,0,4,4,0,7,0,0,0,7,10,5,1,1,1,4,1,5,6,0,1,1,7,1,3,0,1,6,4,2,1,0,1,6,3,2,1,0,0,1,0,0,0,0,1,1,0,0,0,0,0,3,2,1,1,0,0,1,1,1,0,0,0,0,1,0,0
48,Dec-11,19143,1,F,F,F,F,F,90.2,NA,3.33,226,190,14539,1234,838,384,3598,29,5,2,0,9,0,20,0,6,25,7,21,15,0,2,22,2,19,11,0,0,0,1,1,1,0,1,6,0,5,3,0,0,12,1,7,6,0,1,4,0,6,1,0,4,3,5,2,4,0,0,2,0,1,0,0,5,10,7,15,12,0,1,9,2,14,8,0,0,0,1,0,0,0,0,1,0,5,3,0,0,5,1,5,4,0,1,3,0,4,1,0,4,1,5,1,4,0,1,8,0,6,0,0,1,8,0,5,0,0,0,0,0,1,0,0,1,4,0,0,0,0,0,3,0,2,0,0,0,1,0,2,0,0,0,0,0,1,0,0,5,17,7,15,15,0,1,14,2,14,11,0,0,0,1,0,1,0,0,2,0,5,3,0,0,9,1,5,6,0,1,3,0,4,1,0,4,3,5,1,4,0,0,7,0,0,3,0,0,5,0,0,3,0,0,0,0,0,1,0,0,1,0,0,0,0,0,4,0,0,2,0,0,0,0,0,0,0,0,2,0,0,0
49,Jan-12,16043,1,F,F,F,F,F,98.3,NA,3.33,141,200,13402,1118,874,293,3168,26.99999999,6,2,0,5,4,28,1,12,25,19,23,17,1,7,25,10,20,11,0,0,1,2,1,2,0,4,4,3,3,4,0,1,16,5,5,5,1,2,4,0,11,0,0,5,0,9,3,6,0,2,0,1,0,1,1,8,12,13,16,12,1,5,12,5,13,7,0,0,1,1,1,0,0,3,2,3,2,3,0,0,7,1,3,4,1,2,2,0,7,0,0,3,0,8,3,5,0,1,7,1,5,2,0,1,7,1,5,1,0,0,0,1,0,1,0,1,1,0,0,0,0,0,6,0,2,0,0,0,0,0,3,0,0,0,0,0,0,1,1,11,18,18,18,15,1,6,18,9,15,10,0,0,1,1,1,1,0,3,3,3,3,4,0,1,10,5,3,5,1,2,4,0,8,0,0,5,0,9,3,5,0,3,6,5,2,3,0,1,6,4,2,3,0,0,0,0,0,1,0,0,1,0,1,1,0,1,3,4,0,1,0,0,2,0,1,0,0,2,0,1,0,0
50,Feb-12,18669,1,F,F,F,F,F,96.7,NA,3.33,163,230,15689,1321,849,588,3636,20.00000001,7,2,0,3,0,18,0,15,16,14,28,10,0,10,13,5,27,7,0,1,1,0,1,0,0,5,3,1,6,3,0,3,7,4,11,2,0,1,2,0,9,2,0,5,3,9,1,3,0,0,2,0,1,1,0,15,7,12,21,7,0,10,6,3,21,5,0,1,0,0,1,0,0,5,3,0,6,2,0,3,2,3,8,1,0,1,1,0,6,2,0,5,1,9,0,2,0,0,4,1,5,1,0,0,3,1,5,0,0,0,1,0,0,0,0,0,0,1,0,0,0,0,2,0,3,0,0,0,0,0,2,0,0,0,1,0,0,1,0,15,12,13,23,9,0,10,10,4,22,7,0,1,0,0,1,0,0,5,3,0,6,3,0,3,5,4,8,2,0,1,2,0,7,2,0,5,2,9,1,2,0,0,5,1,2,2,0,0,4,1,1,2,0,0,0,0,0,0,0,0,0,0,0,1,0,0,3,1,0,1,0,0,1,0,1,0,0,0,1,0,1,0
51,Mar-12,18926,1,F,F,F,F,F,95.6,NA,3.33,219,265,15099,1563,1097,550,2765,27.99999999,8,5,0,8,0,34,1,13,18,29,31,14,0,9,15,12,27,10,0,4,3,2,1,0,0,3,4,2,8,5,0,1,4,6,13,4,0,1,4,2,5,1,1,4,3,17,4,4,0,1,0,2,0,0,1,10,12,22,24,8,0,7,9,7,20,4,0,4,1,1,1,0,0,2,3,2,5,2,0,0,1,3,9,2,0,1,4,1,5,0,1,3,3,15,4,4,0,1,3,2,3,2,0,1,3,2,3,2,0,0,1,0,0,0,0,1,1,0,1,0,0,0,1,1,2,2,0,0,0,1,0,0,0,0,0,0,0,0,1,12,15,27,28,12,0,8,12,10,24,8,0,4,2,2,1,0,0,2,3,2,7,5,0,1,3,5,11,2,0,1,4,1,5,1,1,4,3,17,4,4,0,2,3,5,4,4,0,1,3,3,4,4,0,0,1,1,0,0,0,0,0,0,2,3,0,1,2,2,2,0,0,0,0,0,0,1,0,1,0,2,0,0
52,Apr-12,17811,1,F,F,F,F,F,91.6,NA,3.33,213,300,15537,1471,940,466,3036,18,11,2,0,2,3,40,1,17,20,27,21,17,1,15,19,15,19,9,0,3,3,6,0,1,0,5,3,5,9,2,0,3,9,2,6,1,1,4,4,2,4,5,0,2,1,12,2,8,0,0,0,1,0,2,1,13,11,24,17,13,1,11,10,13,15,7,0,3,1,6,0,1,0,4,2,5,7,1,0,1,4,0,5,1,1,3,3,2,3,4,0,2,1,11,2,6,0,2,4,1,2,2,0,2,4,0,2,0,0,0,0,0,0,0,0,0,0,0,1,0,0,1,3,0,0,0,0,1,1,0,1,0,0,0,0,1,0,2,1,15,16,26,19,15,1,13,15,15,17,9,0,3,3,6,0,1,0,5,3,5,8,2,0,2,6,2,6,1,1,3,3,2,3,5,0,2,1,11,2,6,0,2,5,2,2,2,0,2,5,2,2,2,0,0,2,0,0,0,0,1,1,0,1,1,0,1,2,2,1,0,0,0,0,0,0,1,0,0,0,0,0,0
53,May-12,19562,1,F,F,F,F,F,90.8,NA,3.33,226.5,203,15700,1300,1212,580,3090,34.00000001,10,6,0,4,2,31,0,9,29,32,18,14,0,8,25,15,15,9,0,0,3,3,3,2,0,5,3,3,4,3,0,2,15,5,5,2,0,1,4,4,3,2,0,1,4,17,3,5,0,1,0,3,1,0,0,6,17,24,12,14,0,6,13,10,10,9,0,0,2,2,2,2,0,5,3,2,4,3,0,0,7,2,3,2,0,1,1,4,1,2,0,0,4,14,2,5,0,1,8,2,4,0,0,0,8,2,4,0,0,0,1,0,1,0,0,0,0,0,0,0,0,0,5,2,1,0,0,0,2,0,2,0,0,1,0,0,0,0,0,8,21,30,14,14,0,8,17,13,11,9,0,0,2,3,2,2,0,5,3,3,4,3,0,2,10,3,4,2,0,1,2,4,1,2,0,0,4,17,3,5,0,2,4,6,2,0,0,2,4,3,1,0,0,0,0,1,0,0,0,0,0,1,0,0,0,2,3,1,1,0,0,0,1,0,0,0,0,0,0,3,1,0
54,Jun-12,15413,1,F,F,F,F,F,86.5,NA,3.33,153.5,300,13639,1286,1078,494,2916,40,2,2,0,3,0,17,0,12,24,14,17,12,0,8,21,6,15,8,0,3,3,0,1,0,0,2,5,1,2,5,0,2,7,5,8,2,0,1,6,0,4,1,0,4,3,8,2,4,0,1,3,1,1,0,0,7,8,9,10,9,0,4,8,2,9,5,0,2,1,0,1,0,0,1,3,1,2,4,0,0,1,1,4,1,0,1,3,0,2,0,0,3,0,7,1,4,0,3,7,2,5,0,0,2,6,2,4,0,0,0,0,0,0,0,0,0,0,0,0,0,0,2,5,2,2,0,0,0,1,0,2,0,0,1,1,0,1,0,0,9,17,12,12,12,0,6,15,4,11,8,0,3,3,0,1,0,0,2,5,1,2,5,0,0,2,3,6,2,0,1,5,0,2,1,0,3,2,8,1,4,0,2,9,3,2,3,0,2,7,2,2,3,0,1,2,0,0,0,0,1,2,0,0,1,0,0,1,2,2,1,0,0,2,0,0,1,0,0,2,1,0,0
55,Jul-12,14254,1,F,F,F,F,F,93.9,NA,3.33,200.5,203,11333,1093,1007,501,2676,30.99999999,11,5,0,4,3,36,3,14,27,20,18,15,2,10,22,10,17,8,1,2,3,1,2,1,0,6,3,1,5,0,0,1,7,8,4,2,1,1,9,0,6,5,1,4,5,10,1,7,1,2,3,3,0,2,2,12,15,15,14,13,2,10,13,8,13,8,1,2,1,1,2,1,0,6,3,1,4,0,0,1,2,6,2,2,1,1,7,0,5,5,0,2,2,7,1,5,1,2,9,2,3,1,0,0,7,1,3,0,0,0,1,0,0,0,0,0,0,0,1,0,0,0,4,1,2,0,0,0,2,0,0,0,1,2,2,1,0,1,2,12,18,18,15,14,2,10,15,9,14,8,1,2,2,1,2,1,0,6,3,1,4,0,0,1,3,7,2,2,1,1,7,0,6,5,0,2,3,9,1,6,0,0,3,3,1,1,0,0,2,1,1,0,0,0,1,0,0,0,0,0,0,0,0,0,0,0,1,1,0,0,0,0,0,0,1,0,0,0,1,2,0,1
56,Aug-12,13589,1,F,F,F,F,F,85.1,NA,3.33,145.5,200,13577,1206,1102,392,2370,17,5,2,0,1,2,25,0,7,30,20,29,12,0,5,29,8,27,4,0,0,5,1,1,1,0,2,6,0,10,1,0,2,12,6,8,2,0,1,6,1,8,0,0,2,1,12,2,8,0,2,1,4,2,2,0,4,18,12,15,9,0,4,18,4,15,3,0,0,2,0,0,1,0,1,4,0,7,1,0,2,6,3,5,1,0,1,6,1,3,0,0,0,0,8,0,6,0,0,7,4,9,2,0,0,7,2,8,0,0,0,2,0,0,0,0,0,2,0,3,0,0,0,3,2,1,0,0,0,0,0,4,0,0,0,0,2,1,2,0,7,23,16,20,10,0,5,22,6,19,4,0,0,3,1,1,1,0,2,4,0,7,1,0,2,9,4,7,2,0,1,6,1,4,0,0,2,1,10,1,6,0,3,5,4,5,1,0,1,4,2,4,1,0,0,1,1,1,0,0,1,0,0,0,0,0,0,3,1,2,1,0,0,0,0,1,0,0,2,1,2,1,0
57,Sep-12,13571,2,F,T,F,T,F,94.4,NA,3.33,197,250,11317,1236,804,347,2111,36,12,6,0,3,2,33,1,6,36,12,24,21,1,0,32,4,21,9,0,0,2,1,2,3,0,0,4,0,3,2,0,0,16,2,9,3,1,0,10,1,7,1,0,6,4,8,3,12,0,2,2,2,2,3,1,4,21,9,12,17,1,0,19,3,11,8,0,0,2,1,2,3,0,0,4,0,2,2,0,0,8,1,4,3,1,0,5,1,3,0,0,4,2,6,1,9,0,0,8,0,9,3,0,0,7,0,7,1,0,0,0,0,0,0,0,0,0,0,1,0,0,0,3,0,3,0,0,0,4,0,3,1,0,0,1,0,2,2,1,6,28,12,15,18,1,0,25,4,14,8,0,0,2,1,2,3,0,0,4,0,2,2,0,0,13,2,6,3,1,0,6,1,4,0,0,6,3,8,1,10,0,2,7,3,3,1,0,0,6,1,3,0,0,0,0,0,0,0,0,0,0,0,0,0,0,0,5,1,2,0,0,0,1,0,1,0,0,2,1,2,0,1
58,Oct-12,15362,2,F,T,F,T,F,93.1,NA,3.33,234.5,260,13935,1599,1093,420,2387,25.00000001,9,3,0,2,4,30,3,12,51,34,37,45,1,6,45,8,31,9,0,1,8,2,3,0,0,2,8,3,11,3,0,2,16,3,7,2,1,1,13,0,10,4,2,6,6,26,6,,0,2,3,11,2,11,2,9,34,20,23,33,0,5,31,5,19,8,0,1,4,2,2,0,0,1,6,2,5,3,0,2,11,1,5,2,0,1,10,0,7,3,2,4,3,15,4,25,0,1,8,5,8,3,0,0,6,0,7,0,0,0,1,0,0,0,0,0,1,0,2,0,0,0,4,0,2,0,0,0,0,0,3,0,0,1,2,5,1,3,3,11,43,29,29,42,1,6,39,8,24,9,0,1,7,2,3,0,0,2,7,3,9,3,0,2,12,3,5,2,1,1,13,0,7,4,2,5,4,21,5,33,1,2,9,9,6,9,1,1,8,3,5,1,0,0,3,0,1,0,0,1,1,1,4,0,0,0,1,2,0,0,1,0,3,0,0,1,0,1,1,6,1,8
59,Nov-12,14764,2,F,T,F,T,F,96.5,0.3,9.08,179,600,12476,1229,1046,302,2961,33.00000001,9,1,0,4,3,33,1,8,40,12,31,21,0,4,29,5,26,9,0,0,4,3,2,1,0,2,3,0,5,5,0,1,13,0,8,2,0,1,9,2,11,1,1,4,11,7,5,12,0,1,6,3,2,4,1,5,20,8,20,15,0,2,15,4,17,7,0,0,3,2,1,1,0,0,1,0,5,3,0,1,5,0,4,2,0,1,6,2,7,1,1,3,5,4,3,8,0,0,7,1,9,1,0,0,5,0,8,0,0,0,0,0,0,0,0,0,0,0,0,0,0,0,4,0,4,0,0,0,1,0,4,0,0,0,2,1,1,1,1,8,33,11,22,20,0,4,24,5,18,9,0,0,4,3,2,1,0,2,3,0,5,5,0,1,9,0,4,2,0,1,8,2,7,1,1,4,9,6,4,11,0,3,13,3,2,5,0,2,9,1,1,2,0,0,1,1,1,0,0,2,2,0,0,2,0,0,4,0,0,0,0,0,2,0,0,0,0,1,4,2,1,3
60,Dec-12,14156,2,F,T,F,T,F,86.6,0.3,9.08,220,700,11567,1249,673,346,2638,30,7,0,0,2,1,14,0,4,28,9,20,10,0,3,20,5,19,4,0,0,2,1,1,1,0,0,3,0,7,1,0,1,12,3,5,1,0,2,3,1,6,1,0,1,8,4,1,6,0,0,2,1,0,1,0,2,16,4,10,9,0,1,10,1,9,4,0,0,0,0,0,1,0,0,2,0,4,1,0,0,7,1,2,1,0,1,1,0,3,1,0,1,6,3,1,5,0,2,4,1,7,0,0,2,3,0,7,0,0,0,0,0,1,0,0,0,0,0,1,0,0,1,2,0,2,0,0,1,1,0,3,0,0,0,1,1,0,0,0,2,24,8,13,10,0,1,17,5,12,4,0,0,2,1,0,1,0,0,3,0,6,1,0,0,10,3,3,1,0,1,2,1,3,1,0,1,7,3,1,6,0,0,8,4,3,1,0,0,7,4,3,0,0,0,2,1,0,0,0,0,1,0,2,0,0,0,3,2,1,0,0,0,1,1,0,0,0,0,1,0,0,1
61,Jan-13,16729,2,F,T,F,T,F,91,0.3,9.08,275.5,800,15289,1632,928,480,2929,33,5,3,0,4,1,24,0,5,35,16,23,16,0,3,28,4,22,10,0,0,5,0,2,2,0,2,2,0,10,4,0,0,13,4,7,3,0,1,8,0,3,1,0,2,7,12,1,6,0,1,3,4,0,3,0,3,25,9,19,11,0,2,21,1,18,8,0,0,5,0,2,2,0,1,1,0,9,4,0,0,9,1,4,2,0,1,6,0,3,0,0,1,4,8,1,3,0,1,5,2,3,3,0,1,4,1,3,2,0,0,0,0,0,0,0,1,0,0,0,0,0,0,2,1,3,1,0,0,2,0,0,1,0,0,1,1,0,1,0,4,30,14,20,13,0,2,24,3,19,8,0,0,5,0,2,2,0,1,2,0,10,4,0,0,11,3,4,2,0,1,6,0,3,0,0,2,6,11,1,5,0,1,5,5,1,2,0,0,3,2,1,0,0,0,0,0,0,0,0,0,1,0,1,0,0,0,2,2,0,0,0,0,0,0,0,0,0,1,2,3,0,2
62,Feb-13,15485,2,F,T,F,T,F,91.5,0.3,9.08,160,750,14361,1506,1049,467,2768,14,3,2,0,3,2,17,0,7,33,12,22,12,0,4,20,3,19,5,0,1,2,2,0,1,0,1,5,1,9,2,0,1,11,0,6,1,0,1,2,0,4,1,0,3,13,9,3,7,0,0,4,3,1,1,0,6,22,9,15,11,0,3,13,3,13,5,0,1,2,2,0,1,0,1,4,1,6,2,0,0,7,0,4,1,0,1,0,0,3,1,0,3,9,6,2,6,0,0,5,0,7,1,0,0,3,0,6,0,0,0,0,0,0,0,0,0,1,0,3,0,0,0,1,0,2,0,0,0,1,0,1,0,0,0,2,0,1,1,0,7,28,12,15,11,0,4,17,3,13,5,0,1,2,2,0,1,0,1,4,1,6,2,0,1,10,0,4,1,0,1,1,0,3,1,0,3,11,9,2,6,0,1,6,3,0,0,0,1,4,0,0,0,0,0,0,0,0,0,0,0,0,0,0,0,0,1,3,0,0,0,0,0,1,0,0,0,0,0,2,3,0,0
63,Mar-13,16687,2,F,T,F,T,F,89,0.3,9.08,207.5,700,15722,1719,1092,483,3372,24.00000001,9,5,0,4,0,24,1,4,31,21,28,11,1,1,27,5,28,5,1,0,5,1,2,1,0,0,7,1,6,3,0,0,14,2,8,1,0,1,1,1,12,0,0,3,4,16,0,6,0,0,2,3,0,2,1,4,10,17,16,8,1,1,8,4,16,4,1,0,0,1,0,1,0,0,4,1,3,2,0,0,4,2,6,1,0,1,0,0,7,0,0,3,2,13,0,4,0,0,10,1,7,1,0,0,9,0,7,0,0,0,2,0,0,0,0,0,1,0,1,0,0,0,6,0,2,0,0,0,0,0,4,0,0,0,1,1,0,1,1,4,21,20,21,10,1,1,18,5,21,5,1,0,3,1,2,1,0,0,6,1,5,3,0,0,8,2,6,1,0,1,1,1,8,0,0,3,3,15,0,5,0,0,11,3,5,2,0,0,10,1,5,1,0,0,3,0,2,0,0,0,2,0,2,1,0,0,4,0,0,0,0,0,1,1,1,0,0,0,1,2,0,1
64,Apr-13,15020,2,F,T,F,T,F,88.1,0.3,9.08,207.5,680,12797,1536,830,285,2186,16.99999999,6,5,0,0,2,22,1,8,23,15,24,10,1,5,18,4,21,5,1,0,1,1,0,0,0,1,5,1,7,2,0,0,8,2,7,0,0,4,4,0,7,3,0,3,5,11,3,5,0,1,3,2,1,0,0,5,8,12,17,9,0,3,6,3,15,4,0,0,1,1,0,0,0,1,1,1,5,2,0,0,2,1,4,0,0,2,2,0,6,2,0,2,2,9,2,5,0,0,7,1,4,1,0,0,6,0,4,1,0,0,0,0,0,0,0,0,3,0,2,0,0,0,3,0,1,0,0,0,0,0,1,1,0,0,1,1,0,0,1,8,16,14,20,9,1,5,12,4,17,4,1,0,1,1,0,0,0,1,2,1,5,2,0,0,5,2,6,0,0,4,4,0,6,2,0,3,4,10,3,5,1,3,8,2,3,0,1,2,6,1,2,0,1,0,0,0,0,0,0,0,1,0,0,0,0,0,3,1,2,0,0,2,2,0,0,0,0,1,2,1,1,0
65,May-13,15746,2,F,T,F,T,F,88.4,0.3,9.08,213,650,13001,1650,1069,568,2426,23.99999999,11,2,0,4,1,30,2,6,28,18,26,6,1,2,20,8,25,3,0,1,4,0,1,0,0,1,3,0,6,0,0,0,12,6,13,2,1,0,1,2,5,1,1,4,8,10,1,3,1,0,7,2,0,1,1,6,7,12,16,4,1,2,6,4,15,2,0,1,2,0,1,0,0,1,2,0,4,0,0,0,1,2,8,1,1,0,1,2,2,1,0,4,1,8,1,2,1,0,14,2,8,1,0,0,8,2,8,1,0,0,2,0,0,0,0,0,1,0,2,0,0,0,5,2,3,1,0,0,0,0,3,0,1,0,6,0,0,0,1,6,14,16,18,5,1,2,12,6,17,2,0,1,2,0,1,0,0,1,2,0,4,0,0,0,7,4,10,1,1,0,1,2,2,1,0,4,2,10,1,3,0,0,7,4,2,1,0,0,6,2,2,0,0,0,0,0,0,0,0,0,0,0,0,0,0,0,6,2,2,0,0,0,0,0,0,0,0,0,1,2,0,1
66,Jun-13,15968,2,F,T,F,T,F,85.5,0.3,9.08,205.5,630,14424,1722,1012,332,2893,22,8,4,0,6,3,27,0,12,25,10,23,10,0,4,23,5,21,5,0,1,1,0,2,0,0,2,3,1,4,1,0,0,16,4,7,3,0,1,3,0,8,1,0,8,2,5,2,5,0,4,1,1,1,1,0,8,10,7,11,9,0,4,9,3,10,5,0,1,0,0,2,0,0,2,1,1,2,1,0,0,5,2,1,3,0,1,3,0,5,1,0,4,1,4,1,4,0,2,6,2,7,0,0,0,6,1,6,0,0,0,0,0,0,0,0,0,2,0,0,0,0,0,4,1,4,0,0,0,0,0,2,0,0,2,0,1,1,0,0,10,19,8,16,10,0,4,17,4,15,5,0,1,1,0,2,0,0,2,1,1,4,1,0,0,12,3,3,3,0,1,3,0,6,1,0,6,2,4,1,5,0,2,9,1,5,1,0,0,8,1,5,0,0,0,1,0,0,0,0,0,0,0,2,0,0,0,7,1,2,0,0,0,0,0,1,0,0,2,1,0,0,1
67,Jul-13,14562,2,F,T,F,T,F,89.9,0.3,9.08,250.5,600,12783,1304,1067,502,2465,30,8,6,0,4,1,28,1,9,31,30,32,8,1,8,28,11,31,4,0,0,2,1,2,0,0,5,4,2,6,2,0,1,13,8,17,1,1,2,9,0,6,1,0,1,3,19,1,4,0,0,1,1,0,2,1,8,13,28,18,4,1,7,11,10,17,2,0,0,2,1,2,0,0,5,1,2,2,1,0,0,3,7,10,1,1,2,5,0,3,0,0,1,2,18,1,2,0,1,14,0,8,2,0,1,13,0,8,0,0,0,0,0,0,0,0,0,2,0,2,0,0,1,7,0,4,0,0,0,4,0,2,0,0,0,1,0,0,2,1,8,17,30,24,6,1,7,15,11,23,4,0,0,2,1,2,0,0,5,2,2,4,2,0,0,6,8,13,1,1,2,5,0,4,1,0,1,2,19,1,2,0,0,4,2,6,2,0,0,4,1,6,2,0,0,0,0,0,0,0,0,1,0,2,1,0,0,3,1,3,0,0,0,0,0,1,1,0,0,0,1,0,0
68,Aug-13,12685,2,F,T,F,T,F,89.1,0.3,9.08,243.5,550,12606,1206,1043,418,2689,27,11,4,0,5,0,25,1,11,43,20,28,12,1,4,33,3,26,9,1,0,4,2,0,0,0,1,6,0,4,1,0,1,18,1,13,6,0,2,5,0,9,2,0,7,10,17,2,3,0,1,4,2,2,0,1,10,17,17,17,10,1,4,11,2,17,7,1,0,3,1,0,0,0,1,3,0,3,1,0,1,4,1,7,4,0,2,1,0,7,2,0,6,6,15,0,3,0,0,19,0,5,1,0,0,16,0,4,1,0,0,1,0,0,0,0,0,2,0,1,0,0,0,10,0,2,1,0,0,3,0,1,0,0,0,3,0,1,0,1,11,24,20,23,11,1,4,17,3,22,8,1,0,3,2,0,0,0,1,4,0,3,1,0,1,8,1,11,5,0,2,2,0,8,2,0,7,7,17,1,3,0,1,7,3,6,1,0,0,6,1,5,1,0,0,0,1,0,0,0,0,1,0,0,0,0,0,4,0,4,1,0,0,1,0,1,0,0,1,1,2,1,0
69,Sep-13,13463,2,F,T,F,T,F,84.3,0.3,9.08,316.3,700,10960,748,1051,391,2603,28,10,2,0,4,0,31,3,8,49,24,28,6,2,4,41,8,22,2,0,1,6,5,2,0,1,2,4,0,3,1,0,0,24,3,8,1,1,1,7,0,9,0,1,4,8,16,6,4,1,1,4,2,2,1,1,7,28,20,16,4,1,4,24,6,12,1,0,1,5,4,1,0,0,2,3,0,2,0,0,0,10,2,5,1,1,1,6,0,4,0,0,3,4,14,4,3,2,1,7,2,8,1,1,0,6,2,7,0,0,0,1,1,1,0,1,0,0,0,1,0,0,0,5,1,2,0,0,0,0,0,3,0,1,1,1,0,1,1,1,7,42,22,20,5,1,4,35,6,15,2,0,1,5,4,1,0,0,2,4,0,2,1,0,0,19,2,6,1,1,1,7,0,6,0,0,3,7,16,5,3,0,0,14,2,4,1,0,0,11,0,3,1,0,0,0,0,0,0,0,0,1,0,0,1,0,0,9,0,1,0,0,0,1,0,2,0,0,0,3,2,1,0
70,Oct-13,15935,2,F,T,F,T,F,89.2,0.3,9.08,289,900,13075,548,1292,463,3547,25,12,2,0,6,2,38,0,12,51,20,37,8,0,2,44,5,32,6,0,0,8,0,3,1,0,0,6,0,7,3,0,0,21,5,14,1,0,2,9,0,8,1,0,10,7,15,5,2,0,6,6,6,1,0,0,6,24,11,22,6,0,2,23,2,18,4,0,0,3,0,2,1,0,0,5,0,6,2,0,0,13,2,5,1,0,2,2,0,5,0,0,4,1,9,4,2,0,2,16,4,9,0,0,0,13,2,8,0,0,0,4,0,0,0,0,0,1,0,1,0,0,0,4,2,6,0,0,0,4,0,1,0,0,2,3,2,1,0,0,10,35,16,28,8,0,2,31,3,24,6,0,0,4,0,3,1,0,0,5,0,6,3,0,0,17,3,8,1,0,2,5,0,7,1,0,8,4,13,4,2,0,4,11,5,6,2,0,0,8,1,6,2,0,0,1,0,1,0,0,0,0,0,0,1,0,0,4,1,3,0,0,0,3,0,2,1,0,4,3,4,0,0
71,Nov-13,15033,2,F,T,F,T,F,87.6,0.3,12.58,317.65,1100,12154,684,1137,362,2827,31,14,2,0,6,4,29,1,11,37,21,23,16,1,2,34,4,21,9,0,0,3,2,0,0,0,1,4,0,6,2,0,0,18,2,9,3,1,1,9,0,6,4,0,9,3,17,2,7,0,2,2,2,1,2,0,9,16,17,16,10,0,2,15,2,15,5,0,0,2,2,0,0,0,1,3,0,4,2,0,0,6,0,6,1,0,1,4,0,5,2,0,7,1,15,1,5,0,1,12,3,4,4,0,0,11,1,4,3,0,0,1,0,0,0,0,0,0,0,2,0,0,0,7,1,1,1,0,0,3,0,1,2,0,1,1,2,0,1,1,10,25,18,19,12,1,2,23,3,17,6,0,0,2,2,0,0,0,1,4,0,4,2,0,0,11,1,8,2,1,1,6,0,5,2,0,8,2,15,2,6,1,1,9,1,3,2,1,0,8,1,2,1,0,0,0,0,0,0,0,0,1,0,0,0,0,0,5,1,2,1,1,0,2,0,0,0,0,1,1,0,1,1
72,Dec-13,15939,2,F,T,F,T,F,89.4,0.3,12.58,287,1000,14838,567,1029,474,3707,38.00000001,9,5,0,3,2,25,0,31,21,24,23,10,0,15,18,5,21,8,0,2,0,1,1,0,0,10,1,2,5,4,0,1,14,2,11,2,0,2,3,0,4,2,0,16,3,19,2,2,0,1,1,4,1,0,0,29,8,19,16,7,0,14,6,4,15,5,0,2,0,1,1,0,0,9,0,2,4,3,0,1,5,1,8,0,0,2,1,0,2,2,0,15,2,15,1,2,0,1,8,2,4,2,0,0,7,1,4,2,0,0,0,0,0,0,0,0,1,0,1,1,0,0,4,1,1,1,0,0,2,0,2,0,0,1,1,1,0,0,0,30,13,22,19,8,0,15,11,4,17,6,0,2,0,1,1,0,0,10,0,2,4,3,0,1,10,1,10,1,0,2,1,0,2,2,0,15,2,18,2,2,0,1,5,3,3,1,0,1,5,0,2,1,0,0,0,0,0,0,0,1,0,0,0,0,0,0,5,0,2,1,0,0,0,0,0,0,0,0,0,3,1,0
73,Jan-14,15370,3,T,T,F,T,F,90.6,0.3,12.58,331,1200,13828,1028,757,316,3782,29,8,6,0,4,3,34,1,16,23,19,24,10,0,3,22,7,24,6,0,0,2,1,3,0,0,0,3,1,6,3,0,1,14,5,7,2,0,2,3,0,8,1,1,13,1,12,0,4,1,1,0,0,0,0,0,14,8,18,11,6,0,2,7,6,11,2,0,0,1,1,1,0,0,0,1,1,5,1,0,1,4,4,3,1,0,1,1,0,2,0,0,12,1,12,0,4,0,1,10,0,5,3,0,1,10,0,5,3,0,0,0,0,1,0,0,0,2,0,1,2,0,0,6,0,0,1,0,1,2,0,3,0,0,0,0,0,0,0,1,15,13,19,19,7,0,2,12,7,19,3,0,0,2,1,2,0,0,0,1,1,5,1,0,1,8,5,7,1,0,1,1,0,5,1,1,13,1,12,0,4,1,1,5,1,8,1,0,0,5,1,8,1,0,0,1,0,1,0,0,0,0,0,0,0,0,0,4,1,4,0,0,0,0,0,3,1,1,1,0,0,0,0
74,Feb-14,16069,3,T,T,F,T,F,93.3,0.3,12.58,329,1100,14581,959,1038,397,4059,25,12,5,0,5,0,29,1,12,28,11,43,8,0,1,23,0,38,5,0,0,0,0,1,1,0,1,2,0,10,0,0,0,12,0,16,3,0,0,9,0,11,1,1,11,5,11,5,3,1,3,3,3,1,0,0,9,14,8,30,5,0,1,12,0,26,2,0,0,0,0,1,0,0,1,1,0,8,0,0,0,7,0,10,1,0,0,4,0,7,1,0,8,2,8,4,3,1,1,6,1,9,0,0,0,5,0,8,0,0,0,0,0,0,0,0,0,0,0,1,0,0,0,2,0,4,0,0,0,3,0,3,0,1,1,1,1,1,0,0,11,22,10,34,8,0,1,18,0,30,5,0,0,0,0,1,1,0,1,2,0,9,0,0,0,10,0,12,3,0,0,6,0,8,1,0,10,4,10,4,3,0,2,8,2,4,3,0,0,6,0,4,3,0,0,0,0,0,1,0,0,1,0,1,0,0,0,3,0,2,2,0,0,2,0,1,0,0,2,2,2,0,0
75,Mar-14,17201,3,T,T,F,T,F,92,0.3,12.58,228.5,990,15219,696,964,330,3797,34,8,2,0,1,1,30,3,5,34,31,33,9,1,1,28,6,26,7,1,0,3,1,4,1,0,0,1,0,6,2,0,1,13,5,11,1,0,0,11,0,5,3,2,4,6,25,7,2,0,0,3,8,0,0,3,4,17,19,21,7,1,0,14,2,14,5,1,0,2,1,4,1,0,0,1,0,3,1,0,0,4,1,5,1,0,0,7,0,2,2,2,4,3,17,7,2,0,0,14,7,7,0,0,0,12,1,7,0,0,0,1,0,0,0,0,0,0,0,3,0,0,0,8,1,3,0,0,0,3,0,1,0,0,0,2,6,0,0,3,5,20,24,26,9,1,1,16,5,19,7,1,0,2,1,4,1,0,0,1,0,3,2,0,1,5,4,8,1,0,0,8,0,4,3,2,4,4,19,7,2,0,1,3,5,5,2,0,1,2,3,5,2,0,0,0,0,0,0,0,0,0,0,0,1,0,1,1,3,3,0,0,0,1,0,2,1,0,0,1,2,0,0
76,Apr-14,16255,3,T,T,F,T,F,85.9,0.3,12.58,131.5,1000,14495,1280,796,477,3237,29,7,4,0,3,4,27,0,5,35,9,27,8,0,1,31,1,26,4,0,0,3,1,2,2,0,0,7,0,2,0,0,0,19,0,14,2,0,1,2,0,8,0,0,4,4,8,1,4,0,2,2,1,0,1,0,2,20,8,10,4,0,0,18,1,9,1,0,0,3,1,1,0,0,0,5,0,1,0,0,0,9,0,5,1,0,0,1,0,2,0,0,2,2,7,1,3,0,2,7,0,10,2,0,1,7,0,10,1,0,0,0,0,0,1,0,0,1,0,1,0,0,0,6,0,5,0,0,1,0,0,4,0,0,1,0,0,0,1,0,3,28,9,17,6,0,0,24,1,16,3,0,0,3,1,2,1,0,0,6,0,1,0,0,0,13,0,9,2,0,0,2,0,4,0,0,3,4,8,1,3,0,1,8,1,7,2,0,0,6,0,7,2,0,0,0,0,1,1,0,0,1,0,0,0,0,0,4,0,4,1,0,0,1,0,2,0,0,1,2,1,0,0
77,May-14,16349,3,T,T,F,T,F,86.6,0.3,12.58,452.5,1350,14163,995,743,415,3405,30,6,6,0,2,2,24,0,12,28,11,27,11,0,3,23,1,25,6,0,0,2,0,2,0,0,2,0,0,3,2,0,1,16,1,14,2,0,0,5,0,6,2,0,9,5,10,2,5,0,4,2,6,1,1,0,7,12,4,17,9,0,2,9,0,16,5,0,0,0,0,1,0,0,2,0,0,1,2,0,0,7,0,11,1,0,0,2,0,3,2,0,5,3,4,1,4,0,5,12,3,3,0,0,1,11,0,3,0,0,0,0,0,0,0,0,0,0,0,1,0,0,1,8,0,1,0,0,0,3,0,1,0,0,4,1,3,0,0,0,7,16,8,24,11,0,2,12,1,22,6,0,0,2,0,2,0,0,2,0,0,2,2,0,0,8,1,13,2,0,0,2,0,5,2,0,5,4,7,2,5,0,0,4,4,7,2,0,0,3,1,6,1,0,0,2,0,1,0,0,0,0,0,1,0,0,0,1,1,2,1,0,0,0,0,2,0,0,0,1,3,1,1
78,Jun-14,15152,3,T,T,F,T,F,87.8,0.3,12.58,445,1100,11409,374,716,319,2866,27,8,1,0,4,4,27,1,14,32,10,30,12,0,2,30,4,28,8,0,1,1,1,3,1,0,0,1,0,8,1,0,1,23,3,11,2,0,0,5,0,6,4,1,12,2,6,2,4,0,1,1,2,0,1,1,12,15,4,18,9,0,1,14,0,16,6,0,1,0,0,1,1,0,0,0,0,4,1,0,0,10,0,7,1,0,0,4,0,4,3,1,11,1,4,2,3,0,0,8,1,7,1,0,0,8,1,7,1,0,0,1,0,0,0,0,0,0,0,2,0,0,0,6,1,3,0,0,0,1,0,2,1,0,0,0,0,0,0,1,14,24,9,23,11,0,2,22,3,21,7,0,1,0,1,3,1,0,0,1,0,6,1,0,1,17,2,8,2,0,0,4,0,4,3,1,12,2,6,2,4,0,2,9,5,5,2,0,1,8,3,5,1,0,0,0,1,2,0,0,0,1,0,2,0,0,1,7,2,1,1,0,0,0,0,0,0,0,1,1,2,0,1
79,Jul-14,16805,3,T,T,F,T,F,91,0.3,12.58,419.5,800,11947,504,737,294,2703,24,10,1,1,3,3,29,3,14,47,8,25,10,3,6,37,1,23,8,0,1,5,1,3,1,2,0,4,0,5,2,0,1,21,0,12,4,1,4,7,0,3,1,0,8,10,7,2,2,0,0,3,4,1,0,1,9,26,4,17,8,1,1,19,1,16,6,0,0,2,1,2,1,1,0,3,0,2,2,0,1,10,0,10,3,0,0,4,0,2,0,0,8,7,3,1,2,1,2,11,1,6,2,1,2,10,0,5,2,0,0,2,0,0,0,0,0,1,0,3,0,0,0,6,0,2,1,1,2,1,0,0,1,0,0,1,1,1,0,2,12,36,7,19,8,2,4,27,1,18,6,0,1,3,1,3,1,2,0,3,0,2,2,0,1,15,0,10,3,0,2,6,0,3,0,0,8,9,6,1,2,1,3,10,3,2,0,1,3,8,0,2,0,0,1,1,0,1,0,1,0,0,0,0,0,0,0,5,0,0,0,0,2,2,0,1,0,0,0,2,3,0,0
80,Aug-14,11966,3,T,T,F,T,F,86.9,0.3,12.58,372.5,900,11663,313,560,397,2716,27,12,2,0,2,2,30,1,6,36,6,29,12,0,2,25,3,28,7,0,0,3,2,3,0,0,0,3,1,9,3,0,0,17,0,13,1,0,2,2,0,3,3,1,4,11,3,1,5,0,1,3,0,0,0,1,4,18,5,19,9,0,1,10,2,18,4,0,0,3,1,2,0,0,0,2,1,6,2,0,0,5,0,8,1,0,1,0,0,2,1,1,3,8,3,1,5,0,0,12,0,6,3,0,0,10,0,6,3,0,0,0,0,1,0,0,0,0,0,2,1,0,0,8,0,2,0,0,0,2,0,1,2,0,0,2,0,0,0,1,6,24,6,23,9,0,2,15,3,22,4,0,0,3,2,2,0,0,0,3,1,7,2,0,0,9,0,11,1,0,2,0,0,2,1,1,4,9,3,1,5,0,2,6,1,4,0,0,1,5,1,4,0,0,0,0,1,0,0,0,0,1,0,1,0,0,0,4,0,3,0,0,1,0,0,0,0,0,1,1,0,0,0
81,Sep-14,13913,4,T,T,T,T,T,82.2,0.3,12.58,321.75,980,9885,274,621,198,2210,29,14,2,0,1,1,32,3,9,36,11,45,9,3,6,32,3,44,6,1,2,2,1,2,0,1,2,3,2,8,3,1,1,18,0,18,2,0,1,9,0,16,1,0,3,4,8,1,3,0,1,3,3,1,2,2,7,11,8,24,5,2,5,10,3,24,4,1,2,1,1,2,0,1,2,0,2,7,1,0,1,6,0,9,2,0,0,3,0,6,1,0,2,1,5,0,1,1,0,14,1,15,2,1,0,12,0,14,2,0,0,1,0,0,0,0,0,3,0,0,2,1,0,5,0,6,0,0,0,3,0,8,0,0,0,2,1,1,0,2,9,22,10,30,7,2,6,20,3,30,4,1,2,1,1,2,0,1,2,0,2,8,1,0,1,13,0,12,2,0,1,6,0,8,1,0,3,2,7,0,3,0,2,11,2,6,2,0,1,10,0,6,0,0,0,0,0,0,0,0,0,0,0,1,0,0,0,7,0,3,0,0,1,3,0,2,0,0,1,1,2,0,2
82,Oct-14,16375,4,T,T,T,T,T,87.1,0.3,12.58,525.36,1100,13683,512,925,429,2993,30,6,3,0,5,2,23,1,11,47,14,32,3,0,1,40,3,29,3,0,0,2,1,5,0,0,0,4,1,6,2,0,0,26,1,14,0,0,1,8,0,4,1,1,10,7,11,3,0,1,5,2,1,2,0,0,5,24,12,10,3,0,0,19,2,9,3,0,0,2,1,3,0,0,0,3,1,0,2,0,0,9,0,6,0,0,0,5,0,0,1,0,5,5,10,1,0,1,2,10,1,10,0,0,0,9,1,9,0,0,0,0,0,1,0,0,0,1,0,1,0,0,0,6,1,4,0,0,0,2,0,3,0,1,2,1,0,1,0,0,9,37,13,22,3,0,1,31,2,20,3,0,0,2,1,4,0,0,0,3,1,5,2,0,0,20,0,10,0,0,1,6,0,1,1,0,8,6,11,2,0,0,4,13,1,12,0,0,1,12,0,11,0,0,0,0,0,1,0,0,0,0,0,5,0,0,0,11,0,4,0,0,1,1,0,1,0,0,3,1,1,1,0
83,Nov-14,15600,4,T,T,T,T,T,89.9,0.3,18.25,389,1000,11407,386,600,301,2531,32,8,3,0,4,1,31,2,5,34,7,29,6,0,3,32,2,28,5,0,1,2,1,1,0,0,0,2,0,4,1,0,1,22,1,13,1,0,1,6,0,10,3,2,2,2,5,1,1,0,1,0,0,0,1,2,2,17,5,18,5,0,1,15,0,17,5,0,1,2,0,1,0,0,0,2,0,2,1,0,0,9,0,8,1,0,0,2,0,6,3,2,1,2,5,1,0,0,2,6,2,6,1,0,1,6,2,6,0,0,0,0,1,0,0,0,0,0,0,0,0,0,0,5,1,3,0,0,1,1,0,3,0,0,1,0,0,0,1,2,3,28,5,23,5,0,2,26,0,22,5,0,1,2,0,1,0,0,0,2,0,4,1,0,1,17,0,10,1,0,0,5,0,7,3,2,1,2,5,1,0,0,1,11,0,5,0,0,1,11,0,5,0,0,0,0,0,0,0,0,0,0,0,2,0,0,1,8,0,2,0,0,0,3,0,1,0,0,0,0,0,0,0
84,Dec-14,15095,4,T,T,T,T,T,85.4,0.3,18.25,418.75,1300,12739,419,531,315,3299,23,7,3,0,4,2,26,2,11,47,7,39,6,0,1,39,2,36,3,0,0,1,0,1,0,0,0,4,0,10,1,0,0,21,2,13,2,0,1,13,0,12,0,2,10,8,5,3,3,0,1,1,1,1,0,2,10,30,6,19,5,0,1,23,2,17,2,0,0,0,0,0,0,0,0,2,0,3,1,0,0,13,2,7,1,0,1,8,0,7,0,2,9,7,4,2,3,0,1,9,0,15,1,0,0,9,0,14,1,0,0,1,0,1,0,0,0,2,0,7,0,0,0,4,0,3,1,0,0,2,0,3,0,0,1,0,0,1,0,2,10,38,7,24,5,0,1,30,2,22,2,0,0,0,0,0,0,0,0,2,0,3,1,0,0,17,2,10,1,0,1,11,0,9,0,2,9,8,5,2,3,0,0,8,1,5,0,0,0,7,0,5,0,0,0,0,0,0,0,0,0,0,0,0,0,0,0,4,0,3,0,0,0,3,0,2,0,0,0,1,1,0,0
85,Jan-15,15370,4,T,T,T,T,T,91,0.3,18.25,390.5,1350,15003,986,833,459,3784,31,8,3,0,2,2,32,0,7,41,14,33,4,0,5,38,4,33,3,0,1,5,2,2,0,0,4,5,0,10,1,0,0,22,1,16,1,0,0,6,1,5,1,0,2,3,10,0,1,0,0,0,2,0,0,0,6,26,9,19,3,0,4,23,1,19,2,0,1,4,1,1,0,0,3,3,0,6,0,0,0,11,0,8,1,0,0,5,0,4,1,0,2,3,8,0,1,0,1,6,3,11,1,0,1,6,2,11,1,0,0,0,0,0,0,0,1,2,0,4,1,0,0,4,1,6,0,0,0,0,1,1,0,0,0,0,1,0,0,0,6,35,11,22,3,0,4,32,2,22,2,0,1,5,2,2,0,0,3,3,0,6,0,0,0,18,0,10,1,0,0,6,0,4,1,0,2,3,9,0,1,0,0,9,2,3,0,0,0,9,1,3,0,0,0,1,1,1,0,0,0,0,0,0,0,0,0,7,0,2,0,0,0,1,0,0,0,0,0,0,1,0,0
86,Feb-15,16069,4,T,T,T,T,T,90.5,0.3,18.25,366.25,1200,15868,927,1020,312,3973,26,4,4,0,3,1,19,0,5,33,14,29,2,0,2,31,2,28,2,0,0,5,1,1,0,0,1,4,1,9,1,0,0,20,0,10,0,0,1,2,0,8,1,0,3,2,12,1,0,0,1,2,6,0,0,0,3,15,8,16,2,0,1,15,2,15,2,0,0,4,1,0,0,0,1,2,1,6,1,0,0,8,0,4,0,0,0,1,0,5,1,0,2,0,6,1,0,0,2,12,5,4,0,0,1,10,0,4,0,0,0,1,0,0,0,0,0,1,0,2,0,0,0,7,0,1,0,0,1,1,0,1,0,0,1,2,5,0,0,0,3,21,9,25,2,0,1,21,2,24,2,0,0,4,1,1,0,0,1,3,1,7,1,0,0,13,0,9,0,0,0,1,0,7,1,0,2,0,7,1,0,0,0,6,1,9,0,0,0,6,0,9,0,0,0,0,0,1,0,0,0,1,0,1,0,0,0,5,0,5,0,0,0,0,0,2,0,0,0,0,1,0,0
87,Mar-15,17201,4,T,T,T,T,T,89.4,0.3,18.25,482.3,1100,12976,1666,689,228,3684,32,7,4,0,3,0,30,0,14,43,6,31,9,0,8,42,2,29,5,0,1,5,1,4,1,0,6,5,0,4,0,0,0,24,1,11,3,0,1,8,0,10,1,0,6,1,4,2,4,0,3,0,3,1,0,0,9,26,2,16,8,0,6,25,1,15,4,0,1,3,1,3,1,0,5,3,0,1,0,0,0,14,0,5,3,0,0,5,0,6,0,0,3,1,1,1,4,0,4,11,3,8,1,0,2,11,0,7,1,0,0,1,0,1,0,0,1,2,0,1,0,0,0,6,0,4,0,0,1,2,0,1,1,0,2,0,3,1,0,0,10,32,3,23,8,0,6,31,2,22,4,0,1,4,1,3,1,0,5,3,0,3,0,0,0,18,1,7,3,0,0,6,0,9,0,0,4,1,1,1,4,0,1,6,1,7,0,0,0,6,1,7,0,0,0,1,0,0,0,0,0,0,0,2,0,0,0,4,1,2,0,0,0,1,0,3,0,0,1,0,0,0,0
88,Apr-15,16255,4,T,T,T,T,T,88.2,0.3,18.25,459.3,1000,13087,1184,746,261,3273,19.00000001,10,5,0,3,3,32,0,10,41,15,29,10,0,3,38,6,28,6,0,0,7,3,1,1,0,1,5,0,5,3,0,2,14,3,9,1,0,0,12,0,13,1,0,7,3,9,1,4,0,0,2,2,0,2,0,10,23,11,14,6,0,3,22,4,13,4,0,0,4,2,0,1,0,1,3,0,4,3,0,2,8,2,2,0,0,0,7,0,7,0,0,7,1,7,1,2,0,0,9,2,4,3,0,0,7,1,4,2,0,0,1,0,0,0,0,0,2,0,0,0,0,0,2,1,2,1,0,0,2,0,2,1,0,0,2,1,0,1,0,10,32,13,25,7,0,3,31,5,24,4,0,0,6,3,1,1,0,1,3,0,5,3,0,2,12,2,7,0,0,0,10,0,11,0,0,7,1,8,1,3,0,0,9,2,11,1,0,0,9,1,11,0,0,0,2,1,1,0,0,0,0,0,1,0,0,0,4,0,5,0,0,0,3,0,4,0,0,0,0,1,0,1
89,May-15,16349,4,T,T,T,T,T,88.2,0.3,18.25,540.15,1300,10638,974,603,277,2159,30,13,4,0,8,1,32,0,14,33,6,41,7,0,5,32,0,37,6,0,0,4,0,5,0,0,3,7,0,7,4,0,2,15,0,15,2,0,0,6,0,10,0,0,9,1,6,4,1,0,3,0,0,1,0,0,9,21,6,26,5,0,3,20,0,23,4,0,0,2,0,2,0,0,3,6,0,4,3,0,0,7,0,10,1,0,0,5,0,7,0,0,6,1,6,3,1,0,3,9,0,11,1,0,2,9,0,10,1,0,0,1,0,2,0,0,0,1,0,3,1,0,2,6,0,2,0,0,0,1,0,3,0,0,1,0,0,1,0,0,11,24,6,30,6,0,3,23,0,27,5,0,0,3,0,3,0,0,3,6,0,4,3,0,0,9,0,13,2,0,0,5,0,7,0,0,8,1,6,3,1,0,2,3,0,4,1,0,0,3,0,4,1,0,0,1,0,1,0,0,0,0,0,0,0,0,0,2,0,3,1,0,0,0,0,0,0,0,2,0,0,0,0
90,Jun-15,15152,4,T,T,T,T,T,89.8,0.3,18.25,510.35,1200,10876,904,565,240,2837,32,10,7,0,4,2,35,0,11,31,9,46,11,0,5,31,2,42,7,0,2,1,1,3,0,0,1,5,0,9,3,0,1,18,1,13,0,0,1,7,0,17,4,0,6,0,7,4,4,0,3,0,5,3,0,0,7,17,3,28,9,0,4,17,1,27,5,0,2,0,1,2,0,0,1,3,0,4,2,0,0,10,0,9,0,0,1,4,0,12,3,0,3,0,2,1,4,0,2,8,3,8,2,0,1,8,1,6,2,0,0,0,0,0,0,0,0,1,0,1,1,0,1,6,1,1,0,0,0,1,0,4,1,0,1,0,2,2,0,0,9,23,6,38,9,0,4,23,1,36,5,0,2,1,1,3,0,0,1,4,0,8,2,0,0,12,0,12,0,0,1,6,0,13,3,0,5,0,5,2,4,0,2,6,3,10,0,0,0,6,0,9,0,0,0,1,0,1,0,0,0,1,0,4,0,0,0,2,0,3,0,0,0,2,0,1,0,0,2,0,3,1,0
91,Jul-15,16805,4,T,T,T,T,T,87.2,0.3,18.25,448.5,900,11812,949,665,274,2920,32,8,4,0,4,2,30,2,7,35,9,31,7,0,0,30,1,28,4,0,0,2,1,3,0,0,0,7,0,6,4,0,0,13,0,13,0,0,0,8,0,6,0,2,7,5,8,3,3,0,2,1,5,1,2,2,5,20,4,18,4,0,0,16,1,16,3,0,0,2,1,1,0,0,0,3,0,3,3,0,0,7,0,9,0,0,0,4,0,3,0,2,5,4,3,2,1,0,1,11,2,9,2,0,0,10,0,8,1,0,0,0,0,1,0,0,0,2,0,1,1,0,0,6,0,3,0,0,0,2,0,3,0,0,1,1,2,1,1,2,6,24,7,22,5,0,0,20,1,20,3,0,0,2,1,2,0,0,0,5,0,5,3,0,0,7,0,10,0,0,0,6,0,3,0,2,6,4,6,2,2,0,1,4,3,4,1,0,0,4,0,4,0,0,0,0,0,1,0,0,0,2,0,2,0,0,0,0,0,1,0,0,0,2,0,0,0,0,1,0,3,0,1
92,Aug-15,11966,4,T,T,T,T,T,83.3,0.45,18.25,372,1400,8051,369,671,259,2219,34.99999999,10,3,0,7,2,40,6,15,47,13,34,5,5,5,43,5,32,2,0,0,6,3,5,0,1,1,4,2,5,0,2,3,24,0,13,1,2,1,9,0,9,1,1,10,4,8,2,3,1,0,0,0,1,0,5,11,25,13,16,4,5,1,21,5,15,1,0,0,2,3,3,0,1,0,3,2,1,0,2,1,12,0,7,1,2,0,4,0,4,0,0,10,4,8,1,3,1,3,10,0,12,0,0,3,10,0,11,0,0,0,0,0,2,0,0,1,1,0,4,0,0,1,7,0,2,0,0,1,2,0,3,0,1,0,0,0,1,0,5,12,37,13,22,5,5,2,33,5,21,2,0,0,6,3,3,0,1,0,3,2,1,0,2,2,17,0,11,1,2,0,7,0,6,1,0,10,4,8,1,3,0,1,12,0,6,1,0,1,12,0,6,1,0,0,4,0,0,0,0,0,0,0,0,0,0,1,5,0,4,0,0,0,3,0,2,1,0,0,0,0,0,0
93,Sep-15,13913,4,T,T,T,T,T,83.1,0.45,18.25,545.5,1400,8544,386,614,172,1953,30,12,5,0,7,2,48,0,19,52,16,32,11,0,9,48,12,29,7,0,0,5,5,4,1,0,3,6,2,7,4,0,2,28,3,12,0,0,4,9,2,6,2,0,10,4,4,3,4,0,2,1,1,0,0,0,14,23,7,23,8,0,6,20,4,20,4,0,0,2,2,4,1,0,2,4,1,4,3,0,2,9,0,9,0,0,2,5,1,3,0,0,8,3,3,3,4,0,4,16,3,5,3,0,3,16,2,5,3,0,0,2,1,0,0,0,1,1,1,3,1,0,0,10,0,0,0,0,2,3,0,2,2,0,1,0,1,0,0,0,15,36,13,27,8,0,6,32,10,24,4,0,0,3,4,4,1,0,2,5,1,4,3,0,2,18,3,12,0,0,2,6,2,4,0,0,9,4,3,3,4,0,1,13,6,4,0,0,0,12,6,4,0,0,0,1,2,0,0,0,0,1,0,0,0,0,0,9,3,3,0,0,0,1,1,1,0,0,1,1,0,0,0
94,Oct-15,16375,4,T,T,T,T,T,87,0.45,18.25,469.5,1300,11500,800,741,243,2423,40.00000001,13,3,0,1,4,40,3,4,45,11,31,5,2,2,42,2,28,3,0,0,5,0,0,0,1,0,6,0,10,3,1,1,25,1,10,0,0,1,6,1,8,0,1,2,3,9,3,2,1,1,1,1,3,0,2,2,25,9,16,5,2,1,23,1,16,3,0,0,4,0,0,0,1,0,4,0,4,3,1,0,12,1,7,0,0,1,3,0,5,0,0,1,2,8,0,2,0,1,11,1,9,0,0,0,10,1,7,0,0,0,0,0,0,0,0,0,1,0,3,0,0,0,8,0,3,0,0,0,1,1,1,0,0,1,1,0,2,0,3,3,34,10,22,5,2,2,32,1,21,3,0,0,5,0,0,0,1,0,5,0,7,3,1,1,17,1,7,0,0,1,5,0,7,0,1,1,2,9,1,2,1,1,9,1,6,0,0,1,9,0,5,0,0,0,1,0,0,0,0,0,1,0,3,0,0,1,5,0,0,0,0,0,2,0,2,0,1,0,0,1,1,0
95,Nov-15,15600,4,T,T,T,T,T,86.9,0.45,19.67,501.4,1400,9360,335,425,163,2311,48,8,5,0,5,1,32,2,8,34,7,45,7,1,4,32,3,43,5,0,0,5,1,2,2,0,1,1,1,17,0,0,0,18,1,15,1,1,3,8,0,9,2,1,4,2,4,2,2,1,1,0,1,0,0,0,6,16,3,32,5,0,3,14,0,30,3,0,0,2,0,2,2,0,0,0,0,13,0,0,0,7,0,9,0,0,3,5,0,6,1,0,3,2,3,2,2,1,2,7,1,6,2,0,1,7,0,6,2,0,0,1,0,0,0,0,1,1,0,3,0,0,0,4,0,2,1,0,0,1,0,1,1,1,1,0,1,0,0,1,6,27,6,39,5,1,3,25,3,37,3,0,0,4,1,2,2,0,0,0,1,14,0,0,0,14,1,13,0,1,3,7,0,8,1,0,3,2,3,2,2,1,0,11,3,7,0,1,0,11,3,7,0,0,0,2,1,0,0,0,0,0,1,1,0,0,0,7,1,4,0,1,0,2,0,2,0,0,0,0,0,0,0
96,Dec-15,15095,4,T,T,T,T,T,87.3,0.45,19.67,476,1300,8894,291,532,200,2116,40.00000001,15,4,0,6,1,39,0,2,42,5,29,12,0,0,36,1,28,6,0,0,3,0,4,0,0,0,10,0,6,2,0,0,18,1,9,2,0,0,5,0,9,2,0,2,6,4,1,6,0,0,2,3,1,2,0,2,24,1,13,10,0,0,20,0,13,6,0,0,1,0,2,0,0,0,5,0,4,2,0,0,13,0,3,2,0,0,1,0,4,2,0,2,4,1,0,4,0,0,11,2,9,1,0,0,10,0,8,0,0,0,2,0,1,0,0,0,3,0,0,0,0,0,3,0,4,0,0,0,2,0,3,0,0,0,1,2,1,1,0,2,31,3,20,11,0,0,26,1,20,6,0,0,1,0,3,0,0,0,7,0,6,2,0,0,15,1,5,2,0,0,3,0,6,2,0,2,5,2,0,5,0,0,7,2,7,1,0,0,6,1,7,0,0,0,0,0,1,0,0,0,2,0,2,0,0,0,2,1,2,0,0,0,2,0,2,0,0,0,1,1,0,1
97,Jan-16,14948,4,T,T,T,T,T,86.3,0.73,19.67,330.3,1200,9088,333,584,352,1861,32,7,3,0,7,4,26,0,5,44,9,31,9,0,4,41,3,30,7,0,0,6,1,3,1,0,0,3,1,4,2,0,2,22,1,15,0,0,2,10,0,8,4,0,1,3,6,1,2,0,0,1,2,0,0,0,3,23,6,13,8,0,2,21,2,12,6,0,0,1,1,2,1,0,0,2,1,0,2,0,0,10,0,7,0,0,2,8,0,3,3,0,1,2,4,1,2,0,1,9,1,10,0,0,1,9,0,10,0,0,0,1,0,0,0,0,0,1,0,2,0,0,1,6,0,3,0,0,0,1,0,5,0,0,0,0,1,0,0,0,4,35,8,21,9,0,3,32,3,20,7,0,0,5,1,3,1,0,0,2,1,2,2,0,1,16,1,12,0,0,2,9,0,3,4,0,1,3,5,1,2,0,1,12,2,8,1,0,1,11,1,8,1,0,0,4,0,1,0,0,0,0,0,2,0,0,1,6,1,5,0,0,0,1,0,0,1,0,0,1,1,0,0
98,Feb-16,15011,4,T,T,T,T,T,88.3,0.73,19.67,493.8,1200,9197,520,501,172,1912,39.00000001,10,2,0,4,0,35,1,7,36,9,34,3,1,4,35,4,34,3,1,2,5,1,4,0,0,0,6,0,6,1,0,0,17,3,16,0,0,2,7,0,8,2,0,3,1,5,0,0,0,1,0,2,0,0,1,6,18,7,20,0,1,4,17,4,20,0,1,2,1,1,1,0,0,0,4,0,5,0,0,0,7,3,9,0,0,2,5,0,5,0,0,2,1,3,0,0,0,0,7,2,5,1,0,0,7,0,5,1,0,0,2,0,0,0,0,0,1,0,0,1,0,0,4,0,4,0,0,0,0,0,1,0,0,0,0,2,0,0,1,7,29,7,29,2,1,4,28,4,29,2,1,2,3,1,4,0,0,0,5,0,6,0,0,0,13,3,12,0,0,2,7,0,7,2,0,3,1,3,0,0,0,1,11,0,9,2,0,0,11,0,9,2,0,0,2,0,3,0,0,0,1,0,1,0,0,0,6,0,3,0,0,0,2,0,2,2,0,1,0,0,0,0
99,Mar-16,16455,4,T,T,T,T,T,84.5,0.73,19.67,532.5,1200,11212,347,533,281,1959,26,14,5,0,4,2,40,0,13,38,12,39,9,0,7,36,4,37,5,0,2,3,1,2,1,0,4,6,1,10,1,0,1,19,2,13,1,0,0,8,0,12,2,0,6,2,8,2,4,0,2,0,1,0,1,0,10,25,8,21,8,0,6,23,1,19,5,0,2,2,0,2,1,0,3,4,0,5,1,0,1,13,1,4,1,0,0,4,0,8,2,0,4,2,7,2,3,0,2,9,1,11,0,0,1,9,1,11,0,0,0,1,1,0,0,0,1,2,0,3,0,0,0,5,0,5,0,0,0,1,0,3,0,0,1,0,0,0,0,0,11,29,11,28,9,0,6,27,3,26,5,0,2,2,0,2,1,0,3,4,1,7,1,0,1,14,2,8,1,0,0,7,0,9,2,0,5,2,8,2,4,0,1,4,3,7,1,0,0,4,2,7,0,0,0,0,0,0,0,0,0,0,1,2,0,0,0,1,1,4,0,0,0,3,0,1,0,0,1,0,1,0,1
100,Apr-16,14540,4,T,T,T,T,T,82,0.73,19.67,387.5,1300,9538,274,331,306,2076,35,8,2,0,6,1,26,4,21,41,6,28,10,3,9,36,3,23,5,0,2,3,1,2,0,1,6,9,1,8,0,0,0,15,0,5,2,2,1,9,1,8,3,1,12,5,3,5,5,1,6,1,0,1,1,2,13,24,4,22,9,2,7,20,1,18,5,0,2,1,1,1,0,1,4,6,0,5,0,0,0,9,0,5,2,1,1,4,0,7,3,0,6,4,3,4,4,1,4,11,2,2,1,0,1,10,2,1,0,0,0,2,0,0,0,0,1,2,1,1,0,0,0,4,0,0,0,0,0,2,1,0,0,1,3,1,0,1,1,3,17,30,4,26,9,3,8,26,1,22,5,0,2,1,1,2,0,1,5,7,0,7,0,0,0,11,0,5,2,2,1,7,0,8,3,0,9,4,3,4,4,1,4,6,0,4,0,1,1,6,0,4,0,0,0,0,0,1,0,0,1,1,0,2,0,0,0,2,0,0,0,1,0,3,0,1,0,0,3,0,0,0,0
101,May-16,14621,4,T,T,T,T,T,83,0.73,19.67,491.8,1400,9299,172,467,198,2231,40.00000001,12,7,0,7,4,42,2,13,31,9,33,7,1,5,29,4,32,6,0,1,1,2,3,0,0,4,5,1,7,1,0,0,21,1,13,2,1,0,2,0,9,3,1,8,2,5,1,1,0,2,0,4,0,0,2,10,15,1,14,7,1,4,13,0,13,6,0,1,1,0,0,0,0,3,2,0,2,1,0,0,10,0,6,2,1,0,0,0,5,3,1,6,2,1,1,1,0,3,8,4,12,0,0,1,8,2,12,0,0,0,0,1,1,0,0,1,2,1,5,0,0,0,5,0,5,0,0,0,1,0,1,0,0,2,0,2,0,0,2,10,23,5,21,7,1,4,21,2,20,6,0,1,1,1,2,0,0,3,3,0,2,1,0,0,16,1,8,2,1,0,1,0,8,3,1,6,2,3,1,1,0,0,8,4,7,0,0,0,8,2,7,0,0,0,0,1,2,0,0,0,1,0,0,0,0,0,6,1,2,0,0,0,1,0,3,0,0,0,0,2,0,0
102,Jun-16,15346,4,T,T,T,T,T,82.5,0.73,19.67,424.8,1300,8913,156,561,257,1746,26,9,5,0,4,2,34,4,11,30,8,35,8,1,6,26,1,33,6,0,0,5,0,1,2,1,2,2,0,9,1,0,0,16,0,14,1,0,4,3,1,9,2,3,5,4,7,2,2,2,1,4,2,0,0,2,9,16,6,27,6,1,5,16,1,25,4,0,0,4,0,1,1,1,2,2,0,7,1,0,0,9,0,9,1,0,3,1,1,8,1,1,4,0,5,2,2,2,1,8,1,5,2,0,0,5,0,5,2,0,0,0,0,0,1,0,0,0,0,1,0,0,0,3,0,3,0,0,0,2,0,1,1,2,1,3,1,0,0,2,10,22,7,30,6,1,6,21,1,28,4,0,0,5,0,1,1,1,2,2,0,8,1,0,0,13,0,11,1,0,4,1,1,8,1,1,4,1,6,2,2,0,1,6,1,3,0,0,1,5,0,3,0,0,0,1,0,0,0,0,0,0,0,1,0,0,0,4,0,2,0,0,1,0,0,0,0,0,0,1,1,0,0
103,Jul-16,15315,4,T,T,T,T,T,84.7,0.73,19.67,516.3,1000,9400,222,546,173,2223,42.00000001,11,1,0,7,3,42,1,5,54,8,32,5,1,1,49,3,27,2,0,1,5,0,3,0,0,0,6,0,6,1,0,0,25,3,13,1,1,0,13,0,5,0,0,4,5,5,5,3,0,1,1,1,2,1,1,4,33,6,20,4,1,1,29,2,17,2,0,1,3,0,1,0,0,0,5,0,5,1,0,0,12,2,8,1,1,0,9,0,3,0,0,3,4,4,3,2,0,0,9,1,6,0,0,0,9,0,5,0,0,0,1,0,0,0,0,0,0,0,1,0,0,0,6,0,3,0,0,0,2,0,1,0,0,0,0,1,1,0,1,5,45,7,26,5,1,1,40,3,22,2,0,1,4,0,3,0,0,0,6,0,5,1,0,0,19,3,10,1,1,0,11,0,4,0,0,4,5,4,4,3,0,1,12,1,6,1,0,0,11,1,5,0,0,0,1,0,2,0,0,0,1,0,0,0,0,0,7,1,2,0,0,0,2,0,1,0,0,1,1,0,1,1
104,Aug-16,12348,4,T,T,T,T,T,80,0.73,19.67,402.4,1100,8607,191,434,179,1618,34,12,3,0,7,1,39,2,4,53,7,42,4,2,1,44,0,40,1,0,0,4,0,3,0,1,1,8,0,6,1,1,0,28,0,17,0,0,0,4,0,14,0,0,3,9,7,2,3,0,2,3,2,2,0,1,1,28,5,22,3,1,0,22,0,22,0,0,0,3,0,1,0,1,0,5,0,3,0,0,0,13,0,9,0,0,0,1,0,9,0,0,1,6,5,0,3,0,1,13,0,7,0,0,0,11,0,6,0,0,0,1,0,0,0,0,0,2,0,1,0,0,0,6,0,1,0,0,0,2,0,4,0,0,1,2,0,1,0,2,3,40,7,35,4,2,1,33,0,34,1,0,0,3,0,3,0,1,1,6,0,5,1,1,0,22,0,16,0,0,0,2,0,10,0,0,2,7,7,1,3,1,2,12,2,13,1,1,1,11,0,12,1,0,0,0,0,2,0,0,1,1,0,2,1,1,0,9,0,7,0,0,0,1,0,1,0,0,1,1,2,1,0
105,Sep-16,13976,4,T,T,T,T,T,80.2,0.73,19.67,509.4,1200,8144,237,737,202,1376,42.00000001,14,6,0,4,0,51,3,5,48,4,50,7,2,1,44,0,47,4,0,0,7,0,5,0,2,0,4,0,10,1,0,0,22,0,17,1,0,1,11,0,15,2,1,4,4,4,3,3,1,0,0,2,1,0,1,4,31,2,29,7,1,0,27,0,27,4,0,0,2,0,0,0,1,0,2,0,7,1,0,0,15,0,10,1,0,0,8,0,10,2,0,4,4,2,2,3,1,1,10,2,13,0,0,1,10,0,12,0,0,0,3,0,3,0,0,0,1,0,0,0,0,0,4,0,6,0,0,1,2,0,3,0,1,0,0,2,1,0,2,4,38,2,37,7,2,0,34,0,35,4,0,0,4,0,2,0,2,0,3,0,10,1,0,0,18,0,11,1,0,0,9,0,12,2,0,4,4,2,2,3,1,0,7,0,8,0,1,0,7,0,8,0,0,0,2,0,2,0,1,0,1,0,3,0,0,0,3,0,1,0,0,0,1,0,2,0,0,0,0,0,0,0
106,Oct-16,15188,4,T,T,T,T,T,85.3,0.73,19.67,708.5,1400,8551,179,328,230,1918,38.99999999,14,2,0,6,2,47,1,2,52,8,50,3,0,1,51,2,46,1,0,0,5,0,8,0,0,1,7,0,14,1,0,0,27,2,16,0,0,0,12,0,8,0,1,1,1,6,4,2,1,1,0,0,0,0,0,1,29,7,27,2,0,1,28,1,23,0,0,0,3,0,5,0,0,1,5,0,9,0,0,0,11,1,6,0,0,0,9,0,3,0,0,0,1,6,4,2,0,0,9,0,10,0,0,0,9,0,10,0,0,0,0,0,0,0,0,0,1,0,3,0,0,0,6,0,3,0,0,0,2,0,4,0,0,0,0,0,0,0,1,2,43,8,40,3,0,1,42,2,36,1,0,0,5,0,8,0,0,1,6,0,11,1,0,0,21,2,13,0,0,0,10,0,4,0,1,1,1,6,4,2,1,1,14,1,13,1,0,0,14,1,13,1,0,0,2,0,3,0,0,0,1,0,2,1,0,0,10,1,7,0,0,0,1,0,1,0,1,1,0,0,0,0
107,Nov-16,15453,4,T,T,T,T,T,87.7,0.73,25.33,362.5,1500,9000,183,499,271,1509,51,16,6,1,12,1,44,1,5,56,10,44,6,1,0,42,2,42,3,0,0,3,1,3,0,0,0,7,0,13,2,0,0,26,0,14,0,1,0,6,1,12,1,0,5,14,8,2,3,0,1,4,2,0,2,1,4,29,8,28,3,1,0,19,2,26,2,0,0,1,1,1,0,0,0,5,0,9,1,0,0,10,0,9,0,1,0,3,1,7,1,0,4,10,6,2,1,0,1,21,2,10,1,0,0,18,0,10,1,0,0,1,0,2,0,0,0,2,0,3,1,0,0,13,0,2,0,0,0,2,0,3,0,0,1,3,2,0,0,1,4,35,8,34,5,1,0,24,2,32,2,0,0,2,1,1,0,0,0,5,0,10,1,0,0,13,0,12,0,1,0,4,1,9,1,0,4,11,6,2,3,0,0,6,0,6,2,0,0,5,0,6,0,0,0,1,0,0,0,0,0,0,0,1,0,0,0,3,0,3,0,0,0,1,0,2,0,0,0,1,0,0,2
108,Dec-16,17568,4,T,T,T,T,T,87.2,0.73,25.33,630.8,1400,9870,790,567,198,1595,46.99999999,7,2,0,4,1,29,2,4,53,5,48,7,1,0,49,0,47,5,0,0,6,0,4,1,1,0,9,0,9,0,0,0,25,0,26,1,0,0,9,0,8,3,1,4,4,5,1,2,1,1,2,3,1,1,1,3,29,2,37,5,1,0,27,0,37,4,0,0,5,0,3,1,1,0,7,0,9,0,0,0,10,0,19,0,0,0,5,0,6,3,0,3,2,2,0,1,0,0,15,0,5,2,0,0,13,0,4,1,0,0,0,0,0,0,0,0,1,0,0,0,0,0,8,0,4,1,0,0,4,0,0,0,0,0,2,0,1,1,2,4,38,5,43,5,1,0,36,0,43,4,0,0,6,0,4,1,1,0,8,0,9,0,0,0,17,0,22,0,0,0,5,0,8,3,1,4,2,5,0,1,1,1,9,3,6,0,0,0,9,0,6,0,0,0,1,0,1,0,0,0,1,0,0,0,0,0,7,0,3,0,0,0,0,0,2,0,1,1,0,3,0,0
109,Jan-17,16415,4,T,T,T,T,T,88.4,0.73,25.33,528,1400,9156,1352,518,326,1290,44,11,1,0,8,3,30,3,5,43,7,31,6,3,1,36,0,29,4,0,0,6,0,2,0,2,0,5,0,4,1,0,0,16,0,15,1,1,1,9,0,8,2,0,4,7,7,2,2,0,4,3,3,1,0,1,0,27,4,18,5,1,0,23,0,17,3,0,0,4,0,2,0,1,0,5,0,3,0,0,0,8,0,8,1,0,0,6,0,4,2,0,0,4,4,1,2,1,3,11,0,6,0,1,1,10,0,5,0,0,0,1,0,0,0,0,0,0,0,0,0,0,0,6,0,2,0,1,1,3,0,3,0,0,2,1,0,1,0,2,2,32,7,25,6,2,0,26,0,24,4,0,0,5,0,2,0,2,0,5,0,4,1,0,0,10,0,13,1,0,0,6,0,5,2,0,2,6,7,1,2,1,2,5,3,7,1,1,0,3,0,7,1,0,0,1,0,0,0,1,0,0,0,1,1,0,0,2,0,5,0,0,0,0,0,1,0,0,2,2,3,0,0
110,Feb-17,16703,4,T,T,T,T,T,89.9,0.73,25.33,528,1500,9805,1237,434,277,1017,29,20,4,0,10,0,45,3,8,47,7,39,7,2,4,34,1,33,2,0,3,7,1,1,0,0,0,5,0,9,2,1,0,15,0,15,0,1,1,7,0,8,0,1,4,13,6,6,5,1,1,4,4,1,0,1,5,23,3,24,7,1,2,14,1,19,2,0,2,2,1,1,0,0,0,3,0,8,2,1,0,5,0,5,0,0,0,4,0,5,0,0,3,9,2,5,5,2,2,13,2,11,0,1,1,10,0,10,0,0,0,2,0,0,0,0,0,1,0,0,0,0,0,5,0,7,0,1,1,2,0,3,0,1,1,3,2,1,0,1,6,34,5,28,7,1,3,24,1,23,2,0,3,5,1,1,0,0,0,4,0,9,2,1,0,10,0,8,0,0,0,5,0,5,0,0,3,10,4,5,5,0,1,11,2,4,0,0,1,10,0,4,0,0,1,3,0,0,0,0,0,1,0,1,0,0,0,5,0,3,0,0,0,1,0,0,0,0,0,1,2,0,0
111,Mar-17,16588,4,T,T,T,T,T,85.9,0.73,25.33,528,1770,9588,1205,540,421,1255,30,13,2,0,3,6,31,3,8,48,11,35,9,2,4,31,2,28,4,0,0,4,0,0,1,1,0,3,1,12,1,0,1,18,1,9,0,1,3,6,0,7,2,1,4,17,9,7,5,1,0,3,6,0,0,2,6,31,5,25,8,2,2,17,2,18,3,0,0,1,0,0,1,1,0,3,1,9,0,0,0,9,1,5,0,1,2,4,0,4,2,0,4,14,3,7,5,1,2,8,2,6,1,0,2,7,0,6,1,0,0,0,0,0,0,0,0,0,0,1,1,0,1,5,0,3,0,0,1,2,0,2,0,1,0,1,2,0,0,2,6,40,9,29,8,2,2,24,2,22,3,0,0,4,0,0,1,1,0,3,1,11,0,0,0,13,1,6,0,1,2,4,0,5,2,0,4,16,7,7,5,0,0,9,4,4,0,0,0,7,0,4,0,0,0,3,0,0,0,0,0,0,0,2,0,0,0,4,0,1,0,0,0,0,0,1,0,0,0,2,4,0,0
112,Apr-17,15191,4,T,T,T,T,T,83.4,0.73,25.33,471.3,1400,9646,1089,513,489,1025,45.00000001,11,2,0,3,5,30,1,8,41,8,34,7,0,1,27,2,31,3,0,1,0,2,2,0,0,0,4,0,6,1,0,0,14,0,13,0,0,0,9,0,10,2,1,7,14,6,3,4,0,2,3,2,0,0,1,6,23,5,19,7,0,1,12,1,16,3,0,1,0,1,1,0,0,0,3,0,5,1,0,0,4,0,6,0,0,0,5,0,4,2,1,5,11,4,3,4,0,2,10,3,6,0,0,0,9,1,6,0,0,0,0,1,0,0,0,0,0,0,0,0,0,0,6,0,2,0,0,0,3,0,4,0,0,2,1,2,0,0,1,6,31,5,28,7,0,1,18,1,25,3,0,1,0,1,2,0,0,0,4,0,6,1,0,0,8,0,11,0,0,0,6,0,6,2,1,5,13,4,3,4,0,0,8,0,9,0,0,0,6,0,9,0,0,0,0,0,1,0,0,0,1,0,1,0,0,0,4,0,5,0,0,0,1,0,2,0,0,0,2,0,0,0
113,May-17,17421,4,T,T,T,T,T,86.6,0.73,25.33,543.75,1800,11115,1282,480,506,1242,30.99999999,15,3,0,9,2,44,0,9,45,11,27,10,0,7,29,2,26,4,0,0,3,1,3,0,0,6,2,0,7,3,0,0,21,0,9,1,0,1,3,1,7,0,0,2,16,9,1,6,0,0,5,2,0,2,0,5,24,9,14,7,0,3,13,2,13,3,0,0,0,1,1,0,0,3,2,0,4,3,0,0,9,0,5,0,0,0,2,1,3,0,0,2,11,7,1,4,0,3,8,2,4,1,0,3,5,0,4,0,0,0,2,0,1,0,0,2,0,0,1,0,0,0,3,0,1,0,0,1,0,0,1,0,0,0,3,2,0,1,0,6,37,9,23,9,0,4,24,2,22,4,0,0,1,1,2,0,0,4,2,0,6,3,0,0,18,0,8,1,0,0,3,1,6,0,0,2,13,7,1,5,0,1,13,0,9,2,0,1,11,0,9,1,0,0,1,0,1,0,0,1,0,0,2,0,0,0,9,0,3,1,0,0,1,0,3,0,0,0,2,0,0,1
114,Jun-17,16398,4,T,T,T,T,T,83.9,0.73,25.33,690.4,1700,10429,1320,462,624,1357,29.99999999,12,3,0,3,3,39,3,8,49,14,34,3,3,3,37,3,31,1,0,1,3,2,3,0,1,0,4,0,12,0,0,2,23,1,9,0,2,0,7,0,7,1,0,5,12,11,3,2,0,5,3,5,1,0,2,2,25,8,18,3,2,2,16,2,16,1,0,1,3,2,1,0,0,0,2,0,8,0,0,1,9,0,4,0,2,0,2,0,3,1,0,0,9,6,2,2,1,1,15,1,5,0,1,0,14,0,4,0,0,0,0,0,1,0,1,0,1,0,0,0,0,0,9,0,1,0,0,0,4,0,2,0,0,1,1,1,1,0,2,7,34,13,29,3,2,3,23,3,27,1,0,1,3,2,2,0,0,0,3,0,12,0,0,2,14,1,8,0,2,0,3,0,5,1,0,4,11,10,2,2,0,5,9,5,11,0,0,1,7,1,11,0,0,0,0,0,1,0,0,0,1,0,4,0,0,1,5,1,4,0,0,0,1,0,2,0,0,4,2,4,0,0
115,Jul-17,15132,4,T,T,T,T,T,84.3,0.73,25.33,523.5,1600,8760,988,594,446,1065,44,16,5,0,3,1,40,4,5,58,6,42,9,4,1,42,2,41,5,0,0,8,1,4,0,2,0,5,0,15,3,0,0,16,0,10,1,2,1,13,1,12,1,0,4,16,4,1,4,0,0,3,0,0,1,3,4,38,5,26,7,3,0,25,1,25,4,0,0,5,1,3,0,1,0,5,0,12,2,0,0,6,0,4,1,2,0,9,0,6,1,0,4,13,4,1,3,1,1,13,1,9,1,1,1,12,1,9,1,0,0,2,0,0,0,1,0,0,0,2,1,0,0,7,0,3,0,0,1,3,1,4,0,0,0,1,0,0,0,3,4,45,5,33,8,3,0,30,1,32,4,0,0,6,1,4,0,1,0,5,0,13,2,0,0,9,0,7,1,2,0,10,0,8,1,0,4,15,4,1,4,0,0,7,0,7,1,0,0,5,0,7,0,0,0,1,0,1,0,0,0,0,0,1,0,0,0,3,0,3,0,0,0,1,0,2,0,0,0,2,0,0,1
116,Aug-17,14036,4,T,T,T,T,T,87.4,0.45,25.33,523.5,1600,8531,1417,731,679,1069,39,15,5,0,7,2,47,4,3,55,10,43,10,4,1,44,4,43,3,0,1,1,2,3,0,1,0,6,0,9,2,0,0,27,1,15,1,3,0,10,1,16,0,0,2,11,6,0,7,0,1,4,4,0,2,2,2,21,4,22,6,2,1,14,2,22,1,0,1,1,1,3,0,1,0,2,0,5,1,0,0,6,1,7,0,1,0,5,0,7,0,0,1,7,2,0,5,1,0,21,3,14,2,1,0,17,1,14,1,0,0,0,0,0,0,0,0,4,0,3,0,0,0,10,0,4,1,1,0,3,1,7,0,0,0,4,2,0,1,3,3,34,7,29,8,3,1,27,3,29,2,0,1,1,2,3,0,1,0,2,0,6,2,0,0,17,1,11,0,2,0,7,0,9,0,0,2,7,4,0,6,1,1,13,3,7,2,1,0,13,1,7,1,0,0,0,1,0,0,0,0,0,0,1,1,0,0,11,0,4,0,1,0,2,0,2,0,0,1,0,2,0,1
117,Sep-17,14486,4,T,T,T,T,T,82.6,0.45,25.33,523.5,1770,8532,798,473,580,803,40.00000001,7,6,0,5,0,47,0,6,69,10,40,15,0,1,61,1,38,10,0,0,7,0,1,4,0,1,9,0,9,2,0,0,28,0,18,2,0,0,17,1,10,2,0,5,8,9,2,5,0,0,4,4,1,1,0,6,33,6,27,8,0,1,29,1,26,4,0,0,4,0,1,2,0,1,6,0,7,1,0,0,8,0,12,0,0,0,11,1,6,1,0,5,4,5,1,4,0,0,18,2,6,4,0,0,17,0,5,3,0,0,2,0,0,1,0,0,1,0,2,0,0,0,10,0,0,1,0,0,4,0,3,1,0,0,1,2,1,1,0,6,51,8,34,11,0,1,44,1,33,7,0,0,5,0,1,3,0,1,8,0,7,2,0,0,18,0,18,1,0,0,13,1,7,1,0,5,7,7,1,4,0,0,18,2,7,3,0,0,15,0,7,3,0,0,1,0,0,1,0,0,2,0,0,1,0,0,10,0,6,1,0,0,2,0,1,0,0,0,3,2,0,0
118,Oct-17,17973,4,T,T,T,T,T,85.5,0.45,25.33,573.7,1800,10137,965,557,706,1578,47.00000001,10,5,0,6,4,38,3,7,54,11,42,9,3,2,49,4,42,3,0,0,5,1,2,1,0,1,10,0,9,1,1,1,23,1,17,0,2,0,11,2,14,1,0,5,5,7,0,6,0,2,3,5,0,1,0,3,22,3,20,8,0,0,20,1,20,3,0,0,3,0,1,1,0,0,4,0,4,1,0,0,7,1,8,0,0,0,6,0,7,1,0,3,2,2,0,5,2,3,13,3,13,0,2,2,12,1,13,0,0,0,1,0,1,0,0,1,4,0,2,0,1,1,6,0,5,0,1,0,1,1,5,0,0,1,1,2,0,0,1,4,41,8,29,9,1,0,37,3,29,3,0,0,4,1,1,1,0,0,6,0,7,1,0,0,17,1,12,0,1,0,10,1,9,1,0,4,4,5,0,6,1,1,19,5,9,1,1,0,17,2,9,0,0,0,1,1,0,0,0,0,2,0,3,0,0,0,10,0,4,0,1,0,4,1,2,0,0,1,2,3,0,1
119,Nov-17,15071,4,T,T,T,T,T,86.1,0.45,8.75,475.7,1670,6707,1006,530,525,958,47,10,3,0,5,2,41,1,5,54,5,33,7,1,3,48,1,32,4,0,0,7,1,4,0,1,3,12,0,5,1,0,0,18,0,12,0,0,0,11,0,11,3,0,2,6,4,1,3,0,1,0,2,0,0,0,3,28,3,17,6,0,2,22,1,16,3,0,0,4,1,3,0,0,2,8,0,2,1,0,0,5,0,7,0,0,0,5,0,4,2,0,1,6,2,1,3,1,1,15,1,9,1,1,1,15,0,9,1,0,0,3,0,1,0,1,1,2,0,1,0,0,0,6,0,3,0,0,0,4,0,4,1,0,0,0,1,0,0,0,4,39,4,24,6,0,2,33,1,23,3,0,0,4,1,3,0,0,2,10,0,4,1,0,0,12,0,9,0,0,0,7,0,7,2,0,2,6,3,1,3,0,1,11,1,7,0,0,0,11,0,7,0,0,0,0,0,0,0,0,0,2,0,2,0,0,0,7,0,2,0,0,0,2,0,3,0,0,1,0,1,0,0
120,Dec-17,16405,4,T,T,T,T,T,87.2,0.45,8.75,599.2,1600,7107,1084,500,477,1195,38,12,2,0,7,3,31,3,3,45,9,32,7,2,1,39,4,32,1,1,0,3,2,1,0,1,1,7,1,10,0,0,0,18,0,12,1,0,0,11,1,9,0,1,2,6,5,0,6,0,0,3,1,0,2,2,3,14,6,12,5,1,1,11,2,12,1,1,0,1,1,1,0,0,1,2,0,3,0,0,0,6,0,5,1,0,0,2,1,3,0,1,2,3,4,0,4,1,0,16,0,11,0,1,0,16,0,11,0,0,0,2,0,0,0,1,0,4,0,5,0,0,0,6,0,3,0,0,0,4,0,3,0,0,0,0,0,0,0,2,3,29,9,21,7,1,1,23,4,21,1,1,0,1,2,1,0,0,1,3,1,5,0,0,0,12,0,9,1,0,0,7,1,6,0,1,2,6,5,0,6,0,0,15,3,9,2,0,0,12,2,9,0,0,0,0,1,0,0,0,0,1,1,2,0,0,0,6,0,4,0,0,0,5,0,3,0,0,0,3,1,0,2
121,Jan-18,16484,4,T,T,T,T,T,94.7,0.45,8.75,564,1700,9165,1819,512,548,1790,41.00000001,8,1,1,15,5,38,1,5,52,4,37,7,1,1,38,1,37,1,1,0,2,0,3,0,0,0,8,0,11,0,0,0,22,1,14,1,0,1,6,0,9,0,0,4,14,3,0,6,0,0,2,1,0,2,0,4,34,3,25,5,0,0,22,1,25,1,0,0,2,0,1,0,0,0,4,0,9,0,0,0,12,1,9,1,0,0,4,0,6,0,0,4,12,2,0,4,0,0,9,1,6,0,0,0,8,0,6,0,0,0,0,0,0,0,0,0,3,0,2,0,0,0,4,0,2,0,0,0,1,0,2,0,0,0,1,1,0,0,1,5,43,3,31,7,1,1,30,1,31,1,1,0,2,0,3,0,0,0,5,0,9,0,0,0,18,1,12,1,0,1,5,0,7,0,0,4,13,2,0,6,1,1,9,0,6,2,1,1,8,0,6,0,1,0,0,0,2,0,0,0,1,0,0,0,0,0,6,0,3,0,0,1,1,0,1,0,0,0,1,0,0,2
122,Feb-18,16081,4,T,T,T,T,T,89.2,0.73,8.75,564,1800,8684,1572,482,726,1230,31,13,3,0,3,1,43,0,9,57,6,29,12,0,4,47,0,27,3,0,2,8,0,2,1,0,0,9,0,4,0,0,0,22,0,12,1,0,2,8,0,9,1,0,5,10,6,2,9,0,0,3,2,0,1,0,7,23,4,15,11,0,2,16,0,13,3,0,1,2,0,0,1,0,0,3,0,3,0,0,0,6,0,6,1,0,1,5,0,4,1,0,5,7,4,2,8,0,2,13,1,6,0,0,2,11,0,6,0,0,1,2,0,2,0,0,0,3,0,0,0,0,0,5,0,0,0,0,1,1,0,4,0,0,0,2,1,0,0,0,7,44,5,23,12,0,2,36,0,21,3,0,1,6,0,0,1,0,0,6,0,4,0,0,0,17,0,12,1,0,1,7,0,5,1,0,5,8,5,2,9,0,0,21,1,8,1,0,0,20,0,8,0,0,0,4,0,0,0,0,0,3,0,1,0,0,0,11,0,6,0,0,0,2,0,1,0,0,0,1,1,0,1
123,Mar-18,17604,4,T,T,T,T,T,89.1,0.73,8.75,564,1500,9409,1593,452,1327,1395,38,5,1,0,6,1,30,2,9,34,6,43,10,1,6,28,3,39,5,0,2,2,2,0,0,0,2,2,0,5,2,0,1,14,1,16,2,1,1,10,0,18,1,1,3,6,3,4,5,1,2,3,2,1,1,1,7,13,4,20,7,1,6,10,3,17,3,0,2,2,2,0,0,0,2,2,0,2,1,0,1,4,1,8,1,1,1,2,0,7,1,0,1,3,1,3,4,1,0,12,2,16,2,0,0,11,0,15,2,0,0,0,0,0,0,0,0,0,0,2,1,0,0,8,0,5,1,0,0,3,0,8,0,1,0,1,2,1,0,1,9,22,4,27,8,1,6,17,3,24,3,0,2,2,2,0,0,0,2,2,0,3,1,0,1,6,1,11,1,1,1,7,0,10,1,0,3,5,1,3,5,0,2,9,0,7,1,0,0,7,0,7,0,0,0,0,0,0,0,0,0,0,0,1,0,0,0,2,0,3,0,0,0,5,0,3,0,0,2,2,0,0,1
124,Apr-18,15319,4,T,T,T,T,T,87.2,0.73,8.75,545.6833333,1770,8409,1674,405,1023,1216,42.99999999,13,3,0,1,5,38,1,2,44,6,44,15,1,0,33,1,41,4,0,0,3,0,4,0,0,0,1,0,5,2,0,0,14,1,12,1,1,0,15,0,20,1,0,2,11,5,3,11,0,1,4,0,0,4,1,1,25,5,24,11,1,0,18,0,21,4,0,0,2,0,2,0,0,0,0,0,2,2,0,0,5,0,6,1,1,0,11,0,11,1,0,1,7,5,3,7,0,0,12,0,13,1,0,0,9,0,13,0,0,0,1,0,1,0,0,0,1,0,2,0,0,0,5,0,2,0,0,0,2,0,8,0,0,0,3,0,0,1,1,2,32,6,31,14,1,0,24,1,28,4,0,0,2,0,3,0,0,0,0,0,3,2,0,0,9,1,10,1,1,0,13,0,12,1,0,2,8,5,3,10,0,1,7,1,7,3,0,0,6,1,7,0,0,0,0,0,1,0,0,0,0,0,1,0,0,0,4,1,4,0,0,0,2,0,1,0,0,1,1,0,0,3
125,May-18,17035,4,T,T,T,T,T,87.3,0.73,8.75,545.6833333,1500,9672,1391,429,538,1500,30,19,6,0,5,0,49,2,2,47,8,37,4,2,1,34,2,35,1,0,0,4,0,2,0,1,1,3,0,11,1,0,0,14,2,13,0,1,0,13,0,9,0,0,1,13,6,2,3,0,0,1,0,1,0,1,1,23,6,19,3,1,0,11,0,18,0,0,0,0,0,1,0,1,0,0,0,6,0,0,0,3,0,7,0,0,0,8,0,4,0,0,1,12,6,1,3,1,1,13,0,11,1,1,1,12,0,10,1,0,0,1,0,1,0,0,1,1,0,5,1,0,0,6,0,2,0,1,0,4,0,2,0,0,0,1,0,1,0,1,1,34,8,26,3,1,0,22,2,25,0,0,0,3,0,1,0,1,0,2,0,6,0,0,0,8,2,11,0,0,0,9,0,7,0,0,1,12,6,1,3,0,0,11,2,7,0,0,0,11,2,7,0,0,0,3,0,0,0,0,0,2,0,0,0,0,0,5,2,4,0,0,0,1,0,3,0,0,0,0,0,0,0
126,Jun-18,16802,4,T,T,T,T,T,87.3,0.73,8.75,545.6833333,1400,9708,1391,562,465,1186,38.00000001,13,2,0,6,1,40,0,2,42,11,39,8,0,1,28,1,34,3,0,0,3,0,4,0,0,0,5,0,4,0,0,1,11,1,11,2,0,0,9,0,15,1,0,1,14,10,5,5,0,1,3,1,1,2,0,1,26,10,25,4,0,1,15,1,21,1,0,0,1,0,3,0,0,0,3,0,4,0,0,1,4,1,4,1,0,0,7,0,10,0,0,0,11,9,4,3,0,1,9,0,8,1,0,0,8,0,7,1,0,0,1,0,0,0,0,0,1,0,0,0,0,0,5,0,3,1,0,0,1,0,4,0,0,1,1,0,1,0,0,1,33,11,31,7,0,1,20,1,27,2,0,0,2,0,4,0,0,0,4,0,4,0,0,1,6,1,8,1,0,0,8,0,11,1,0,0,13,10,4,5,0,0,7,1,6,3,0,0,5,0,6,1,0,0,1,0,1,0,0,0,1,0,0,0,0,0,2,0,4,0,0,0,1,0,1,1,0,0,2,1,0,2
127,Jul-18,15910,4,T,T,T,T,T,85,0.73,8.75,615,1450,8830,1334,604,561,1373,49,16,8,0,3,1,52,1,7,52,9,34,8,1,3,38,2,30,3,1,1,8,0,2,0,0,1,7,0,5,0,0,0,12,2,10,2,0,1,11,0,13,1,0,4,14,7,4,5,0,3,2,3,1,0,1,4,31,5,17,8,1,3,19,1,14,3,1,1,2,0,1,0,0,1,3,0,4,0,0,0,8,1,3,2,0,1,6,0,6,1,0,1,12,4,3,5,0,1,15,2,7,0,0,0,13,1,7,0,0,0,4,0,0,0,0,0,3,0,1,0,0,0,3,1,2,0,0,0,3,0,4,0,0,1,2,1,0,0,1,6,37,7,27,8,1,3,25,1,23,3,1,1,4,0,2,0,0,1,4,0,4,0,0,0,9,1,8,2,0,1,8,0,9,1,0,3,12,6,4,5,0,2,6,2,10,0,0,0,6,0,9,0,0,0,2,0,1,0,0,0,1,0,0,0,0,0,1,0,5,0,0,0,2,0,3,0,0,2,0,2,1,0
128,Aug-18,13355,4,T,T,T,T,T,87.4,0.73,8.75,615,1500,6077,952,539,785,1509,40,8,4,1,2,4,33,0,8,69,6,50,15,0,7,34,1,41,5,0,1,3,0,1,0,0,1,4,0,3,1,0,0,14,1,17,1,0,5,13,0,20,3,0,1,35,5,9,10,0,0,8,2,2,1,0,8,46,3,33,12,0,7,19,0,26,3,0,1,2,0,1,0,0,1,3,0,1,0,0,0,5,0,8,0,0,5,9,0,16,3,0,1,27,3,7,9,0,0,8,1,10,0,0,0,7,1,9,0,0,0,1,0,0,0,0,0,1,0,1,0,0,0,4,1,5,0,0,0,1,0,3,0,0,0,1,0,1,0,0,8,61,5,40,15,0,7,27,0,32,5,0,1,2,0,1,0,0,1,3,0,2,1,0,0,10,0,12,1,0,5,12,0,17,3,0,1,34,5,8,10,0,0,15,2,7,3,0,0,8,0,6,2,0,0,0,0,0,0,0,0,0,0,1,1,0,0,5,0,4,1,0,0,3,0,1,0,0,0,7,2,1,1
129,Sep-18,15280,4,T,T,T,T,T,84.3,0.73,8.75,615,1600,6815,1132,362,595,1155,52,12,2,0,1,1,40,3,0,49,4,42,7,3,0,37,1,40,5,0,0,5,1,1,2,2,0,3,0,12,1,0,0,22,0,12,1,1,0,7,0,15,1,0,0,12,3,2,2,0,0,5,1,0,0,1,0,25,3,24,3,1,0,18,1,22,1,0,0,3,1,1,1,1,0,2,0,7,0,0,0,11,0,8,0,0,0,2,0,6,0,0,0,7,2,2,2,1,0,14,0,11,2,1,0,11,0,11,2,0,0,1,0,0,1,1,0,0,0,1,0,0,0,7,0,3,1,0,0,3,0,7,0,0,0,3,0,0,0,2,0,35,4,31,5,2,0,26,1,29,3,0,0,4,1,1,1,1,0,3,0,11,1,0,0,15,0,9,0,1,0,4,0,8,1,0,0,9,3,2,2,1,0,10,1,7,2,1,0,8,0,7,2,0,0,1,0,0,0,0,0,1,0,4,1,0,0,4,0,1,0,1,0,2,0,2,1,0,0,2,1,0,0
130,Oct-18,17232,4,T,T,T,T,T,87.7,0.73,8.75,620.95,1770,8406,1509,823,570,1507,33,14,4,0,6,0,46,2,5,83,6,49,15,2,4,61,0,40,6,0,0,8,0,1,0,1,0,7,0,13,1,1,0,26,0,14,1,0,4,20,0,12,4,0,1,22,6,9,9,0,1,5,3,2,0,2,4,43,3,29,14,2,4,26,0,22,5,0,0,1,0,1,0,1,0,6,0,7,1,1,0,9,0,9,1,0,4,10,0,5,3,0,0,17,3,7,9,0,1,14,2,15,1,0,0,13,0,14,1,0,0,2,0,0,0,0,0,0,0,6,0,0,0,7,0,4,0,0,0,4,0,4,1,0,1,1,2,1,0,2,4,69,4,34,14,2,4,48,0,26,5,0,0,6,0,1,0,1,0,7,0,7,1,1,0,19,0,10,1,0,4,16,0,8,3,0,0,21,4,8,9,0,0,26,1,5,0,0,0,22,0,4,0,0,0,5,0,0,0,0,0,1,0,0,0,0,0,10,0,1,0,0,0,6,0,3,0,0,0,4,1,1,0
131,Nov-18,15804,4,T,T,T,T,T,88.3,0.73,8.75,620.95,1800,7949,1033,434,572,1060,40,2,7,0,7,1,,0,4,52,9,37,12,0,3,40,1,34,5,0,0,9,0,1,0,0,0,1,0,10,2,0,1,20,1,16,2,0,2,10,0,7,1,0,1,12,8,3,7,0,1,3,2,1,1,0,1,34,7,21,8,0,1,25,1,19,2,0,0,6,0,1,0,0,0,1,0,6,1,0,0,10,1,8,1,0,1,8,0,4,0,0,0,9,6,2,6,0,2,7,0,9,2,0,1,6,0,8,1,0,0,1,0,0,0,0,0,0,0,3,0,0,0,3,0,4,1,0,1,2,0,1,0,0,1,1,0,1,1,0,2,45,9,28,10,0,2,34,1,26,4,0,0,8,0,1,0,0,0,1,0,7,2,0,1,17,1,12,1,0,1,8,0,6,1,0,0,11,8,2,6,0,1,11,2,7,2,0,1,9,0,7,2,0,0,2,0,0,0,0,0,0,0,1,1,0,1,7,0,4,0,0,0,0,0,2,1,0,0,2,2,0,0
132,Dec-18,16243,4,T,T,T,T,T,86.4,0.73,8.75,620.95,1900,7035,1265,459,704,1227,46.00000001,15,5,0,2,0,,1,5,47,7,36,12,1,3,35,1,29,4,1,0,7,0,0,0,0,0,2,0,5,1,0,1,18,1,15,0,0,2,8,0,9,3,0,2,12,6,7,8,0,1,3,2,1,1,1,4,28,4,22,9,1,3,19,0,16,2,1,0,4,0,0,0,0,0,1,0,1,1,0,1,9,0,9,0,0,2,5,0,6,1,0,1,9,4,6,7,0,1,13,2,10,2,0,0,11,0,10,1,0,0,3,0,0,0,0,0,0,0,2,0,0,0,5,0,6,0,0,0,3,0,2,1,0,1,2,2,0,1,1,4,34,5,26,10,1,3,24,1,19,3,1,0,4,0,0,0,0,0,2,0,3,1,0,1,13,1,9,0,0,2,5,0,7,2,0,1,10,4,7,7,0,0,6,1,4,1,0,0,5,1,3,1,0,0,0,0,0,0,0,0,1,0,2,0,0,0,4,1,0,0,0,0,0,0,1,1,0,0,1,0,1,0
