study_m,phases,year,month,day,date,obd,csab_ho_clinical,crab_ho_clinical,cskp_ho_clinical,crkp_ho_clinical,cspa_ho_clinical,crpa_ho_clinical,csab_ho_bsi,crab_ho_bsi,cskp_ho_bsi,crkp_ho_bsi,cspa_ho_bsi,crpa_ho_bsi,csab_ho_resp,crab_ho_resp,cskp_ho_resp,crkp_ho_resp,cspa_ho_resp,crpa_ho_resp,csab_ho_uti,crab_ho_uti,cskp_ho_uti,crkp_ho_uti,cspa_ho_uti,crpa_ho_uti,csab_ho_other,crab_ho_other,cskp_ho_other,crkp_ho_other,cspa_ho_other,crpa_ho_other,csab_ho_swab,crab_ho_swab,cskp_ho_swab,crkp_ho_swab,cspa_ho_swab,crpa_ho_swab,csab_co_nothca_clinical,crab_co_nothca_clinical,cskp_co_nothca_clinical,crkp_co_nothca_clinical,cspa_co_nothca_clinical,crpa_co_nothca_clinical,csab_co_nothca_bsi,crab_co_nothca_bsi,cskp_co_nothca_bsi,crkp_co_nothca_bsi,cspa_co_nothca_bsi,crpa_co_nothca_bsi,csab_co_nothca_resp,crab_co_nothca_resp,cskp_co_nothca_resp,crkp_co_nothca_resp,cspa_co_nothca_resp,crpa_co_nothca_resp,csab_co_nothca_uti,crab_co_nothca_uti,cskp_co_nothca_uti,crkp_co_nothca_uti,cspa_co_nothca_uti,crpa_co_nothca_uti,csab_co_nothca_other,crab_co_nothca_other,cskp_co_nothca_other,crkp_co_nothca_other,cspa_co_nothca_other,crpa_co_nothca_other,csab_co_nothca_adm_swab,crab_co_nothca_adm_swab,cskp_co_nothca_adm_swab,crkp_co_nothca_adm_swab,cspa_co_nothca_adm_swab,crpa_co_nothca_adm_swab,csab_co_hca_clinical,crab_co_hca_clinical,cskp_co_hca_clinical,crkp_co_hca_clinical,cspa_co_hca_clinical,crpa_co_hca_clinical,csab_co_hca_bsi,crab_co_hca_bsi,cskp_co_hca_bsi,crkp_co_hca_bsi,cspa_co_hca_bsi,crpa_co_hca_bsi,csab_co_hca_resp,crab_co_hca_resp,cskp_co_hca_resp,crkp_co_hca_resp,cspa_co_hca_resp,crpa_co_hca_resp,csab_co_hca_uti,crab_co_hca_uti,cskp_co_hca_uti,crkp_co_hca_uti,cspa_co_hca_uti,crpa_co_hca_uti,csab_co_hca_other,crab_co_hca_other,cskp_co_hca_other,crkp_co_hca_other,cspa_co_hca_other,crpa_co_hca_other,csab_co_hca_adm_swab,crab_co_hca_adm_swab,cskp_co_hca_adm_swab,crkp_co_hca_adm_swab,cspa_co_hca_adm_swab,crpa_co_hca_adm_swab,csab_ho_clinical_incid,crab_ho_clinical_incid,cskp_ho_clinical_incid,crkp_ho_clinical_incid,cspa_ho_clinical_incid,crpa_ho_clinical_incid,csab_ho_bsi_incid,crab_ho_bsi_incid,cskp_ho_bsi_incid,crkp_ho_bsi_incid,cspa_ho_bsi_incid,crpa_ho_bsi_incid,csab_ho_resp_incid,crab_ho_resp_incid,cskp_ho_resp_incid,crkp_ho_resp_incid,cspa_ho_resp_incid,crpa_ho_resp_incid,csab_ho_uti_incid,crab_ho_uti_incid,cskp_ho_uti_incid,crkp_ho_uti_incid,cspa_ho_uti_incid,crpa_ho_uti_incid,csab_ho_other_incid,crab_ho_other_incid,cskp_ho_other_incid,crkp_ho_other_incid,cspa_ho_other_incid,crpa_ho_other_incid,csab_ho_swab_incid,crab_ho_swab_incid,cskp_ho_swab_incid,crkp_ho_swab_incid,cspa_ho_swab_incid,crpa_ho_swab_incid,csab_co_nothca_clinical_incid,crab_co_nothca_clinical_incid,cskp_co_nothca_clinical_incid,crkp_co_nothca_clinical_incid,cspa_co_nothca_clinical_incid,crpa_co_nothca_clinical_incid,csab_co_nothca_bsi_incid,crab_co_nothca_bsi_incid,cskp_co_nothca_bsi_incid,crkp_co_nothca_bsi_incid,cspa_co_nothca_bsi_incid,crpa_co_nothca_bsi_incid,csab_co_nothca_resp_incid,crab_co_nothca_resp_incid,cskp_co_nothca_resp_incid,crkp_co_nothca_resp_incid,cspa_co_nothca_resp_incid,crpa_co_nothca_resp_incid,csab_co_nothca_uti_incid,crab_co_nothca_uti_incid,cskp_co_nothca_uti_incid,crkp_co_nothca_uti_incid,cspa_co_nothca_uti_incid,crpa_co_nothca_uti_incid,csab_co_nothca_other_incid,crab_co_nothca_other_incid,cskp_co_nothca_other_incid,crkp_co_nothca_other_incid,cspa_co_nothca_other_incid,crpa_co_nothca_other_incid,csab_co_nothca_adm_swab_incid,crab_co_nothca_adm_swab_incid,cskp_co_nothca_adm_swab_incid,crkp_co_nothca_adm_swab_incid,cspa_co_nothca_adm_swab_incid,crpa_co_nothca_adm_swab_incid,csab_co_hca_clinical_incid,crab_co_hca_clinical_incid,cskp_co_hca_clinical_incid,crkp_co_hca_clinical_incid,cspa_co_hca_clinical_incid,crpa_co_hca_clinical_incid,csab_co_hca_bsi_incid,crab_co_hca_bsi_incid,cskp_co_hca_bsi_incid,crkp_co_hca_bsi_incid,cspa_co_hca_bsi_incid,crpa_co_hca_bsi_incid,csab_co_hca_resp_incid,crab_co_hca_resp_incid,cskp_co_hca_resp_incid,crkp_co_hca_resp_incid,cspa_co_hca_resp_incid,crpa_co_hca_resp_incid,csab_co_hca_uti_incid,crab_co_hca_uti_incid,cskp_co_hca_uti_incid,crkp_co_hca_uti_incid,cspa_co_hca_uti_incid,crpa_co_hca_uti_incid,csab_co_hca_other_incid,crab_co_hca_other_incid,cskp_co_hca_other_incid,crkp_co_hca_other_incid,cspa_co_hca_other_incid,crpa_co_hca_other_incid,csab_co_hca_adm_swab_incid,crab_co_hca_adm_swab_incid,cskp_co_hca_adm_swab_incid,crkp_co_hca_adm_swab_incid,cspa_co_hca_adm_swab_incid,crpa_co_hca_adm_swab_incid
1,1,2008,1,1,01/01/2008,18408,0,0,11,0,25,3,0,0,0,0,1,1,0,0,3,0,10,1,0,0,4,0,6,1,0,0,4,0,8,0,0,0,2,0,3,0,0,0,1,0,7,0,0,0,0,0,0,0,0,0,0,0,1,0,0,0,1,0,4,0,0,0,0,0,2,0,0,0,1,0,1,0,1,0,3,0,4,0,0,0,1,0,1,0,1,0,0,0,2,0,0,0,1,0,0,0,0,0,1,0,1,0,0,0,0,0,1,0,0,0,5.98,0,13.58,1.63,0,0,0,0,0.54,0.54,0,0,1.63,0,5.43,0.54,0,0,2.17,0,3.26,0.54,0,0,2.17,0,4.35,0,0,0,1.09,0,1.63,0,0,0,0.54,0,3.8,0,0,0,0,0,0,0,0,0,0,0,0.54,0,0,0,0.54,0,2.17,0,0,0,0,0,1.09,0,0,0,0.54,0,0.54,0,0.54,0,1.63,0,2.17,0,0,0,0.54,0,0.54,0,0.54,0,0,0,1.09,0,0,0,0.54,0,0,0,0,0,0.54,0,0.54,0,0,0,0,0,0.54,0
2,1,2008,2,1,01/02/2008,18408,1,0,8,0,25,3,0,0,2,0,1,0,1,0,1,0,6,2,0,0,5,0,8,1,0,0,0,0,10,0,0,0,2,0,3,1,0,0,2,0,2,0,0,0,0,0,0,0,0,0,1,0,0,0,0,0,0,0,1,0,0,0,1,0,1,0,0,0,0,0,0,0,0,0,4,0,8,0,0,0,1,0,0,0,0,0,1,0,5,0,0,0,1,0,2,0,0,0,1,0,1,0,0,0,0,0,0,0,0.54,0,4.35,0,13.58,1.63,0,0,1.09,0,0.54,0,0.54,0,0.54,0,3.26,1.09,0,0,2.72,0,4.35,0.54,0,0,0,0,5.43,0,0,0,1.09,0,1.63,0.54,0,0,1.09,0,1.09,0,0,0,0,0,0,0,0,0,0.54,0,0,0,0,0,0,0,0.54,0,0,0,0.54,0,0.54,0,0,0,0,0,0,0,0,0,2.17,0,4.35,0,0,0,0.54,0,0,0,0,0,0.54,0,2.72,0,0,0,0.54,0,1.09,0,0,0,0.54,0,0.54,0,0,0,0,0,0,0
3,1,2008,3,1,01/03/2008,18408,2,0,9,0,16,1,0,0,2,0,2,0,1,0,2,0,2,1,0,0,5,0,5,0,1,0,0,0,7,0,0,0,1,0,0,1,0,0,5,0,4,0,0,0,1,0,0,0,0,0,1,0,2,0,0,0,3,0,1,0,0,0,0,0,1,0,0,0,0,0,1,0,0,0,4,0,3,0,0,0,1,0,0,0,0,0,0,0,0,0,0,0,2,0,2,0,0,0,1,0,1,0,0,0,0,0,0,0,1.09,0,4.89,0,8.69,0.54,0,0,1.09,0,1.09,0,0.54,0,1.09,0,1.09,0.54,0,0,2.72,0,2.72,0,0.54,0,0,0,3.8,0,0,0,0.54,0,0,0.54,0,0,2.72,0,2.17,0,0,0,0.54,0,0,0,0,0,0.54,0,1.09,0,0,0,1.63,0,0.54,0,0,0,0,0,0.54,0,0,0,0,0,0.54,0,0,0,2.17,0,1.63,0,0,0,0.54,0,0,0,0,0,0,0,0,0,0,0,1.09,0,1.09,0,0,0,0.54,0,0.54,0,0,0,0,0,0,0
4,1,2008,4,1,01/04/2008,18408,1,0,16,0,22,2,0,0,2,0,1,0,0,0,5,0,9,2,0,0,6,0,9,0,1,0,3,0,3,0,0,0,0,0,3,1,0,0,4,0,2,0,0,0,0,0,0,0,0,0,1,0,1,0,0,0,3,0,0,0,0,0,0,0,1,0,0,0,1,0,1,0,0,0,3,0,4,0,0,0,1,0,0,0,0,0,0,0,1,0,0,0,1,0,2,0,0,0,1,0,1,0,0,0,1,0,1,0,0.54,0,8.69,0,11.95,1.09,0,0,1.09,0,0.54,0,0,0,2.72,0,4.89,1.09,0,0,3.26,0,4.89,0,0.54,0,1.63,0,1.63,0,0,0,0,0,1.63,0.54,0,0,2.17,0,1.09,0,0,0,0,0,0,0,0,0,0.54,0,0.54,0,0,0,1.63,0,0,0,0,0,0,0,0.54,0,0,0,0.54,0,0.54,0,0,0,1.63,0,2.17,0,0,0,0.54,0,0,0,0,0,0,0,0.54,0,0,0,0.54,0,1.09,0,0,0,0.54,0,0.54,0,0,0,0.54,0,0.54,0
5,1,2008,5,1,01/05/2008,18408,1,0,15,1,21,4,0,0,0,0,3,0,1,0,3,0,8,4,0,0,8,0,3,0,0,0,4,1,7,0,0,0,2,0,3,0,0,0,3,0,2,1,0,0,0,0,0,0,0,0,0,0,0,0,0,0,3,0,0,0,0,0,0,0,2,1,0,0,0,0,0,0,0,0,4,0,8,1,0,0,1,0,0,0,0,0,1,0,2,0,0,0,1,0,3,1,0,0,1,0,3,0,0,0,0,0,0,0,0.54,0,8.15,0.54,11.41,2.17,0,0,0,0,1.63,0,0.54,0,1.63,0,4.35,2.17,0,0,4.35,0,1.63,0,0,0,2.17,0.54,3.8,0,0,0,1.09,0,1.63,0,0,0,1.63,0,1.09,0.54,0,0,0,0,0,0,0,0,0,0,0,0,0,0,1.63,0,0,0,0,0,0,0,1.09,0.54,0,0,0,0,0,0,0,0,2.17,0,4.35,0.54,0,0,0.54,0,0,0,0,0,0.54,0,1.09,0,0,0,0.54,0,1.63,0.54,0,0,0.54,0,1.63,0,0,0,0,0,0,0
6,1,2008,6,1,01/06/2008,18408,0,0,8,0,18,6,0,0,0,0,1,0,0,0,5,0,6,3,0,0,3,0,7,1,0,0,0,0,4,2,0,0,1,0,0,2,0,0,1,0,7,0,0,0,0,0,0,0,0,0,0,0,2,0,0,0,0,0,2,0,0,0,1,0,3,0,0,0,0,0,1,0,0,0,2,0,6,0,0,0,0,0,0,0,0,0,0,0,2,0,0,0,2,0,2,0,0,0,0,0,2,0,0,0,0,0,0,0,0,0,4.35,0,9.78,3.26,0,0,0,0,0.54,0,0,0,2.72,0,3.26,1.63,0,0,1.63,0,3.8,0.54,0,0,0,0,2.17,1.09,0,0,0.54,0,0,1.09,0,0,0.54,0,3.8,0,0,0,0,0,0,0,0,0,0,0,1.09,0,0,0,0,0,1.09,0,0,0,0.54,0,1.63,0,0,0,0,0,0.54,0,0,0,1.09,0,3.26,0,0,0,0,0,0,0,0,0,0,0,1.09,0,0,0,1.09,0,1.09,0,0,0,0,0,1.09,0,0,0,0,0,0,0
7,1,2008,7,1,01/07/2008,18408,1,0,17,0,24,7,0,0,1,0,2,0,1,0,6,0,8,2,0,0,9,0,7,3,0,0,1,0,7,2,0,0,1,0,2,0,0,0,3,0,4,1,0,0,1,0,0,0,0,0,1,0,2,1,0,0,1,0,1,0,0,0,0,0,1,0,0,0,0,0,1,0,1,0,3,0,6,1,0,0,0,0,0,0,1,0,0,0,1,0,0,0,3,0,3,1,0,0,0,0,2,0,0,0,0,0,0,0,0.54,0,9.24,0,13.04,3.8,0,0,0.54,0,1.09,0,0.54,0,3.26,0,4.35,1.09,0,0,4.89,0,3.8,1.63,0,0,0.54,0,3.8,1.09,0,0,0.54,0,1.09,0,0,0,1.63,0,2.17,0.54,0,0,0.54,0,0,0,0,0,0.54,0,1.09,0.54,0,0,0.54,0,0.54,0,0,0,0,0,0.54,0,0,0,0,0,0.54,0,0.54,0,1.63,0,3.26,0.54,0,0,0,0,0,0,0.54,0,0,0,0.54,0,0,0,1.63,0,1.63,0.54,0,0,0,0,1.09,0,0,0,0,0,0,0
8,1,2008,8,1,01/08/2008,14345,1,1,17,1,29,2,0,0,1,0,4,0,0,0,7,0,10,1,0,1,7,0,7,0,1,0,2,1,8,1,0,0,2,0,1,0,0,0,4,0,5,0,0,0,0,0,0,0,0,0,0,0,0,0,0,0,4,0,5,0,0,0,0,0,0,0,1,0,0,0,0,0,0,0,5,0,5,0,0,0,2,0,1,0,0,0,0,0,2,0,0,0,2,0,2,0,0,0,1,0,0,0,0,0,1,0,0,0,0.7,0.7,11.85,0.7,20.22,1.39,0,0,0.7,0,2.79,0,0,0,4.88,0,6.97,0.7,0,0.7,4.88,0,4.88,0,0.7,0,1.39,0.7,5.58,0.7,0,0,1.39,0,0.7,0,0,0,2.79,0,3.49,0,0,0,0,0,0,0,0,0,0,0,0,0,0,0,2.79,0,3.49,0,0,0,0,0,0,0,0.7,0,0,0,0,0,0,0,3.49,0,3.49,0,0,0,1.39,0,0.7,0,0,0,0,0,1.39,0,0,0,1.39,0,1.39,0,0,0,0.7,0,0,0,0,0,0.7,0,0,0
9,1,2008,9,1,01/09/2008,17613,3,4,10,5,22,4,0,0,0,3,0,1,2,1,0,0,6,1,1,1,8,2,8,1,0,2,2,0,8,1,2,0,1,0,3,0,0,0,8,0,5,1,0,0,0,0,0,0,0,0,1,0,2,0,0,0,3,0,1,0,0,0,4,0,2,1,0,0,1,0,2,0,1,0,6,0,4,1,0,0,1,0,0,0,0,0,2,0,2,1,1,0,2,0,2,0,0,0,1,0,0,0,0,1,1,0,0,0,1.7,2.27,5.68,2.84,12.49,2.27,0,0,0,1.7,0,0.57,1.14,0.57,0,0,3.41,0.57,0.57,0.57,4.54,1.14,4.54,0.57,0,1.14,1.14,0,4.54,0.57,1.14,0,0.57,0,1.7,0,0,0,4.54,0,2.84,0.57,0,0,0,0,0,0,0,0,0.57,0,1.14,0,0,0,1.7,0,0.57,0,0,0,2.27,0,1.14,0.57,0,0,0.57,0,1.14,0,0.57,0,3.41,0,2.27,0.57,0,0,0.57,0,0,0,0,0,1.14,0,1.14,0.57,0.57,0,1.14,0,1.14,0,0,0,0.57,0,0,0,0,0.57,0.57,0,0,0
10,1,2008,10,1,01/10/2008,20465,1,1,16,0,24,2,0,1,3,0,3,1,1,0,6,0,5,1,0,0,6,0,6,0,0,0,1,0,10,0,0,0,3,0,2,1,0,0,3,0,3,0,0,0,0,0,2,0,0,0,0,0,1,0,0,0,3,0,0,0,0,0,0,0,0,0,0,0,0,0,0,0,0,0,4,0,4,1,0,0,1,0,1,0,0,0,0,0,2,1,0,0,3,0,0,0,0,0,0,0,1,0,0,0,0,0,0,0,0.49,0.49,7.82,0,11.73,0.98,0,0.49,1.47,0,1.47,0.49,0.49,0,2.93,0,2.44,0.49,0,0,2.93,0,2.93,0,0,0,0.49,0,4.89,0,0,0,1.47,0,0.98,0.49,0,0,1.47,0,1.47,0,0,0,0,0,0.98,0,0,0,0,0,0.49,0,0,0,1.47,0,0,0,0,0,0,0,0,0,0,0,0,0,0,0,0,0,1.95,0,1.95,0.49,0,0,0.49,0,0.49,0,0,0,0,0,0.98,0.49,0,0,1.47,0,0,0,0,0,0,0,0.49,0,0,0,0,0,0,0
11,1,2008,11,1,01/11/2008,18528,1,1,8,2,19,2,1,0,0,0,1,0,0,0,0,0,8,0,0,1,5,1,7,0,0,0,3,1,3,2,2,0,0,0,2,0,2,0,7,0,6,3,0,0,0,0,1,0,1,0,0,0,2,0,1,0,6,0,0,3,0,0,1,0,3,0,0,0,1,0,0,0,0,1,3,0,5,0,0,0,0,0,1,0,0,0,0,0,1,0,0,1,2,0,1,0,0,0,1,0,2,0,0,0,0,0,0,0,0.54,0.54,4.32,1.08,10.25,1.08,0.54,0,0,0,0.54,0,0,0,0,0,4.32,0,0,0.54,2.7,0.54,3.78,0,0,0,1.62,0.54,1.62,1.08,1.08,0,0,0,1.08,0,1.08,0,3.78,0,3.24,1.62,0,0,0,0,0.54,0,0.54,0,0,0,1.08,0,0.54,0,3.24,0,0,1.62,0,0,0.54,0,1.62,0,0,0,0.54,0,0,0,0,0.54,1.62,0,2.7,0,0,0,0,0,0.54,0,0,0,0,0,0.54,0,0,0.54,1.08,0,0.54,0,0,0,0.54,0,1.08,0,0,0,0,0,0,0
12,1,2008,12,1,01/12/2008,14786,1,2,10,0,22,8,0,0,1,0,1,1,0,1,2,0,4,2,0,1,5,0,7,2,1,0,2,0,10,3,1,0,0,0,0,0,0,0,4,0,5,0,0,0,0,0,0,0,0,0,2,0,2,0,0,0,2,0,3,0,0,0,0,0,0,0,0,0,0,0,0,0,0,0,1,0,1,0,0,0,0,0,0,0,0,0,0,0,0,0,0,0,1,0,1,0,0,0,0,0,0,0,0,0,0,0,0,0,0.68,1.35,6.76,0,14.88,5.41,0,0,0.68,0,0.68,0.68,0,0.68,1.35,0,2.71,1.35,0,0.68,3.38,0,4.73,1.35,0.68,0,1.35,0,6.76,2.03,0.68,0,0,0,0,0,0,0,2.71,0,3.38,0,0,0,0,0,0,0,0,0,1.35,0,1.35,0,0,0,1.35,0,2.03,0,0,0,0,0,0,0,0,0,0,0,0,0,0,0,0.68,0,0.68,0,0,0,0,0,0,0,0,0,0,0,0,0,0,0,0.68,0,0.68,0,0,0,0,0,0,0,0,0,0,0,0,0
13,2,2009,1,1,01/01/2009,16932,1,1,7,0,14,3,0,0,2,0,0,0,1,1,1,0,5,1,0,0,1,0,5,1,0,0,3,0,4,1,0,0,4,0,3,1,0,0,2,0,7,0,0,0,1,0,1,0,0,0,0,0,2,0,0,0,1,0,3,0,0,0,0,0,1,0,0,0,1,0,0,0,0,0,3,1,0,0,0,0,1,0,0,0,0,0,1,1,0,0,0,0,1,0,0,0,0,0,0,0,0,0,0,0,0,0,1,0,0.59,0.59,4.13,0,8.27,1.77,0,0,1.18,0,0,0,0.59,0.59,0.59,0,2.95,0.59,0,0,0.59,0,2.95,0.59,0,0,1.77,0,2.36,0.59,0,0,2.36,0,1.77,0.59,0,0,1.18,0,4.13,0,0,0,0.59,0,0.59,0,0,0,0,0,1.18,0,0,0,0.59,0,1.77,0,0,0,0,0,0.59,0,0,0,0.59,0,0,0,0,0,1.77,0.59,0,0,0,0,0.59,0,0,0,0,0,0.59,0.59,0,0,0,0,0.59,0,0,0,0,0,0,0,0,0,0,0,0,0,0.59,0
14,2,2009,2,1,01/02/2009,16932,1,3,11,0,15,6,0,0,0,0,0,0,0,1,2,0,6,5,0,1,6,0,7,0,1,1,3,0,2,1,0,0,3,0,4,0,0,0,4,0,4,0,0,0,0,0,0,0,0,0,0,0,2,0,0,0,4,0,0,0,0,0,0,0,2,0,0,0,0,0,0,0,1,1,2,0,2,1,0,0,0,0,0,0,0,0,0,0,1,1,0,0,2,0,1,0,1,1,0,0,0,0,0,0,0,0,1,0,0.59,1.77,6.5,0,8.86,3.54,0,0,0,0,0,0,0,0.59,1.18,0,3.54,2.95,0,0.59,3.54,0,4.13,0,0.59,0.59,1.77,0,1.18,0.59,0,0,1.77,0,2.36,0,0,0,2.36,0,2.36,0,0,0,0,0,0,0,0,0,0,0,1.18,0,0,0,2.36,0,0,0,0,0,0,0,1.18,0,0,0,0,0,0,0,0.59,0.59,1.18,0,1.18,0.59,0,0,0,0,0,0,0,0,0,0,0.59,0.59,0,0,1.18,0,0.59,0,0.59,0.59,0,0,0,0,0,0,0,0,0.59,0
15,2,2009,3,1,01/03/2009,18518,0,6,8,0,16,3,0,2,1,0,1,0,0,4,3,0,7,1,0,0,1,0,6,0,0,0,3,0,2,2,0,0,1,0,2,1,0,2,7,0,9,0,0,0,1,0,1,0,0,0,1,0,2,0,0,2,4,0,2,0,0,0,1,0,4,0,0,0,0,0,0,0,0,1,4,0,5,1,0,1,1,0,1,0,0,0,0,0,3,0,0,0,2,0,1,1,0,0,1,0,0,0,0,0,0,0,0,0,0,3.24,4.32,0,8.64,1.62,0,1.08,0.54,0,0.54,0,0,2.16,1.62,0,3.78,0.54,0,0,0.54,0,3.24,0,0,0,1.62,0,1.08,1.08,0,0,0.54,0,1.08,0.54,0,1.08,3.78,0,4.86,0,0,0,0.54,0,0.54,0,0,0,0.54,0,1.08,0,0,1.08,2.16,0,1.08,0,0,0,0.54,0,2.16,0,0,0,0,0,0,0,0,0.54,2.16,0,2.7,0.54,0,0.54,0.54,0,0.54,0,0,0,0,0,1.62,0,0,0,1.08,0,0.54,0.54,0,0,0.54,0,0,0,0,0,0,0,0,0
16,2,2009,4,1,01/04/2009,17599,0,6,12,0,19,3,0,1,2,0,1,0,0,2,0,0,7,2,0,2,8,0,4,0,0,1,2,0,7,1,0,0,1,0,1,0,0,0,4,0,4,1,0,0,1,0,1,0,0,0,1,0,0,0,0,0,1,0,3,1,0,0,1,0,0,0,0,0,0,0,0,0,0,0,8,0,4,0,0,0,3,0,1,0,0,0,0,0,1,0,0,0,4,0,1,0,0,0,1,0,1,0,0,0,0,0,1,0,0,3.41,6.82,0,10.8,1.7,0,0.57,1.14,0,0.57,0,0,1.14,0,0,3.98,1.14,0,1.14,4.55,0,2.27,0,0,0.57,1.14,0,3.98,0.57,0,0,0.57,0,0.57,0,0,0,2.27,0,2.27,0.57,0,0,0.57,0,0.57,0,0,0,0.57,0,0,0,0,0,0.57,0,1.7,0.57,0,0,0.57,0,0,0,0,0,0,0,0,0,0,0,4.55,0,2.27,0,0,0,1.7,0,0.57,0,0,0,0,0,0.57,0,0,0,2.27,0,0.57,0,0,0,0.57,0,0.57,0,0,0,0,0,0.57,0
17,2,2009,5,1,01/05/2009,17032,0,4,15,0,13,3,0,0,0,0,2,1,0,1,2,0,1,0,0,2,9,0,4,0,0,1,4,0,6,2,0,0,1,0,1,1,0,1,7,0,7,0,0,0,1,0,1,0,0,0,3,0,2,0,0,1,3,0,2,0,0,0,0,0,2,0,0,0,0,0,0,0,0,1,1,0,10,1,0,0,0,0,0,0,0,1,0,0,2,1,0,0,0,0,5,0,0,0,1,0,3,0,0,0,1,0,0,0,0,2.35,8.81,0,7.63,1.76,0,0,0,0,1.17,0.59,0,0.59,1.17,0,0.59,0,0,1.17,5.28,0,2.35,0,0,0.59,2.35,0,3.52,1.17,0,0,0.59,0,0.59,0.59,0,0.59,4.11,0,4.11,0,0,0,0.59,0,0.59,0,0,0,1.76,0,1.17,0,0,0.59,1.76,0,1.17,0,0,0,0,0,1.17,0,0,0,0,0,0,0,0,0.59,0.59,0,5.87,0.59,0,0,0,0,0,0,0,0.59,0,0,1.17,0.59,0,0,0,0,2.94,0,0,0,0.59,0,1.76,0,0,0,0.59,0,0,0
18,2,2009,6,1,01/06/2009,18054,0,9,12,0,13,3,0,1,0,0,2,1,0,4,1,0,3,2,0,1,8,0,2,0,0,3,3,0,6,0,0,0,0,0,1,1,0,0,7,0,6,0,0,0,0,0,1,0,0,0,0,0,2,0,0,0,7,0,3,0,0,0,0,0,0,0,0,0,0,0,1,0,0,2,5,0,2,1,0,0,1,0,1,1,0,2,1,0,1,0,0,0,3,0,0,0,0,0,0,0,0,0,0,1,0,0,0,0,0,4.99,6.65,0,7.2,1.66,0,0.55,0,0,1.11,0.55,0,2.22,0.55,0,1.66,1.11,0,0.55,4.43,0,1.11,0,0,1.66,1.66,0,3.32,0,0,0,0,0,0.55,0.55,0,0,3.88,0,3.32,0,0,0,0,0,0.55,0,0,0,0,0,1.11,0,0,0,3.88,0,1.66,0,0,0,0,0,0,0,0,0,0,0,0.55,0,0,1.11,2.77,0,1.11,0.55,0,0,0.55,0,0.55,0.55,0,1.11,0.55,0,0.55,0,0,0,1.66,0,0,0,0,0,0,0,0,0,0,0.55,0,0,0,0
19,2,2009,7,1,01/07/2009,17576,2,9,17,1,18,3,0,1,2,0,2,0,1,1,2,0,2,1,1,3,8,1,8,0,0,4,5,0,6,2,0,3,2,0,0,0,0,0,5,0,7,0,0,0,1,0,0,0,0,0,0,0,2,0,0,0,4,0,2,0,0,0,0,0,3,0,0,0,0,0,0,0,0,2,3,0,4,1,0,0,1,0,0,0,0,1,0,0,0,0,0,0,1,0,3,0,0,1,1,0,1,1,0,0,0,0,0,0,1.14,5.12,9.67,0.57,10.24,1.71,0,0.57,1.14,0,1.14,0,0.57,0.57,1.14,0,1.14,0.57,0.57,1.71,4.55,0.57,4.55,0,0,2.28,2.84,0,3.41,1.14,0,1.71,1.14,0,0,0,0,0,2.84,0,3.98,0,0,0,0.57,0,0,0,0,0,0,0,1.14,0,0,0,2.28,0,1.14,0,0,0,0,0,1.71,0,0,0,0,0,0,0,0,1.14,1.71,0,2.28,0.57,0,0,0.57,0,0,0,0,0.57,0,0,0,0,0,0,0.57,0,1.71,0,0,0.57,0.57,0,0.57,0.57,0,0,0,0,0,0
20,2,2009,8,1,01/08/2009,13136,0,18,14,0,21,6,0,5,1,0,2,1,0,6,1,0,6,3,0,3,10,0,8,2,0,4,2,0,5,0,0,1,0,1,0,0,0,0,10,0,4,0,0,0,1,0,0,0,0,0,1,0,1,0,0,0,7,0,2,0,0,0,1,0,1,0,0,0,0,0,0,0,0,4,4,0,2,0,0,0,0,0,0,0,0,2,0,0,1,0,0,1,4,0,1,0,0,1,0,0,0,0,0,0,0,0,0,0,0,13.7,10.66,0,15.99,4.57,0,3.81,0.76,0,1.52,0.76,0,4.57,0.76,0,4.57,2.28,0,2.28,7.61,0,6.09,1.52,0,3.05,1.52,0,3.81,0,0,0.76,0,0.76,0,0,0,0,7.61,0,3.05,0,0,0,0.76,0,0,0,0,0,0.76,0,0.76,0,0,0,5.33,0,1.52,0,0,0,0.76,0,0.76,0,0,0,0,0,0,0,0,3.05,3.05,0,1.52,0,0,0,0,0,0,0,0,1.52,0,0,0.76,0,0,0.76,3.05,0,0.76,0,0,0.76,0,0,0,0,0,0,0,0,0,0
21,2,2009,9,1,01/09/2009,16801,1,20,14,1,20,2,0,0,0,0,1,0,1,11,6,0,5,1,0,4,3,0,6,0,0,5,5,1,8,1,1,0,1,0,1,0,0,0,11,0,7,0,0,0,1,0,0,0,0,0,2,0,0,0,0,0,8,0,3,0,0,0,0,0,4,0,0,0,0,0,0,0,0,2,4,0,2,2,0,0,0,0,0,0,0,1,1,0,0,1,0,1,2,0,1,1,0,0,1,0,1,0,0,1,0,0,0,0,0.6,11.9,8.33,0.6,11.9,1.19,0,0,0,0,0.6,0,0.6,6.55,3.57,0,2.98,0.6,0,2.38,1.79,0,3.57,0,0,2.98,2.98,0.6,4.76,0.6,0.6,0,0.6,0,0.6,0,0,0,6.55,0,4.17,0,0,0,0.6,0,0,0,0,0,1.19,0,0,0,0,0,4.76,0,1.79,0,0,0,0,0,2.38,0,0,0,0,0,0,0,0,1.19,2.38,0,1.19,1.19,0,0,0,0,0,0,0,0.6,0.6,0,0,0.6,0,0.6,1.19,0,0.6,0.6,0,0,0.6,0,0.6,0,0,0.6,0,0,0,0
22,2,2009,10,1,01/10/2009,19259,2,19,16,0,20,4,0,2,1,0,3,0,1,6,3,0,8,3,1,3,5,0,1,0,0,8,7,0,8,1,0,0,2,0,2,0,2,0,8,0,11,0,0,0,0,0,0,0,0,0,2,0,4,0,1,0,5,0,4,0,1,0,1,0,3,0,0,0,0,0,0,0,0,5,8,0,4,1,0,0,1,0,0,0,0,1,1,0,3,1,0,4,4,0,1,0,0,0,2,0,0,0,0,0,0,0,0,0,1.04,9.87,8.31,0,10.38,2.08,0,1.04,0.52,0,1.56,0,0.52,3.12,1.56,0,4.15,1.56,0.52,1.56,2.6,0,0.52,0,0,4.15,3.63,0,4.15,0.52,0,0,1.04,0,1.04,0,1.04,0,4.15,0,5.71,0,0,0,0,0,0,0,0,0,1.04,0,2.08,0,0.52,0,2.6,0,2.08,0,0.52,0,0.52,0,1.56,0,0,0,0,0,0,0,0,2.6,4.15,0,2.08,0.52,0,0,0.52,0,0,0,0,0.52,0.52,0,1.56,0.52,0,2.08,2.08,0,0.52,0,0,0,1.04,0,0,0,0,0,0,0,0,0
23,2,2009,11,1,01/11/2009,18177,1,10,8,0,16,1,0,0,0,0,2,0,0,2,2,0,5,0,1,6,3,0,5,1,0,2,3,0,4,0,0,3,0,0,2,0,0,0,6,0,4,0,0,0,1,0,0,0,0,0,2,0,1,0,0,0,3,0,0,0,0,0,0,0,3,0,0,0,1,0,0,0,0,1,7,0,2,1,0,0,1,0,0,0,0,1,0,0,1,0,0,0,4,0,0,1,0,0,2,0,1,0,0,0,0,0,0,0,0.55,5.5,4.4,0,8.8,0.55,0,0,0,0,1.1,0,0,1.1,1.1,0,2.75,0,0.55,3.3,1.65,0,2.75,0.55,0,1.1,1.65,0,2.2,0,0,1.65,0,0,1.1,0,0,0,3.3,0,2.2,0,0,0,0.55,0,0,0,0,0,1.1,0,0.55,0,0,0,1.65,0,0,0,0,0,0,0,1.65,0,0,0,0.55,0,0,0,0,0.55,3.85,0,1.1,0.55,0,0,0.55,0,0,0,0,0.55,0,0,0.55,0,0,0,2.2,0,0,0.55,0,0,1.1,0,0.55,0,0,0,0,0,0,0
24,2,2009,12,1,01/12/2009,18681,1,9,17,0,18,3,0,2,0,0,1,0,0,4,2,0,8,2,0,2,11,0,7,0,1,1,4,0,2,1,0,0,1,0,0,0,1,0,8,0,5,0,0,0,3,0,1,0,0,0,0,0,0,0,1,0,3,0,3,0,0,0,2,0,1,0,0,0,0,0,0,0,0,0,7,0,2,0,0,0,1,0,0,0,0,0,2,0,1,0,0,0,4,0,1,0,0,0,0,0,0,0,0,0,0,0,0,0,0.54,4.82,9.1,0,9.64,1.61,0,1.07,0,0,0.54,0,0,2.14,1.07,0,4.28,1.07,0,1.07,5.89,0,3.75,0,0.54,0.54,2.14,0,1.07,0.54,0,0,0.54,0,0,0,0.54,0,4.28,0,2.68,0,0,0,1.61,0,0.54,0,0,0,0,0,0,0,0.54,0,1.61,0,1.61,0,0,0,1.07,0,0.54,0,0,0,0,0,0,0,0,0,3.75,0,1.07,0,0,0,0.54,0,0,0,0,0,1.07,0,0.54,0,0,0,2.14,0,0.54,0,0,0,0,0,0,0,0,0,0,0,0,0
25,2,2010,1,1,01/01/2010,16904,0,18,27,0,17,6,0,0,3,0,1,1,0,9,3,0,3,2,0,6,12,0,6,1,0,3,9,0,7,2,0,0,2,0,1,0,0,0,6,0,7,0,0,0,1,0,1,0,0,0,0,0,1,0,0,0,4,0,5,0,0,0,1,0,0,0,0,0,0,0,0,0,0,2,3,0,5,1,0,0,0,0,0,0,0,1,0,0,3,0,0,0,3,0,0,1,0,1,0,0,2,0,0,0,0,0,0,0,0,10.65,15.97,0,10.06,3.55,0,0,1.77,0,0.59,0.59,0,5.32,1.77,0,1.77,1.18,0,3.55,7.1,0,3.55,0.59,0,1.77,5.32,0,4.14,1.18,0,0,1.18,0,0.59,0,0,0,3.55,0,4.14,0,0,0,0.59,0,0.59,0,0,0,0,0,0.59,0,0,0,2.37,0,2.96,0,0,0,0.59,0,0,0,0,0,0,0,0,0,0,1.18,1.77,0,2.96,0.59,0,0,0,0,0,0,0,0.59,0,0,1.77,0,0,0,1.77,0,0,0.59,0,0.59,0,0,1.18,0,0,0,0,0,0,0
26,2,2010,2,1,01/02/2010,16904,1,4,12,1,17,7,1,0,2,0,1,2,0,2,1,0,4,1,0,1,5,1,8,1,0,1,4,0,4,3,0,0,2,0,2,0,0,0,8,0,7,0,0,0,0,0,0,0,0,0,1,0,1,0,0,0,7,0,3,0,0,0,0,0,3,0,0,0,0,0,0,1,0,0,5,0,2,1,0,0,0,0,0,0,0,0,1,0,0,1,0,0,4,0,2,0,0,0,0,0,0,0,0,0,0,0,1,0,0.59,2.37,7.1,0.59,10.06,4.14,0.59,0,1.18,0,0.59,1.18,0,1.18,0.59,0,2.37,0.59,0,0.59,2.96,0.59,4.73,0.59,0,0.59,2.37,0,2.37,1.77,0,0,1.18,0,1.18,0,0,0,4.73,0,4.14,0,0,0,0,0,0,0,0,0,0.59,0,0.59,0,0,0,4.14,0,1.77,0,0,0,0,0,1.77,0,0,0,0,0,0,0.59,0,0,2.96,0,1.18,0.59,0,0,0,0,0,0,0,0,0.59,0,0,0.59,0,0,2.37,0,1.18,0,0,0,0,0,0,0,0,0,0,0,0.59,0
27,2,2010,3,1,01/03/2010,20343,0,9,21,3,21,5,0,0,2,1,2,1,0,3,5,0,7,2,0,1,9,2,8,2,0,5,5,0,4,0,0,0,1,0,2,0,0,0,4,0,2,0,0,0,0,0,0,0,0,0,3,0,0,0,0,0,1,0,1,0,0,0,0,0,1,0,0,1,0,0,0,0,0,0,3,0,7,0,0,0,0,0,0,0,0,0,1,0,3,0,0,0,2,0,0,0,0,0,0,0,4,0,0,0,1,0,0,0,0,4.42,10.32,1.47,10.32,2.46,0,0,0.98,0.49,0.98,0.49,0,1.47,2.46,0,3.44,0.98,0,0.49,4.42,0.98,3.93,0.98,0,2.46,2.46,0,1.97,0,0,0,0.49,0,0.98,0,0,0,1.97,0,0.98,0,0,0,0,0,0,0,0,0,1.47,0,0,0,0,0,0.49,0,0.49,0,0,0,0,0,0.49,0,0,0.49,0,0,0,0,0,0,1.47,0,3.44,0,0,0,0,0,0,0,0,0,0.49,0,1.47,0,0,0,0.98,0,0,0,0,0,0,0,1.97,0,0,0,0.49,0,0,0
28,2,2010,4,1,01/04/2010,17751,1,10,16,1,9,5,0,1,0,0,1,2,1,6,5,0,2,2,0,2,4,0,2,1,0,1,7,1,4,0,2,0,2,0,1,1,0,0,4,0,4,2,0,0,0,0,0,0,0,0,0,0,0,0,0,0,3,0,3,2,0,0,1,0,1,0,0,0,0,0,1,0,0,1,5,0,6,1,0,0,1,0,0,0,0,0,1,0,2,0,0,1,2,0,4,1,0,0,1,0,0,0,0,0,1,0,2,1,0.56,5.63,9.01,0.56,5.07,2.82,0,0.56,0,0,0.56,1.13,0.56,3.38,2.82,0,1.13,1.13,0,1.13,2.25,0,1.13,0.56,0,0.56,3.94,0.56,2.25,0,1.13,0,1.13,0,0.56,0.56,0,0,2.25,0,2.25,1.13,0,0,0,0,0,0,0,0,0,0,0,0,0,0,1.69,0,1.69,1.13,0,0,0.56,0,0.56,0,0,0,0,0,0.56,0,0,0.56,2.82,0,3.38,0.56,0,0,0.56,0,0,0,0,0,0.56,0,1.13,0,0,0.56,1.13,0,2.25,0.56,0,0,0.56,0,0,0,0,0,0.56,0,1.13,0.56
29,2,2010,5,1,01/05/2010,19197,1,8,18,0,20,7,0,1,0,0,3,1,0,5,1,0,3,4,0,2,9,0,7,2,1,0,8,0,7,0,0,0,2,0,3,0,0,0,4,1,4,1,0,0,0,0,0,0,0,0,0,0,0,0,0,0,3,1,1,1,0,0,1,0,3,0,0,0,1,0,3,0,0,1,4,1,4,0,0,0,1,1,0,0,0,1,0,0,1,0,0,0,1,0,2,0,0,0,2,0,1,0,1,0,0,0,0,0,0.52,4.17,9.38,0,10.42,3.65,0,0.52,0,0,1.56,0.52,0,2.6,0.52,0,1.56,2.08,0,1.04,4.69,0,3.65,1.04,0.52,0,4.17,0,3.65,0,0,0,1.04,0,1.56,0,0,0,2.08,0.52,2.08,0.52,0,0,0,0,0,0,0,0,0,0,0,0,0,0,1.56,0.52,0.52,0.52,0,0,0.52,0,1.56,0,0,0,0.52,0,1.56,0,0,0.52,2.08,0.52,2.08,0,0,0,0.52,0.52,0,0,0,0.52,0,0,0.52,0,0,0,0.52,0,1.04,0,0,0,1.04,0,0.52,0,0.52,0,0,0,0,0
30,2,2010,6,1,01/06/2010,18737,1,11,22,2,16,8,0,1,3,1,1,2,1,3,3,0,3,2,0,5,9,1,6,3,0,2,7,0,6,1,0,0,1,0,1,0,1,0,4,0,2,1,0,0,0,0,0,0,0,0,1,0,0,1,0,0,3,0,2,0,1,0,0,0,0,0,0,0,0,0,0,0,0,0,3,0,6,1,0,0,1,0,0,1,0,0,0,0,2,0,0,0,1,0,3,0,0,0,1,0,1,0,0,0,0,0,0,0,0.53,5.87,11.74,1.07,8.54,4.27,0,0.53,1.6,0.53,0.53,1.07,0.53,1.6,1.6,0,1.6,1.07,0,2.67,4.8,0.53,3.2,1.6,0,1.07,3.74,0,3.2,0.53,0,0,0.53,0,0.53,0,0.53,0,2.13,0,1.07,0.53,0,0,0,0,0,0,0,0,0.53,0,0,0.53,0,0,1.6,0,1.07,0,0.53,0,0,0,0,0,0,0,0,0,0,0,0,0,1.6,0,3.2,0.53,0,0,0.53,0,0,0.53,0,0,0,0,1.07,0,0,0,0.53,0,1.6,0,0,0,0.53,0,0.53,0,0,0,0,0,0,0
31,2,2010,7,1,01/07/2010,16848,1,9,13,2,20,4,0,1,1,1,0,1,1,3,4,0,3,3,0,3,7,1,6,0,0,2,1,0,11,0,1,2,1,0,5,0,0,2,8,0,6,1,0,0,0,0,0,0,0,0,1,0,3,0,0,1,6,0,0,0,0,1,1,0,3,1,0,0,2,0,5,0,0,4,2,2,4,1,0,0,1,0,1,1,0,2,0,0,0,0,0,2,1,2,1,0,0,0,0,0,2,0,0,0,0,0,1,0,0.59,5.34,7.72,1.19,11.87,2.37,0,0.59,0.59,0.59,0,0.59,0.59,1.78,2.37,0,1.78,1.78,0,1.78,4.15,0.59,3.56,0,0,1.19,0.59,0,6.53,0,0.59,1.19,0.59,0,2.97,0,0,1.19,4.75,0,3.56,0.59,0,0,0,0,0,0,0,0,0.59,0,1.78,0,0,0.59,3.56,0,0,0,0,0.59,0.59,0,1.78,0.59,0,0,1.19,0,2.97,0,0,2.37,1.19,1.19,2.37,0.59,0,0,0.59,0,0.59,0.59,0,1.19,0,0,0,0,0,1.19,0.59,1.19,0.59,0,0,0,0,0,1.19,0,0,0,0,0,0.59,0
32,2,2010,8,1,01/08/2010,14334,0,9,18,0,16,4,0,1,0,0,1,1,0,1,2,0,3,3,0,4,7,0,4,0,0,3,9,0,8,0,0,2,2,1,5,0,0,0,5,0,1,0,0,0,0,0,0,0,0,0,0,0,0,0,0,0,3,0,0,0,0,0,2,0,1,0,0,0,3,0,2,0,0,1,10,0,6,1,0,0,1,0,2,0,0,1,1,0,1,0,0,0,6,0,1,0,0,0,2,0,2,1,0,1,0,0,0,0,0,6.28,12.56,0,11.16,2.79,0,0.7,0,0,0.7,0.7,0,0.7,1.4,0,2.09,2.09,0,2.79,4.88,0,2.79,0,0,2.09,6.28,0,5.58,0,0,1.4,1.4,0.7,3.49,0,0,0,3.49,0,0.7,0,0,0,0,0,0,0,0,0,0,0,0,0,0,0,2.09,0,0,0,0,0,1.4,0,0.7,0,0,0,2.09,0,1.4,0,0,0.7,6.98,0,4.19,0.7,0,0,0.7,0,1.4,0,0,0.7,0.7,0,0.7,0,0,0,4.19,0,0.7,0,0,0,1.4,0,1.4,0.7,0,0.7,0,0,0,0
33,2,2010,9,1,01/09/2010,15131,0,4,14,1,18,6,0,1,1,0,1,0,0,1,2,0,4,2,0,0,3,0,8,1,0,2,8,1,5,3,1,0,5,0,3,0,1,0,9,0,6,1,0,0,2,0,0,0,0,0,0,0,3,1,1,0,5,0,0,0,0,0,2,0,3,0,1,0,1,0,2,0,1,1,6,0,7,3,1,0,1,0,2,0,0,0,0,0,1,1,0,1,1,0,2,1,0,0,4,0,2,1,0,0,1,0,1,0,0,2.64,9.25,0.66,11.9,3.97,0,0.66,0.66,0,0.66,0,0,0.66,1.32,0,2.64,1.32,0,0,1.98,0,5.29,0.66,0,1.32,5.29,0.66,3.3,1.98,0.66,0,3.3,0,1.98,0,0.66,0,5.95,0,3.97,0.66,0,0,1.32,0,0,0,0,0,0,0,1.98,0.66,0.66,0,3.3,0,0,0,0,0,1.32,0,1.98,0,0.66,0,0.66,0,1.32,0,0.66,0.66,3.97,0,4.63,1.98,0.66,0,0.66,0,1.32,0,0,0,0,0,0.66,0.66,0,0.66,0.66,0,1.32,0.66,0,0,2.64,0,1.32,0.66,0,0,0.66,0,0.66,0
34,2,2010,10,1,01/10/2010,18416,0,13,17,0,18,5,0,1,2,0,0,2,0,3,4,0,5,2,0,5,5,0,5,1,0,4,6,0,8,0,0,2,1,0,1,1,0,0,11,0,6,0,0,0,1,0,0,0,0,0,0,0,2,0,0,0,5,0,1,0,0,0,5,0,3,0,0,0,0,0,0,0,0,3,5,0,6,1,0,0,1,0,0,0,0,2,0,0,3,0,0,0,3,0,1,1,0,1,1,0,2,0,0,0,0,0,0,0,0,7.06,9.23,0,9.77,2.72,0,0.54,1.09,0,0,1.09,0,1.63,2.17,0,2.72,1.09,0,2.72,2.72,0,2.72,0.54,0,2.17,3.26,0,4.34,0,0,1.09,0.54,0,0.54,0.54,0,0,5.97,0,3.26,0,0,0,0.54,0,0,0,0,0,0,0,1.09,0,0,0,2.72,0,0.54,0,0,0,2.72,0,1.63,0,0,0,0,0,0,0,0,1.63,2.72,0,3.26,0.54,0,0,0.54,0,0,0,0,1.09,0,0,1.63,0,0,0,1.63,0,0.54,0.54,0,0.54,0.54,0,1.09,0,0,0,0,0,0,0
35,2,2010,11,1,01/11/2010,19144,3,9,21,2,12,6,0,1,5,0,0,0,1,3,3,0,3,0,0,3,7,1,1,3,2,2,6,1,8,3,0,0,1,0,0,0,1,0,7,0,4,1,0,0,1,0,0,0,0,0,1,0,0,0,0,0,5,0,1,1,1,0,0,0,3,0,1,1,2,0,0,0,1,0,2,0,12,2,0,0,0,0,1,0,1,0,1,0,6,1,0,0,1,0,4,0,0,0,0,0,1,1,0,0,0,0,0,1,1.57,4.7,10.97,1.04,6.27,3.13,0,0.52,2.61,0,0,0,0.52,1.57,1.57,0,1.57,0,0,1.57,3.66,0.52,0.52,1.57,1.04,1.04,3.13,0.52,4.18,1.57,0,0,0.52,0,0,0,0.52,0,3.66,0,2.09,0.52,0,0,0.52,0,0,0,0,0,0.52,0,0,0,0,0,2.61,0,0.52,0.52,0.52,0,0,0,1.57,0,0.52,0.52,1.04,0,0,0,0.52,0,1.04,0,6.27,1.04,0,0,0,0,0.52,0,0.52,0,0.52,0,3.13,0.52,0,0,0.52,0,2.09,0,0,0,0,0,0.52,0.52,0,0,0,0,0,0.52
36,2,2010,12,1,01/12/2010,14995,0,9,14,0,17,8,0,0,0,0,1,1,0,6,2,0,4,3,0,1,4,0,7,0,0,2,8,0,5,4,0,1,2,0,1,1,0,1,4,0,2,0,0,0,0,0,1,0,0,0,0,0,0,0,0,0,1,0,0,0,0,1,3,0,1,0,0,0,0,0,0,0,0,0,0,0,2,2,0,0,0,0,0,0,0,0,0,0,0,1,0,0,0,0,1,0,0,0,0,0,1,1,0,0,0,0,0,0,0,6,9.34,0,11.34,5.34,0,0,0,0,0.67,0.67,0,4,1.33,0,2.67,2,0,0.67,2.67,0,4.67,0,0,1.33,5.34,0,3.33,2.67,0,0.67,1.33,0,0.67,0.67,0,0.67,2.67,0,1.33,0,0,0,0,0,0.67,0,0,0,0,0,0,0,0,0,0.67,0,0,0,0,0.67,2,0,0.67,0,0,0,0,0,0,0,0,0,0,0,1.33,1.33,0,0,0,0,0,0,0,0,0,0,0,0.67,0,0,0,0,0.67,0,0,0,0,0,0.67,0.67,0,0,0,0,0,0
37,2,2011,1,1,01/01/2011,16964,0,10,12,0,13,10,0,1,1,0,1,1,0,5,1,0,3,1,0,2,7,0,3,7,0,2,3,0,6,1,0,0,1,0,1,0,0,1,2,0,5,1,0,0,0,0,0,0,0,0,0,0,3,0,0,0,1,0,2,1,0,1,1,0,0,0,0,0,1,0,0,0,0,0,3,0,0,1,0,0,0,0,0,0,0,0,0,0,0,0,0,0,3,0,0,1,0,0,0,0,0,0,0,0,0,0,1,0,0,5.89,7.07,0,7.66,5.89,0,0.59,0.59,0,0.59,0.59,0,2.95,0.59,0,1.77,0.59,0,1.18,4.13,0,1.77,4.13,0,1.18,1.77,0,3.54,0.59,0,0,0.59,0,0.59,0,0,0.59,1.18,0,2.95,0.59,0,0,0,0,0,0,0,0,0,0,1.77,0,0,0,0.59,0,1.18,0.59,0,0.59,0.59,0,0,0,0,0,0.59,0,0,0,0,0,1.77,0,0,0.59,0,0,0,0,0,0,0,0,0,0,0,0,0,0,1.77,0,0,0.59,0,0,0,0,0,0,0,0,0,0,0.59,0
38,2,2011,2,1,01/02/2011,16963,0,7,10,0,25,11,0,4,0,0,1,2,0,2,2,0,6,3,0,1,7,0,6,6,0,0,1,0,12,0,0,0,0,0,1,1,0,0,3,0,3,0,0,0,0,0,0,0,0,0,0,0,1,0,0,0,3,0,0,0,0,0,0,0,2,0,0,0,0,0,0,0,0,1,4,0,6,1,0,0,0,0,1,0,0,0,0,0,1,0,0,0,3,0,0,0,0,1,1,0,4,1,0,0,0,0,0,0,0,4.13,5.9,0,14.74,6.48,0,2.36,0,0,0.59,1.18,0,1.18,1.18,0,3.54,1.77,0,0.59,4.13,0,3.54,3.54,0,0,0.59,0,7.07,0,0,0,0,0,0.59,0.59,0,0,1.77,0,1.77,0,0,0,0,0,0,0,0,0,0,0,0.59,0,0,0,1.77,0,0,0,0,0,0,0,1.18,0,0,0,0,0,0,0,0,0.59,2.36,0,3.54,0.59,0,0,0,0,0.59,0,0,0,0,0,0.59,0,0,0,1.77,0,0,0,0,0.59,0.59,0,2.36,0.59,0,0,0,0,0,0
39,2,2011,3,1,01/03/2011,19149,1,9,14,0,19,11,0,0,0,0,1,2,1,6,3,0,5,2,0,1,6,0,7,4,0,2,5,0,6,3,0,0,2,0,1,0,0,1,2,0,6,0,0,0,1,0,0,0,0,1,0,0,1,0,0,0,1,0,4,0,0,0,0,0,1,0,0,0,0,0,2,0,0,0,6,1,6,1,0,0,1,0,1,0,0,0,1,0,2,0,0,0,2,0,1,0,0,0,2,1,2,1,0,0,1,0,0,0,0.52,4.7,7.31,0,9.92,5.74,0,0,0,0,0.52,1.04,0.52,3.13,1.57,0,2.61,1.04,0,0.52,3.13,0,3.66,2.09,0,1.04,2.61,0,3.13,1.57,0,0,1.04,0,0.52,0,0,0.52,1.04,0,3.13,0,0,0,0.52,0,0,0,0,0.52,0,0,0.52,0,0,0,0.52,0,2.09,0,0,0,0,0,0.52,0,0,0,0,0,1.04,0,0,0,3.13,0.52,3.13,0.52,0,0,0.52,0,0.52,0,0,0,0.52,0,1.04,0,0,0,1.04,0,0.52,0,0,0,1.04,0.52,1.04,0.52,0,0,0.52,0,0,0
40,2,2011,4,1,01/04/2011,17893,0,11,16,1,13,11,0,1,2,0,0,2,0,6,5,0,7,3,0,1,5,1,6,3,0,3,4,0,0,3,0,0,0,0,0,0,0,1,4,0,8,2,0,0,1,0,0,0,0,1,0,0,2,2,0,0,3,0,4,0,0,0,0,0,2,0,0,0,0,0,2,0,0,0,3,0,4,3,0,0,1,0,0,0,0,0,0,0,3,0,0,0,1,0,1,3,0,0,1,0,0,0,0,0,0,0,0,0,0,6.15,8.94,0.56,7.27,6.15,0,0.56,1.12,0,0,1.12,0,3.35,2.79,0,3.91,1.68,0,0.56,2.79,0.56,3.35,1.68,0,1.68,2.24,0,0,1.68,0,0,0,0,0,0,0,0.56,2.24,0,4.47,1.12,0,0,0.56,0,0,0,0,0.56,0,0,1.12,1.12,0,0,1.68,0,2.24,0,0,0,0,0,1.12,0,0,0,0,0,1.12,0,0,0,1.68,0,2.24,1.68,0,0,0.56,0,0,0,0,0,0,0,1.68,0,0,0,0.56,0,0.56,1.68,0,0,0.56,0,0,0,0,0,0,0,0,0
41,2,2011,5,1,01/05/2011,18962,0,10,9,1,21,1,0,2,1,0,0,0,0,4,0,1,11,1,0,2,7,0,3,0,0,2,1,0,7,0,0,0,3,0,2,1,0,0,5,3,9,0,0,0,2,0,2,0,0,0,1,0,1,0,0,0,1,3,4,0,0,0,1,0,2,0,0,0,0,0,4,0,0,1,2,0,7,3,0,0,1,0,2,0,0,1,0,0,3,3,0,0,1,0,1,0,0,0,0,0,1,0,0,0,0,0,1,0,0,5.27,4.75,0.53,11.07,0.53,0,1.05,0.53,0,0,0,0,2.11,0,0.53,5.8,0.53,0,1.05,3.69,0,1.58,0,0,1.05,0.53,0,3.69,0,0,0,1.58,0,1.05,0.53,0,0,2.64,1.58,4.75,0,0,0,1.05,0,1.05,0,0,0,0.53,0,0.53,0,0,0,0.53,1.58,2.11,0,0,0,0.53,0,1.05,0,0,0,0,0,2.11,0,0,0.53,1.05,0,3.69,1.58,0,0,0.53,0,1.05,0,0,0.53,0,0,1.58,1.58,0,0,0.53,0,0.53,0,0,0,0,0,0.53,0,0,0,0,0,0.53,0
42,2,2011,6,1,01/06/2011,18188,0,5,14,1,14,5,0,1,2,0,0,2,0,2,2,0,4,1,0,0,7,0,7,2,0,2,3,1,3,0,0,1,2,0,0,0,1,0,7,1,6,0,1,0,1,0,0,0,0,0,1,0,2,0,0,0,2,1,1,0,0,0,3,0,3,0,0,0,0,0,0,0,0,0,3,1,5,2,0,0,0,0,1,0,0,0,0,0,0,1,0,0,3,1,2,0,0,0,0,0,2,1,0,0,0,0,0,0,0,2.75,7.7,0.55,7.7,2.75,0,0.55,1.1,0,0,1.1,0,1.1,1.1,0,2.2,0.55,0,0,3.85,0,3.85,1.1,0,1.1,1.65,0.55,1.65,0,0,0.55,1.1,0,0,0,0.55,0,3.85,0.55,3.3,0,0.55,0,0.55,0,0,0,0,0,0.55,0,1.1,0,0,0,1.1,0.55,0.55,0,0,0,1.65,0,1.65,0,0,0,0,0,0,0,0,0,1.65,0.55,2.75,1.1,0,0,0,0,0.55,0,0,0,0,0,0,0.55,0,0,1.65,0.55,1.1,0,0,0,0,0,1.1,0.55,0,0,0,0,0,0
43,2,2011,7,1,01/07/2011,16985,0,4,14,9,21,10,0,2,1,1,1,2,0,1,4,1,7,2,0,0,7,7,5,5,0,1,2,0,8,1,0,2,1,4,0,0,0,4,5,1,8,1,0,0,0,0,2,0,0,3,1,0,2,0,0,1,3,1,0,0,0,0,1,0,4,1,0,0,0,0,1,0,0,2,7,1,6,2,0,0,1,0,0,0,0,1,0,0,0,0,0,1,5,1,3,1,0,0,1,0,3,1,0,0,0,0,0,1,0,2.36,8.24,5.3,12.36,5.89,0,1.18,0.59,0.59,0.59,1.18,0,0.59,2.36,0.59,4.12,1.18,0,0,4.12,4.12,2.94,2.94,0,0.59,1.18,0,4.71,0.59,0,1.18,0.59,2.36,0,0,0,2.36,2.94,0.59,4.71,0.59,0,0,0,0,1.18,0,0,1.77,0.59,0,1.18,0,0,0.59,1.77,0.59,0,0,0,0,0.59,0,2.36,0.59,0,0,0,0,0.59,0,0,1.18,4.12,0.59,3.53,1.18,0,0,0.59,0,0,0,0,0.59,0,0,0,0,0,0.59,2.94,0.59,1.77,0.59,0,0,0.59,0,1.77,0.59,0,0,0,0,0,0.59
44,2,2011,8,1,01/08/2011,14220,2,9,16,8,22,6,0,0,2,2,2,0,0,7,4,0,3,2,1,0,7,3,7,3,1,2,3,3,10,1,0,2,2,6,0,4,0,1,1,1,2,2,0,0,0,0,0,0,0,1,0,0,1,0,0,0,1,0,0,2,0,0,0,1,1,0,0,1,0,0,1,0,0,1,6,2,5,3,0,0,0,0,0,2,0,0,0,0,2,0,0,1,4,2,2,1,0,0,2,0,1,0,0,0,2,0,0,0,1.41,6.33,11.25,5.63,15.47,4.22,0,0,1.41,1.41,1.41,0,0,4.92,2.81,0,2.11,1.41,0.7,0,4.92,2.11,4.92,2.11,0.7,1.41,2.11,2.11,7.03,0.7,0,1.41,1.41,4.22,0,2.81,0,0.7,0.7,0.7,1.41,1.41,0,0,0,0,0,0,0,0.7,0,0,0.7,0,0,0,0.7,0,0,1.41,0,0,0,0.7,0.7,0,0,0.7,0,0,0.7,0,0,0.7,4.22,1.41,3.52,2.11,0,0,0,0,0,1.41,0,0,0,0,1.41,0,0,0.7,2.81,1.41,1.41,0.7,0,0,1.41,0,0.7,0,0,0,1.41,0,0,0
45,3,2011,9,1,01/09/2011,16120,0,9,20,9,14,9,0,1,3,1,0,1,0,5,2,1,5,2,0,3,12,6,4,6,0,0,3,1,5,0,1,2,3,7,3,2,0,0,13,1,7,0,0,0,4,0,0,0,0,0,1,0,2,0,0,0,3,1,1,0,0,0,5,0,4,0,0,0,0,0,0,0,0,1,4,1,4,4,0,0,2,0,1,0,0,0,1,0,0,1,0,1,1,1,1,3,0,0,0,0,2,0,0,0,1,0,0,1,0,5.58,12.41,5.58,8.68,5.58,0,0.62,1.86,0.62,0,0.62,0,3.1,1.24,0.62,3.1,1.24,0,1.86,7.44,3.72,2.48,3.72,0,0,1.86,0.62,3.1,0,0.62,1.24,1.86,4.34,1.86,1.24,0,0,8.06,0.62,4.34,0,0,0,2.48,0,0,0,0,0,0.62,0,1.24,0,0,0,1.86,0.62,0.62,0,0,0,3.1,0,2.48,0,0,0,0,0,0,0,0,0.62,2.48,0.62,2.48,2.48,0,0,1.24,0,0.62,0,0,0,0.62,0,0,0.62,0,0.62,0.62,0.62,0.62,1.86,0,0,0,0,1.24,0,0,0,0.62,0,0,0.62
46,3,2011,10,1,01/10/2011,18317,5,7,14,6,18,4,1,2,2,1,0,0,0,2,3,1,5,1,0,2,5,3,4,2,4,1,4,1,9,1,2,1,0,5,1,0,0,0,5,0,11,1,0,0,0,0,0,0,0,0,1,0,3,1,0,0,1,0,3,0,0,0,3,0,5,0,0,0,1,0,0,0,1,2,6,1,5,4,0,0,1,1,0,0,0,0,2,0,1,1,1,2,3,0,1,1,0,0,0,0,3,2,0,0,0,0,0,1,2.73,3.82,7.64,3.28,9.83,2.18,0.55,1.09,1.09,0.55,0,0,0,1.09,1.64,0.55,2.73,0.55,0,1.09,2.73,1.64,2.18,1.09,2.18,0.55,2.18,0.55,4.91,0.55,1.09,0.55,0,2.73,0.55,0,0,0,2.73,0,6.01,0.55,0,0,0,0,0,0,0,0,0.55,0,1.64,0.55,0,0,0.55,0,1.64,0,0,0,1.64,0,2.73,0,0,0,0.55,0,0,0,0.55,1.09,3.28,0.55,2.73,2.18,0,0,0.55,0.55,0,0,0,0,1.09,0,0.55,0.55,0.55,1.09,1.64,0,0.55,0.55,0,0,0,0,1.64,1.09,0,0,0,0,0,0.55
47,3,2011,11,1,01/11/2011,18637,1,6,10,8,15,6,0,2,0,0,0,0,0,3,3,0,7,0,0,0,4,8,4,0,1,1,3,0,4,6,0,1,1,6,1,3,0,1,6,2,6,0,0,0,2,1,0,0,0,1,1,0,2,0,0,0,3,1,2,0,0,0,0,0,2,0,0,0,0,2,0,0,0,1,6,3,2,1,0,0,1,0,0,0,0,1,1,0,0,0,0,0,3,2,1,1,0,0,1,1,1,0,0,0,0,1,0,0,0.54,3.22,5.37,4.29,8.05,3.22,0,1.07,0,0,0,0,0,1.61,1.61,0,3.76,0,0,0,2.15,4.29,2.15,0,0.54,0.54,1.61,0,2.15,3.22,0,0.54,0.54,3.22,0.54,1.61,0,0.54,3.22,1.07,3.22,0,0,0,1.07,0.54,0,0,0,0.54,0.54,0,1.07,0,0,0,1.61,0.54,1.07,0,0,0,0,0,1.07,0,0,0,0,1.07,0,0,0,0.54,3.22,1.61,1.07,0.54,0,0,0.54,0,0,0,0,0.54,0.54,0,0,0,0,0,1.61,1.07,0.54,0.54,0,0,0.54,0.54,0.54,0,0,0,0,0.54,0,0
48,3,2011,12,1,01/12/2011,19143,0,1,9,2,14,8,0,0,0,1,0,0,0,0,1,0,5,3,0,0,5,1,5,4,0,1,3,0,4,1,0,4,1,5,1,4,0,1,8,0,5,0,0,0,0,0,1,0,0,1,4,0,0,0,0,0,3,0,2,0,0,0,1,0,2,0,0,0,0,0,1,0,0,0,5,0,0,3,0,0,0,0,0,1,0,0,1,0,0,0,0,0,4,0,0,2,0,0,0,0,0,0,0,0,2,0,0,0,0,0.52,4.7,1.04,7.31,4.18,0,0,0,0.52,0,0,0,0,0.52,0,2.61,1.57,0,0,2.61,0.52,2.61,2.09,0,0.52,1.57,0,2.09,0.52,0,2.09,0.52,2.61,0.52,2.09,0,0.52,4.18,0,2.61,0,0,0,0,0,0.52,0,0,0.52,2.09,0,0,0,0,0,1.57,0,1.04,0,0,0,0.52,0,1.04,0,0,0,0,0,0.52,0,0,0,2.61,0,0,1.57,0,0,0,0,0,0.52,0,0,0.52,0,0,0,0,0,2.09,0,0,1.04,0,0,0,0,0,0,0,0,1.04,0,0,0
49,3,2012,1,1,01/01/2012,16043,1,5,12,5,13,7,0,0,1,1,1,0,0,3,2,3,2,3,0,0,7,1,3,4,1,2,2,0,7,0,0,3,0,8,3,5,0,1,7,1,5,1,0,0,0,1,0,1,0,1,1,0,0,0,0,0,6,0,2,0,0,0,0,0,3,0,0,0,0,0,0,1,0,1,6,4,2,3,0,0,0,0,0,1,0,0,1,0,1,1,0,1,3,4,0,1,0,0,2,0,1,0,0,2,0,1,0,0,0.62,3.12,7.48,3.12,8.1,4.36,0,0,0.62,0.62,0.62,0,0,1.87,1.25,1.87,1.25,1.87,0,0,4.36,0.62,1.87,2.49,0.62,1.25,1.25,0,4.36,0,0,1.87,0,4.99,1.87,3.12,0,0.62,4.36,0.62,3.12,0.62,0,0,0,0.62,0,0.62,0,0.62,0.62,0,0,0,0,0,3.74,0,1.25,0,0,0,0,0,1.87,0,0,0,0,0,0,0.62,0,0.62,3.74,2.49,1.25,1.87,0,0,0,0,0,0.62,0,0,0.62,0,0.62,0.62,0,0.62,1.87,2.49,0,0.62,0,0,1.25,0,0.62,0,0,1.25,0,0.62,0,0
50,3,2012,2,1,01/02/2012,18669,0,10,6,3,21,5,0,1,0,0,1,0,0,5,3,0,6,2,0,3,2,3,8,1,0,1,1,0,6,2,0,5,1,9,0,2,0,0,3,1,5,0,0,0,1,0,0,0,0,0,0,1,0,0,0,0,2,0,3,0,0,0,0,0,2,0,0,0,1,0,0,1,0,0,4,1,1,2,0,0,0,0,0,0,0,0,0,0,0,1,0,0,3,1,0,1,0,0,1,0,1,0,0,0,1,0,1,0,0,5.36,3.21,1.61,11.25,2.68,0,0.54,0,0,0.54,0,0,2.68,1.61,0,3.21,1.07,0,1.61,1.07,1.61,4.29,0.54,0,0.54,0.54,0,3.21,1.07,0,2.68,0.54,4.82,0,1.07,0,0,1.61,0.54,2.68,0,0,0,0.54,0,0,0,0,0,0,0.54,0,0,0,0,1.07,0,1.61,0,0,0,0,0,1.07,0,0,0,0.54,0,0,0.54,0,0,2.14,0.54,0.54,1.07,0,0,0,0,0,0,0,0,0,0,0,0.54,0,0,1.61,0.54,0,0.54,0,0,0.54,0,0.54,0,0,0,0.54,0,0.54,0
51,3,2012,3,1,01/03/2012,18926,0,7,9,7,20,4,0,4,1,1,1,0,0,2,3,2,5,2,0,0,1,3,9,2,0,1,4,1,5,0,1,3,3,15,4,4,0,1,3,2,3,2,0,0,1,0,0,0,0,1,1,0,1,0,0,0,1,1,2,2,0,0,0,1,0,0,0,0,0,0,0,0,0,1,3,3,4,4,0,0,1,1,0,0,0,0,0,0,2,3,0,1,2,2,2,0,0,0,0,0,0,1,0,1,0,2,0,0,0,3.7,4.76,3.7,10.57,2.11,0,2.11,0.53,0.53,0.53,0,0,1.06,1.59,1.06,2.64,1.06,0,0,0.53,1.59,4.76,1.06,0,0.53,2.11,0.53,2.64,0,0.53,1.59,1.59,7.93,2.11,2.11,0,0.53,1.59,1.06,1.59,1.06,0,0,0.53,0,0,0,0,0.53,0.53,0,0.53,0,0,0,0.53,0.53,1.06,1.06,0,0,0,0.53,0,0,0,0,0,0,0,0,0,0.53,1.59,1.59,2.11,2.11,0,0,0.53,0.53,0,0,0,0,0,0,1.06,1.59,0,0.53,1.06,1.06,1.06,0,0,0,0,0,0,0.53,0,0.53,0,1.06,0,0
52,3,2012,4,1,01/04/2012,17811,1,11,10,13,15,7,0,3,1,6,0,1,0,4,2,5,7,1,0,1,4,0,5,1,1,3,3,2,3,4,0,2,1,11,2,6,0,2,4,0,2,0,0,0,0,0,0,0,0,0,0,0,1,0,0,1,3,0,0,0,0,1,1,0,1,0,0,0,0,1,0,2,0,2,5,2,2,2,0,0,2,0,0,0,0,1,1,0,1,1,0,1,2,2,1,0,0,0,0,0,0,1,0,0,0,0,0,0,0.56,6.18,5.61,7.3,8.42,3.93,0,1.68,0.56,3.37,0,0.56,0,2.25,1.12,2.81,3.93,0.56,0,0.56,2.25,0,2.81,0.56,0.56,1.68,1.68,1.12,1.68,2.25,0,1.12,0.56,6.18,1.12,3.37,0,1.12,2.25,0,1.12,0,0,0,0,0,0,0,0,0,0,0,0.56,0,0,0.56,1.68,0,0,0,0,0.56,0.56,0,0.56,0,0,0,0,0.56,0,1.12,0,1.12,2.81,1.12,1.12,1.12,0,0,1.12,0,0,0,0,0.56,0.56,0,0.56,0.56,0,0.56,1.12,1.12,0.56,0,0,0,0,0,0,0.56,0,0,0,0,0,0
53,3,2012,5,1,01/05/2012,19562,0,6,13,10,10,9,0,0,2,2,2,2,0,5,3,2,4,3,0,0,7,2,3,2,0,1,1,4,1,2,0,0,4,14,2,5,0,0,8,2,4,0,0,0,1,0,1,0,0,0,0,0,0,0,0,0,5,2,1,0,0,0,2,0,2,0,0,1,0,0,0,0,0,2,4,3,1,0,0,0,0,1,0,0,0,0,0,1,0,0,0,2,3,1,1,0,0,0,1,0,0,0,0,0,0,3,1,0,0,3.07,6.65,5.11,5.11,4.6,0,0,1.02,1.02,1.02,1.02,0,2.56,1.53,1.02,2.04,1.53,0,0,3.58,1.02,1.53,1.02,0,0.51,0.51,2.04,0.51,1.02,0,0,2.04,7.16,1.02,2.56,0,0,4.09,1.02,2.04,0,0,0,0.51,0,0.51,0,0,0,0,0,0,0,0,0,2.56,1.02,0.51,0,0,0,1.02,0,1.02,0,0,0.51,0,0,0,0,0,1.02,2.04,1.53,0.51,0,0,0,0,0.51,0,0,0,0,0,0.51,0,0,0,1.02,1.53,0.51,0.51,0,0,0,0.51,0,0,0,0,0,0,1.53,0.51,0
54,3,2012,6,1,01/06/2012,15413,0,4,8,2,9,5,0,2,1,0,1,0,0,1,3,1,2,4,0,0,1,1,4,1,0,1,3,0,2,0,0,3,0,7,1,4,0,2,6,2,4,0,0,0,0,0,0,0,0,0,0,0,0,0,0,2,5,2,2,0,0,0,1,0,2,0,0,1,1,0,1,0,0,2,7,2,2,3,0,1,2,0,0,0,0,1,2,0,0,1,0,0,1,2,2,1,0,0,2,0,0,1,0,0,2,1,0,0,0,2.6,5.19,1.3,5.84,3.24,0,1.3,0.65,0,0.65,0,0,0.65,1.95,0.65,1.3,2.6,0,0,0.65,0.65,2.6,0.65,0,0.65,1.95,0,1.3,0,0,1.95,0,4.54,0.65,2.6,0,1.3,3.89,1.3,2.6,0,0,0,0,0,0,0,0,0,0,0,0,0,0,1.3,3.24,1.3,1.3,0,0,0,0.65,0,1.3,0,0,0.65,0.65,0,0.65,0,0,1.3,4.54,1.3,1.3,1.95,0,0.65,1.3,0,0,0,0,0.65,1.3,0,0,0.65,0,0,0.65,1.3,1.3,0.65,0,0,1.3,0,0,0.65,0,0,1.3,0.65,0,0
55,3,2012,7,1,01/07/2012,14254,2,10,13,8,13,8,1,2,1,1,2,1,0,6,3,1,4,0,0,1,2,6,2,2,1,1,7,0,5,5,0,2,2,7,1,5,0,0,7,1,3,0,0,0,1,0,0,0,0,0,0,0,1,0,0,0,4,1,2,0,0,0,2,0,0,0,1,2,2,1,0,1,0,0,2,1,1,0,0,0,1,0,0,0,0,0,0,0,0,0,0,0,1,1,0,0,0,0,0,0,1,0,0,0,1,2,0,1,1.4,7.02,9.12,5.61,9.12,5.61,0.7,1.4,0.7,0.7,1.4,0.7,0,4.21,2.1,0.7,2.81,0,0,0.7,1.4,4.21,1.4,1.4,0.7,0.7,4.91,0,3.51,3.51,0,1.4,1.4,4.91,0.7,3.51,0,0,4.91,0.7,2.1,0,0,0,0.7,0,0,0,0,0,0,0,0.7,0,0,0,2.81,0.7,1.4,0,0,0,1.4,0,0,0,0.7,1.4,1.4,0.7,0,0.7,0,0,1.4,0.7,0.7,0,0,0,0.7,0,0,0,0,0,0,0,0,0,0,0,0.7,0.7,0,0,0,0,0,0,0.7,0,0,0,0.7,1.4,0,0.7
56,3,2012,8,1,01/08/2012,13589,0,4,18,4,15,3,0,0,2,0,0,1,0,1,4,0,7,1,0,2,6,3,5,1,0,1,6,1,3,0,0,0,0,8,0,6,0,0,7,2,8,0,0,0,2,0,0,0,0,0,2,0,3,0,0,0,3,2,1,0,0,0,0,0,4,0,0,0,0,2,1,2,0,1,4,2,4,1,0,0,1,1,1,0,0,1,0,0,0,0,0,0,3,1,2,1,0,0,0,0,1,0,0,2,1,2,1,0,0,2.94,13.25,2.94,11.04,2.21,0,0,1.47,0,0,0.74,0,0.74,2.94,0,5.15,0.74,0,1.47,4.42,2.21,3.68,0.74,0,0.74,4.42,0.74,2.21,0,0,0,0,5.89,0,4.42,0,0,5.15,1.47,5.89,0,0,0,1.47,0,0,0,0,0,1.47,0,2.21,0,0,0,2.21,1.47,0.74,0,0,0,0,0,2.94,0,0,0,0,1.47,0.74,1.47,0,0.74,2.94,1.47,2.94,0.74,0,0,0.74,0.74,0.74,0,0,0.74,0,0,0,0,0,0,2.21,0.74,1.47,0.74,0,0,0,0,0.74,0,0,1.47,0.74,1.47,0.74,0
57,4,2012,9,1,01/09/2012,13571,1,0,19,3,11,8,0,0,2,1,2,3,0,0,4,0,2,2,0,0,8,1,4,3,1,0,5,1,3,0,0,4,2,6,1,9,0,0,7,0,7,1,0,0,0,0,0,0,0,0,0,0,1,0,0,0,3,0,3,0,0,0,4,0,3,1,0,0,1,0,2,2,0,0,6,1,3,0,0,0,0,0,0,0,0,0,0,0,0,0,0,0,5,1,2,0,0,0,1,0,1,0,0,2,1,2,0,1,0.74,0,14,2.21,8.11,5.89,0,0,1.47,0.74,1.47,2.21,0,0,2.95,0,1.47,1.47,0,0,5.89,0.74,2.95,2.21,0.74,0,3.68,0.74,2.21,0,0,2.95,1.47,4.42,0.74,6.63,0,0,5.16,0,5.16,0.74,0,0,0,0,0,0,0,0,0,0,0.74,0,0,0,2.21,0,2.21,0,0,0,2.95,0,2.21,0.74,0,0,0.74,0,1.47,1.47,0,0,4.42,0.74,2.21,0,0,0,0,0,0,0,0,0,0,0,0,0,0,0,3.68,0.74,1.47,0,0,0,0.74,0,0.74,0,0,1.47,0.74,1.47,0,0.74
58,4,2012,10,1,01/10/2012,15362,0,5,31,5,19,8,0,1,4,2,2,0,0,1,6,2,5,3,0,2,11,1,5,2,0,1,10,0,7,3,2,4,3,15,4,25,0,0,6,0,7,0,0,0,1,0,0,0,0,0,1,0,2,0,0,0,4,0,2,0,0,0,0,0,3,0,0,1,2,5,1,3,1,1,8,3,5,1,0,0,3,0,1,0,0,1,1,1,4,0,0,0,1,2,0,0,1,0,3,0,0,1,0,1,1,6,1,8,0,3.25,20.18,3.25,12.37,5.21,0,0.65,2.6,1.3,1.3,0,0,0.65,3.91,1.3,3.25,1.95,0,1.3,7.16,0.65,3.25,1.3,0,0.65,6.51,0,4.56,1.95,1.3,2.6,1.95,9.76,2.6,16.27,0,0,3.91,0,4.56,0,0,0,0.65,0,0,0,0,0,0.65,0,1.3,0,0,0,2.6,0,1.3,0,0,0,0,0,1.95,0,0,0.65,1.3,3.25,0.65,1.95,0.65,0.65,5.21,1.95,3.25,0.65,0,0,1.95,0,0.65,0,0,0.65,0.65,0.65,2.6,0,0,0,0.65,1.3,0,0,0.65,0,1.95,0,0,0.65,0,0.65,0.65,3.91,0.65,5.21
59,4,2012,11,1,01/11/2012,14764,0,2,15,4,17,7,0,0,3,2,1,1,0,0,1,0,5,3,0,1,5,0,4,2,0,1,6,2,7,1,1,3,5,4,3,8,0,0,5,0,8,0,0,0,0,0,0,0,0,0,0,0,0,0,0,0,4,0,4,0,0,0,1,0,4,0,0,0,2,1,1,1,0,2,9,1,1,2,0,0,1,1,1,0,0,2,2,0,0,2,0,0,4,0,0,0,0,0,2,0,0,0,0,1,4,2,1,3,0,1.35,10.16,2.71,11.51,4.74,0,0,2.03,1.35,0.68,0.68,0,0,0.68,0,3.39,2.03,0,0.68,3.39,0,2.71,1.35,0,0.68,4.06,1.35,4.74,0.68,0.68,2.03,3.39,2.71,2.03,5.42,0,0,3.39,0,5.42,0,0,0,0,0,0,0,0,0,0,0,0,0,0,0,2.71,0,2.71,0,0,0,0.68,0,2.71,0,0,0,1.35,0.68,0.68,0.68,0,1.35,6.1,0.68,0.68,1.35,0,0,0.68,0.68,0.68,0,0,1.35,1.35,0,0,1.35,0,0,2.71,0,0,0,0,0,1.35,0,0,0,0,0.68,2.71,1.35,0.68,2.03
60,4,2012,12,1,01/12/2012,14156,0,1,10,1,9,4,0,0,0,0,0,1,0,0,2,0,4,1,0,0,7,1,2,1,0,1,1,0,3,1,0,1,6,3,1,5,0,2,3,0,7,0,0,0,0,0,1,0,0,0,0,0,1,0,0,1,2,0,2,0,0,1,1,0,3,0,0,0,1,1,0,0,0,0,7,4,3,0,0,0,2,1,0,0,0,0,1,0,2,0,0,0,3,2,1,0,0,0,1,1,0,0,0,0,1,0,0,1,0,0.71,7.06,0.71,6.36,2.83,0,0,0,0,0,0.71,0,0,1.41,0,2.83,0.71,0,0,4.94,0.71,1.41,0.71,0,0.71,0.71,0,2.12,0.71,0,0.71,4.24,2.12,0.71,3.53,0,1.41,2.12,0,4.94,0,0,0,0,0,0.71,0,0,0,0,0,0.71,0,0,0.71,1.41,0,1.41,0,0,0.71,0.71,0,2.12,0,0,0,0.71,0.71,0,0,0,0,4.94,2.83,2.12,0,0,0,1.41,0.71,0,0,0,0,0.71,0,1.41,0,0,0,2.12,1.41,0.71,0,0,0,0.71,0.71,0,0,0,0,0.71,0,0,0.71
61,4,2013,1,1,01/01/2013,16729,0,2,21,1,18,8,0,0,5,0,2,2,0,1,1,0,9,4,0,0,9,1,4,2,0,1,6,0,3,0,0,1,4,8,1,3,0,1,4,1,3,2,0,0,0,0,0,0,0,1,0,0,0,0,0,0,2,1,3,1,0,0,2,0,0,1,0,0,1,1,0,1,0,0,3,2,1,0,0,0,0,0,0,0,0,0,1,0,1,0,0,0,2,2,0,0,0,0,0,0,0,0,0,1,2,3,0,2,0,1.2,12.55,0.6,10.76,4.78,0,0,2.99,0,1.2,1.2,0,0.6,0.6,0,5.38,2.39,0,0,5.38,0.6,2.39,1.2,0,0.6,3.59,0,1.79,0,0,0.6,2.39,4.78,0.6,1.79,0,0.6,2.39,0.6,1.79,1.2,0,0,0,0,0,0,0,0.6,0,0,0,0,0,0,1.2,0.6,1.79,0.6,0,0,1.2,0,0,0.6,0,0,0.6,0.6,0,0.6,0,0,1.79,1.2,0.6,0,0,0,0,0,0,0,0,0,0.6,0,0.6,0,0,0,1.2,1.2,0,0,0,0,0,0,0,0,0,0.6,1.2,1.79,0,1.2
62,4,2013,2,1,01/02/2013,15485,0,3,13,3,13,5,0,1,2,2,0,1,0,1,4,1,6,2,0,0,7,0,4,1,0,1,0,0,3,1,0,3,9,6,2,6,0,0,3,0,6,0,0,0,0,0,0,0,0,0,1,0,3,0,0,0,1,0,2,0,0,0,1,0,1,0,0,0,2,0,1,1,0,1,4,0,0,0,0,0,0,0,0,0,0,0,0,0,0,0,0,1,3,0,0,0,0,0,1,0,0,0,0,0,2,3,0,0,0,1.94,8.4,1.94,8.4,3.23,0,0.65,1.29,1.29,0,0.65,0,0.65,2.58,0.65,3.87,1.29,0,0,4.52,0,2.58,0.65,0,0.65,0,0,1.94,0.65,0,1.94,5.81,3.87,1.29,3.87,0,0,1.94,0,3.87,0,0,0,0,0,0,0,0,0,0.65,0,1.94,0,0,0,0.65,0,1.29,0,0,0,0.65,0,0.65,0,0,0,1.29,0,0.65,0.65,0,0.65,2.58,0,0,0,0,0,0,0,0,0,0,0,0,0,0,0,0,0.65,1.94,0,0,0,0,0,0.65,0,0,0,0,0,1.29,1.94,0,0
63,4,2013,3,1,01/03/2013,16687,1,1,8,4,16,4,1,0,0,1,0,1,0,0,4,1,3,2,0,0,4,2,6,1,0,1,0,0,7,0,0,3,2,13,0,4,0,0,9,0,7,0,0,0,2,0,0,0,0,0,1,0,1,0,0,0,6,0,2,0,0,0,0,0,4,0,0,0,1,1,0,1,0,0,10,1,5,1,0,0,3,0,2,0,0,0,2,0,2,1,0,0,4,0,0,0,0,0,1,1,1,0,0,0,1,2,0,1,0.6,0.6,4.79,2.4,9.59,2.4,0.6,0,0,0.6,0,0.6,0,0,2.4,0.6,1.8,1.2,0,0,2.4,1.2,3.6,0.6,0,0.6,0,0,4.19,0,0,1.8,1.2,7.79,0,2.4,0,0,5.39,0,4.19,0,0,0,1.2,0,0,0,0,0,0.6,0,0.6,0,0,0,3.6,0,1.2,0,0,0,0,0,2.4,0,0,0,0.6,0.6,0,0.6,0,0,5.99,0.6,3,0.6,0,0,1.8,0,1.2,0,0,0,1.2,0,1.2,0.6,0,0,2.4,0,0,0,0,0,0.6,0.6,0.6,0,0,0,0.6,1.2,0,0.6
64,4,2013,4,1,01/04/2013,15020,0,3,6,3,15,4,0,0,1,1,0,0,0,1,1,1,5,2,0,0,2,1,4,0,0,2,2,0,6,2,0,2,2,9,2,5,0,0,6,0,4,1,0,0,0,0,0,0,0,0,3,0,2,0,0,0,3,0,1,0,0,0,0,0,1,1,0,0,1,1,0,0,1,2,6,1,2,0,1,0,0,0,0,0,0,0,1,0,0,0,0,0,3,1,2,0,0,2,2,0,0,0,0,1,2,1,1,0,0,2,3.99,2,9.99,2.66,0,0,0.67,0.67,0,0,0,0.67,0.67,0.67,3.33,1.33,0,0,1.33,0.67,2.66,0,0,1.33,1.33,0,3.99,1.33,0,1.33,1.33,5.99,1.33,3.33,0,0,3.99,0,2.66,0.67,0,0,0,0,0,0,0,0,2,0,1.33,0,0,0,2,0,0.67,0,0,0,0,0,0.67,0.67,0,0,0.67,0.67,0,0,0.67,1.33,3.99,0.67,1.33,0,0.67,0,0,0,0,0,0,0,0.67,0,0,0,0,0,2,0.67,1.33,0,0,1.33,1.33,0,0,0,0,0.67,1.33,0.67,0.67,0
65,4,2013,5,1,01/05/2013,15746,1,2,6,4,15,2,0,1,2,0,1,0,0,1,2,0,4,0,0,0,1,2,8,1,1,0,1,2,2,1,0,4,1,8,1,2,0,0,8,2,8,1,0,0,2,0,0,0,0,0,1,0,2,0,0,0,5,2,3,1,0,0,0,0,3,0,1,0,6,0,0,0,0,0,6,2,2,0,0,0,0,0,0,0,0,0,0,0,0,0,0,0,6,2,2,0,0,0,0,0,0,0,0,0,1,2,0,1,0.64,1.27,3.81,2.54,9.53,1.27,0,0.64,1.27,0,0.64,0,0,0.64,1.27,0,2.54,0,0,0,0.64,1.27,5.08,0.64,0.64,0,0.64,1.27,1.27,0.64,0,2.54,0.64,5.08,0.64,1.27,0,0,5.08,1.27,5.08,0.64,0,0,1.27,0,0,0,0,0,0.64,0,1.27,0,0,0,3.18,1.27,1.91,0.64,0,0,0,0,1.91,0,0.64,0,3.81,0,0,0,0,0,3.81,1.27,1.27,0,0,0,0,0,0,0,0,0,0,0,0,0,0,0,3.81,1.27,1.27,0,0,0,0,0,0,0,0,0,0.64,1.27,0,0.64
66,4,2013,6,1,01/06/2013,15968,0,4,9,3,10,5,0,1,0,0,2,0,0,2,1,1,2,1,0,0,5,2,1,3,0,1,3,0,5,1,0,4,1,4,1,4,0,0,6,1,6,0,0,0,0,0,0,0,0,0,2,0,0,0,0,0,4,1,4,0,0,0,0,0,2,0,0,2,0,1,1,0,0,0,8,1,5,0,0,0,1,0,0,0,0,0,0,0,2,0,0,0,7,1,2,0,0,0,0,0,1,0,0,2,1,0,0,1,0,2.51,5.64,1.88,6.26,3.13,0,0.63,0,0,1.25,0,0,1.25,0.63,0.63,1.25,0.63,0,0,3.13,1.25,0.63,1.88,0,0.63,1.88,0,3.13,0.63,0,2.51,0.63,2.51,0.63,2.51,0,0,3.76,0.63,3.76,0,0,0,0,0,0,0,0,0,1.25,0,0,0,0,0,2.51,0.63,2.51,0,0,0,0,0,1.25,0,0,1.25,0,0.63,0.63,0,0,0,5.01,0.63,3.13,0,0,0,0.63,0,0,0,0,0,0,0,1.25,0,0,0,4.38,0.63,1.25,0,0,0,0,0,0.63,0,0,1.25,0.63,0,0,0.63
67,4,2013,7,1,01/07/2013,14562,1,7,11,10,17,2,0,0,2,1,2,0,0,5,1,2,2,1,0,0,3,7,10,1,1,2,5,0,3,0,0,1,2,18,1,2,0,1,13,0,8,0,0,0,0,0,0,0,0,0,2,0,2,0,0,1,7,0,4,0,0,0,4,0,2,0,0,0,1,0,0,2,0,0,4,1,6,2,0,0,0,0,0,0,0,0,1,0,2,1,0,0,3,1,3,0,0,0,0,0,1,1,0,0,0,1,0,0,0.69,4.81,7.55,6.87,11.67,1.37,0,0,1.37,0.69,1.37,0,0,3.43,0.69,1.37,1.37,0.69,0,0,2.06,4.81,6.87,0.69,0.69,1.37,3.43,0,2.06,0,0,0.69,1.37,12.36,0.69,1.37,0,0.69,8.93,0,5.49,0,0,0,0,0,0,0,0,0,1.37,0,1.37,0,0,0.69,4.81,0,2.75,0,0,0,2.75,0,1.37,0,0,0,0.69,0,0,1.37,0,0,2.75,0.69,4.12,1.37,0,0,0,0,0,0,0,0,0.69,0,1.37,0.69,0,0,2.06,0.69,2.06,0,0,0,0,0,0.69,0.69,0,0,0,0.69,0,0
68,4,2013,8,1,01/08/2013,12685,1,4,11,2,17,7,1,0,3,1,0,0,0,1,3,0,3,1,0,1,4,1,7,4,0,2,1,0,7,2,0,6,6,15,0,3,0,0,16,0,4,1,0,0,1,0,0,0,0,0,2,0,1,0,0,0,10,0,2,1,0,0,3,0,1,0,0,0,3,0,1,0,0,0,6,1,5,1,0,0,0,1,0,0,0,0,1,0,0,0,0,0,4,0,4,1,0,0,1,0,1,0,0,1,1,2,1,0,0.79,3.15,8.67,1.58,13.4,5.52,0.79,0,2.36,0.79,0,0,0,0.79,2.36,0,2.36,0.79,0,0.79,3.15,0.79,5.52,3.15,0,1.58,0.79,0,5.52,1.58,0,4.73,4.73,11.82,0,2.36,0,0,12.61,0,3.15,0.79,0,0,0.79,0,0,0,0,0,1.58,0,0.79,0,0,0,7.88,0,1.58,0.79,0,0,2.36,0,0.79,0,0,0,2.36,0,0.79,0,0,0,4.73,0.79,3.94,0.79,0,0,0,0.79,0,0,0,0,0.79,0,0,0,0,0,3.15,0,3.15,0.79,0,0,0.79,0,0.79,0,0,0.79,0.79,1.58,0.79,0
69,4,2013,9,1,01/09/2013,13463,1,4,24,6,12,1,0,1,5,4,1,0,0,2,3,0,2,0,0,0,10,2,5,1,1,1,6,0,4,0,0,3,4,14,4,3,1,0,6,2,7,0,0,0,1,1,1,0,1,0,0,0,1,0,0,0,5,1,2,0,0,0,0,0,3,0,1,1,1,0,1,1,0,0,11,0,3,1,0,0,0,0,0,0,0,0,1,0,0,1,0,0,9,0,1,0,0,0,1,0,2,0,0,0,3,2,1,0,0.74,2.97,17.83,4.46,8.91,0.74,0,0.74,3.71,2.97,0.74,0,0,1.49,2.23,0,1.49,0,0,0,7.43,1.49,3.71,0.74,0.74,0.74,4.46,0,2.97,0,0,2.23,2.97,10.4,2.97,2.23,0.74,0,4.46,1.49,5.2,0,0,0,0.74,0.74,0.74,0,0.74,0,0,0,0.74,0,0,0,3.71,0.74,1.49,0,0,0,0,0,2.23,0,0.74,0.74,0.74,0,0.74,0.74,0,0,8.17,0,2.23,0.74,0,0,0,0,0,0,0,0,0.74,0,0,0.74,0,0,6.68,0,0.74,0,0,0,0.74,0,1.49,0,0,0,2.23,1.49,0.74,0
70,4,2013,10,1,01/10/2013,15935,0,2,23,2,18,4,0,0,3,0,2,1,0,0,5,0,6,2,0,0,13,2,5,1,0,2,2,0,5,0,0,4,1,9,4,2,0,0,13,2,8,0,0,0,4,0,0,0,0,0,1,0,1,0,0,0,4,2,6,0,0,0,4,0,1,0,0,2,3,2,1,0,0,0,8,1,6,2,0,0,1,0,1,0,0,0,0,0,0,1,0,0,4,1,3,0,0,0,3,0,2,1,0,4,3,4,0,0,0,1.26,14.43,1.26,11.3,2.51,0,0,1.88,0,1.26,0.63,0,0,3.14,0,3.77,1.26,0,0,8.16,1.26,3.14,0.63,0,1.26,1.26,0,3.14,0,0,2.51,0.63,5.65,2.51,1.26,0,0,8.16,1.26,5.02,0,0,0,2.51,0,0,0,0,0,0.63,0,0.63,0,0,0,2.51,1.26,3.77,0,0,0,2.51,0,0.63,0,0,1.26,1.88,1.26,0.63,0,0,0,5.02,0.63,3.77,1.26,0,0,0.63,0,0.63,0,0,0,0,0,0,0.63,0,0,2.51,0.63,1.88,0,0,0,1.88,0,1.26,0.63,0,2.51,1.88,2.51,0,0
71,4,2013,11,1,01/11/2013,15033,0,2,15,2,15,5,0,0,2,2,0,0,0,1,3,0,4,2,0,0,6,0,6,1,0,1,4,0,5,2,0,7,1,15,1,5,0,0,11,1,4,3,0,0,1,0,0,0,0,0,0,0,2,0,0,0,7,1,1,1,0,0,3,0,1,2,0,1,1,2,0,1,1,0,8,1,2,1,0,0,0,0,0,0,0,0,1,0,0,0,0,0,5,1,2,1,1,0,2,0,0,0,0,1,1,0,1,1,0,1.33,9.98,1.33,9.98,3.33,0,0,1.33,1.33,0,0,0,0.67,2,0,2.66,1.33,0,0,3.99,0,3.99,0.67,0,0.67,2.66,0,3.33,1.33,0,4.66,0.67,9.98,0.67,3.33,0,0,7.32,0.67,2.66,2,0,0,0.67,0,0,0,0,0,0,0,1.33,0,0,0,4.66,0.67,0.67,0.67,0,0,2,0,0.67,1.33,0,0.67,0.67,1.33,0,0.67,0.67,0,5.32,0.67,1.33,0.67,0,0,0,0,0,0,0,0,0.67,0,0,0,0,0,3.33,0.67,1.33,0.67,0.67,0,1.33,0,0,0,0,0.67,0.67,0,0.67,0.67
72,4,2013,12,1,01/12/2013,15939,0,14,6,4,15,5,0,2,0,1,1,0,0,9,0,2,4,3,0,1,5,1,8,0,0,2,1,0,2,2,0,15,2,15,1,2,0,0,7,1,4,2,0,0,0,0,0,0,0,0,1,0,1,1,0,0,4,1,1,1,0,0,2,0,2,0,0,1,1,1,0,0,0,1,5,0,2,1,0,0,0,0,0,0,0,1,0,0,0,0,0,0,5,0,2,1,0,0,0,0,0,0,0,0,0,3,1,0,0,8.78,3.76,2.51,9.41,3.14,0,1.25,0,0.63,0.63,0,0,5.65,0,1.25,2.51,1.88,0,0.63,3.14,0.63,5.02,0,0,1.25,0.63,0,1.25,1.25,0,9.41,1.25,9.41,0.63,1.25,0,0,4.39,0.63,2.51,1.25,0,0,0,0,0,0,0,0,0.63,0,0.63,0.63,0,0,2.51,0.63,0.63,0.63,0,0,1.25,0,1.25,0,0,0.63,0.63,0.63,0,0,0,0.63,3.14,0,1.25,0.63,0,0,0,0,0,0,0,0.63,0,0,0,0,0,0,3.14,0,1.25,0.63,0,0,0,0,0,0,0,0,0,1.88,0.63,0
73,5,2014,1,1,01/01/2014,15370,0,2,7,6,11,2,0,0,1,1,1,0,0,0,1,1,5,1,0,1,4,4,3,1,0,1,1,0,2,0,0,12,1,12,0,4,0,1,10,0,5,3,0,0,0,0,1,0,0,0,2,0,1,2,0,0,6,0,0,1,0,1,2,0,3,0,0,0,0,0,0,0,0,0,5,1,8,1,0,0,1,0,1,0,0,0,0,0,0,0,0,0,4,1,4,0,0,0,0,0,3,1,1,1,0,0,0,0,0,1.3,4.55,3.9,7.16,1.3,0,0,0.65,0.65,0.65,0,0,0,0.65,0.65,3.25,0.65,0,0.65,2.6,2.6,1.95,0.65,0,0.65,0.65,0,1.3,0,0,7.81,0.65,7.81,0,2.6,0,0.65,6.51,0,3.25,1.95,0,0,0,0,0.65,0,0,0,1.3,0,0.65,1.3,0,0,3.9,0,0,0.65,0,0.65,1.3,0,1.95,0,0,0,0,0,0,0,0,0,3.25,0.65,5.2,0.65,0,0,0.65,0,0.65,0,0,0,0,0,0,0,0,0,2.6,0.65,2.6,0,0,0,0,0,1.95,0.65,0.65,0.65,0,0,0,0
74,5,2014,2,1,01/02/2014,16069,0,1,12,0,26,2,0,0,0,0,1,0,0,1,1,0,8,0,0,0,7,0,10,1,0,0,4,0,7,1,0,8,2,8,4,3,0,0,5,0,8,0,0,0,0,0,0,0,0,0,0,0,1,0,0,0,2,0,4,0,0,0,3,0,3,0,1,1,1,1,1,0,0,0,6,0,4,3,0,0,0,0,0,1,0,0,1,0,1,0,0,0,3,0,2,2,0,0,2,0,1,0,0,2,2,2,0,0,0,0.62,7.47,0,16.18,1.24,0,0,0,0,0.62,0,0,0.62,0.62,0,4.98,0,0,0,4.36,0,6.22,0.62,0,0,2.49,0,4.36,0.62,0,4.98,1.24,4.98,2.49,1.87,0,0,3.11,0,4.98,0,0,0,0,0,0,0,0,0,0,0,0.62,0,0,0,1.24,0,2.49,0,0,0,1.87,0,1.87,0,0.62,0.62,0.62,0.62,0.62,0,0,0,3.73,0,2.49,1.87,0,0,0,0,0,0.62,0,0,0.62,0,0.62,0,0,0,1.87,0,1.24,1.24,0,0,1.24,0,0.62,0,0,1.24,1.24,1.24,0,0
75,5,2014,3,1,01/03/2014,17201,1,0,14,2,14,5,1,0,2,1,4,1,0,0,1,0,3,1,0,0,4,1,5,1,0,0,7,0,2,2,2,4,3,17,7,2,0,0,12,1,7,0,0,0,1,0,0,0,0,0,0,0,3,0,0,0,8,1,3,0,0,0,3,0,1,0,0,0,2,6,0,0,0,1,2,3,5,2,0,0,0,0,0,0,0,0,0,0,0,1,0,1,1,3,3,0,0,0,1,0,2,1,0,0,1,2,0,0,0.58,0,8.14,1.16,8.14,2.91,0.58,0,1.16,0.58,2.33,0.58,0,0,0.58,0,1.74,0.58,0,0,2.33,0.58,2.91,0.58,0,0,4.07,0,1.16,1.16,1.16,2.33,1.74,9.88,4.07,1.16,0,0,6.98,0.58,4.07,0,0,0,0.58,0,0,0,0,0,0,0,1.74,0,0,0,4.65,0.58,1.74,0,0,0,1.74,0,0.58,0,0,0,1.16,3.49,0,0,0,0.58,1.16,1.74,2.91,1.16,0,0,0,0,0,0,0,0,0,0,0,0.58,0,0.58,0.58,1.74,1.74,0,0,0,0.58,0,1.16,0.58,0,0,0.58,1.16,0,0
76,5,2014,4,1,01/04/2014,16255,0,0,18,1,9,1,0,0,3,1,1,0,0,0,5,0,1,0,0,0,9,0,5,1,0,0,1,0,2,0,0,2,2,7,1,3,0,1,7,0,10,1,0,0,0,0,0,1,0,0,1,0,1,0,0,0,6,0,5,0,0,1,0,0,4,0,0,1,0,0,0,1,0,0,6,0,7,2,0,0,0,0,1,1,0,0,1,0,0,0,0,0,4,0,4,1,0,0,1,0,2,0,0,1,2,1,0,0,0,0,11.07,0.62,5.54,0.62,0,0,1.85,0.62,0.62,0,0,0,3.08,0,0.62,0,0,0,5.54,0,3.08,0.62,0,0,0.62,0,1.23,0,0,1.23,1.23,4.31,0.62,1.85,0,0.62,4.31,0,6.15,0.62,0,0,0,0,0,0.62,0,0,0.62,0,0.62,0,0,0,3.69,0,3.08,0,0,0.62,0,0,2.46,0,0,0.62,0,0,0,0.62,0,0,3.69,0,4.31,1.23,0,0,0,0,0.62,0.62,0,0,0.62,0,0,0,0,0,2.46,0,2.46,0.62,0,0,0.62,0,1.23,0,0,0.62,1.23,0.62,0,0
77,5,2014,5,1,01/05/2014,16349,0,2,9,0,16,5,0,0,0,0,1,0,0,2,0,0,1,2,0,0,7,0,11,1,0,0,2,0,3,2,0,5,3,4,1,4,0,1,11,0,3,0,0,0,0,0,0,0,0,0,0,0,1,0,0,1,8,0,1,0,0,0,3,0,1,0,0,4,1,3,0,0,0,0,3,1,6,1,0,0,2,0,1,0,0,0,0,0,1,0,0,0,1,1,2,1,0,0,0,0,2,0,0,0,1,3,1,1,0,1.22,5.5,0,9.79,3.06,0,0,0,0,0.61,0,0,1.22,0,0,0.61,1.22,0,0,4.28,0,6.73,0.61,0,0,1.22,0,1.83,1.22,0,3.06,1.83,2.45,0.61,2.45,0,0.61,6.73,0,1.83,0,0,0,0,0,0,0,0,0,0,0,0.61,0,0,0.61,4.89,0,0.61,0,0,0,1.83,0,0.61,0,0,2.45,0.61,1.83,0,0,0,0,1.83,0.61,3.67,0.61,0,0,1.22,0,0.61,0,0,0,0,0,0.61,0,0,0,0.61,0.61,1.22,0.61,0,0,0,0,1.22,0,0,0,0.61,1.83,0.61,0.61
78,5,2014,6,1,01/06/2014,15152,0,1,14,0,16,6,0,1,0,0,1,1,0,0,0,0,4,1,0,0,10,0,7,1,0,0,4,0,4,3,1,11,1,4,2,3,0,0,8,1,7,1,0,0,1,0,0,0,0,0,0,0,2,0,0,0,6,1,3,0,0,0,1,0,2,1,0,0,0,0,0,0,0,1,8,3,5,1,0,0,0,1,2,0,0,0,1,0,2,0,0,1,7,2,1,1,0,0,0,0,0,0,0,1,1,2,0,1,0,0.66,9.24,0,10.56,3.96,0,0.66,0,0,0.66,0.66,0,0,0,0,2.64,0.66,0,0,6.6,0,4.62,0.66,0,0,2.64,0,2.64,1.98,0.66,7.26,0.66,2.64,1.32,1.98,0,0,5.28,0.66,4.62,0.66,0,0,0.66,0,0,0,0,0,0,0,1.32,0,0,0,3.96,0.66,1.98,0,0,0,0.66,0,1.32,0.66,0,0,0,0,0,0,0,0.66,5.28,1.98,3.3,0.66,0,0,0,0.66,1.32,0,0,0,0.66,0,1.32,0,0,0.66,4.62,1.32,0.66,0.66,0,0,0,0,0,0,0,0.66,0.66,1.32,0,0.66
79,5,2014,7,1,01/07/2014,16805,1,1,19,1,16,6,0,0,2,1,2,1,1,0,3,0,2,2,0,1,10,0,10,3,0,0,4,0,2,0,0,8,7,3,1,2,1,2,10,0,5,2,0,0,2,0,0,0,0,0,1,0,3,0,0,0,6,0,2,1,1,2,1,0,0,1,0,0,1,1,1,0,1,3,8,0,2,0,0,1,1,0,1,0,1,0,0,0,0,0,0,0,5,0,0,0,0,2,2,0,1,0,0,0,2,3,0,0,0.6,0.6,11.31,0.6,9.52,3.57,0,0,1.19,0.6,1.19,0.6,0.6,0,1.79,0,1.19,1.19,0,0.6,5.95,0,5.95,1.79,0,0,2.38,0,1.19,0,0,4.76,4.17,1.79,0.6,1.19,0.6,1.19,5.95,0,2.98,1.19,0,0,1.19,0,0,0,0,0,0.6,0,1.79,0,0,0,3.57,0,1.19,0.6,0.6,1.19,0.6,0,0,0.6,0,0,0.6,0.6,0.6,0,0.6,1.79,4.76,0,1.19,0,0,0.6,0.6,0,0.6,0,0.6,0,0,0,0,0,0,0,2.98,0,0,0,0,1.19,1.19,0,0.6,0,0,0,1.19,1.79,0,0
80,5,2014,8,1,01/08/2014,11966,0,1,10,2,18,4,0,0,3,1,2,0,0,0,2,1,6,2,0,0,5,0,8,1,0,1,0,0,2,1,1,3,8,3,1,5,0,0,10,0,6,3,0,0,0,0,1,0,0,0,0,0,2,1,0,0,8,0,2,0,0,0,2,0,1,2,0,0,2,0,0,0,0,1,5,1,4,0,0,0,0,1,0,0,0,0,1,0,1,0,0,0,4,0,3,0,0,1,0,0,0,0,0,1,1,0,0,0,0,0.84,8.36,1.67,15.04,3.34,0,0,2.51,0.84,1.67,0,0,0,1.67,0.84,5.01,1.67,0,0,4.18,0,6.69,0.84,0,0.84,0,0,1.67,0.84,0.84,2.51,6.69,2.51,0.84,4.18,0,0,8.36,0,5.01,2.51,0,0,0,0,0.84,0,0,0,0,0,1.67,0.84,0,0,6.69,0,1.67,0,0,0,1.67,0,0.84,1.67,0,0,1.67,0,0,0,0,0.84,4.18,0.84,3.34,0,0,0,0,0.84,0,0,0,0,0.84,0,0.84,0,0,0,3.34,0,2.51,0,0,0.84,0,0,0,0,0,0.84,0.84,0,0,0
81,6,2014,9,1,01/09/2014,13913,2,5,10,3,24,4,1,2,1,1,2,0,1,2,0,2,7,1,0,1,6,0,9,2,0,0,3,0,6,1,0,2,1,5,0,1,1,0,12,0,14,2,0,0,1,0,0,0,0,0,3,0,0,2,1,0,5,0,6,0,0,0,3,0,8,0,0,0,2,1,1,0,0,1,10,0,6,0,0,0,0,0,0,0,0,0,0,0,1,0,0,0,7,0,3,0,0,1,3,0,2,0,0,1,1,2,0,2,1.44,3.59,7.19,2.16,17.25,2.88,0.72,1.44,0.72,0.72,1.44,0,0.72,1.44,0,1.44,5.03,0.72,0,0.72,4.31,0,6.47,1.44,0,0,2.16,0,4.31,0.72,0,1.44,0.72,3.59,0,0.72,0.72,0,8.63,0,10.06,1.44,0,0,0.72,0,0,0,0,0,2.16,0,0,1.44,0.72,0,3.59,0,4.31,0,0,0,2.16,0,5.75,0,0,0,1.44,0.72,0.72,0,0,0.72,7.19,0,4.31,0,0,0,0,0,0,0,0,0,0,0,0.72,0,0,0,5.03,0,2.16,0,0,0.72,2.16,0,1.44,0,0,0.72,0.72,1.44,0,1.44
82,6,2014,10,1,01/10/2014,16375,0,0,19,2,9,3,0,0,2,1,3,0,0,0,3,1,0,2,0,0,9,0,6,0,0,0,5,0,0,1,0,5,5,10,1,0,0,0,9,1,9,0,0,0,0,0,1,0,0,0,1,0,1,0,0,0,6,1,4,0,0,0,2,0,3,0,1,2,1,0,1,0,0,1,12,0,11,0,0,0,0,0,1,0,0,0,0,0,5,0,0,0,11,0,4,0,0,1,1,0,1,0,0,3,1,1,1,0,0,0,11.6,1.22,5.5,1.83,0,0,1.22,0.61,1.83,0,0,0,1.83,0.61,0,1.22,0,0,5.5,0,3.66,0,0,0,3.05,0,0,0.61,0,3.05,3.05,6.11,0.61,0,0,0,5.5,0.61,5.5,0,0,0,0,0,0.61,0,0,0,0.61,0,0.61,0,0,0,3.66,0.61,2.44,0,0,0,1.22,0,1.83,0,0.61,1.22,0.61,0,0.61,0,0,0.61,7.33,0,6.72,0,0,0,0,0,0.61,0,0,0,0,0,3.05,0,0,0,6.72,0,2.44,0,0,0.61,0.61,0,0.61,0,0,1.83,0.61,0.61,0.61,0
83,6,2014,11,1,01/11/2014,15600,0,1,15,0,17,5,0,1,2,0,1,0,0,0,2,0,2,1,0,0,9,0,8,1,0,0,2,0,6,3,2,1,2,5,1,0,0,1,6,2,6,0,0,0,0,1,0,0,0,0,0,0,0,0,0,0,5,1,3,0,0,1,1,0,3,0,0,1,0,0,0,1,0,1,11,0,5,0,0,0,0,0,0,0,0,0,0,0,2,0,0,1,8,0,2,0,0,0,3,0,1,0,0,0,0,0,0,0,0,0.64,9.62,0,10.9,3.21,0,0.64,1.28,0,0.64,0,0,0,1.28,0,1.28,0.64,0,0,5.77,0,5.13,0.64,0,0,1.28,0,3.85,1.92,1.28,0.64,1.28,3.21,0.64,0,0,0.64,3.85,1.28,3.85,0,0,0,0,0.64,0,0,0,0,0,0,0,0,0,0,3.21,0.64,1.92,0,0,0.64,0.64,0,1.92,0,0,0.64,0,0,0,0.64,0,0.64,7.05,0,3.21,0,0,0,0,0,0,0,0,0,0,0,1.28,0,0,0.64,5.13,0,1.28,0,0,0,1.92,0,0.64,0,0,0,0,0,0,0
84,6,2014,12,1,01/12/2014,15095,0,1,23,2,17,2,0,0,0,0,0,0,0,0,2,0,3,1,0,0,13,2,7,1,0,1,8,0,7,0,2,9,7,4,2,3,0,0,9,0,14,1,0,0,1,0,1,0,0,0,2,0,7,0,0,0,4,0,3,1,0,0,2,0,3,0,0,1,0,0,1,0,0,0,7,0,5,0,0,0,0,0,0,0,0,0,0,0,0,0,0,0,4,0,3,0,0,0,3,0,2,0,0,0,1,1,0,0,0,0.66,15.24,1.32,11.26,1.32,0,0,0,0,0,0,0,0,1.32,0,1.99,0.66,0,0,8.61,1.32,4.64,0.66,0,0.66,5.3,0,4.64,0,1.32,5.96,4.64,2.65,1.32,1.99,0,0,5.96,0,9.27,0.66,0,0,0.66,0,0.66,0,0,0,1.32,0,4.64,0,0,0,2.65,0,1.99,0.66,0,0,1.32,0,1.99,0,0,0.66,0,0,0.66,0,0,0,4.64,0,3.31,0,0,0,0,0,0,0,0,0,0,0,0,0,0,0,2.65,0,1.99,0,0,0,1.99,0,1.32,0,0,0,0.66,0.66,0,0
85,6,2015,1,1,01/01/2015,15370,0,4,23,1,19,2,0,1,4,1,1,0,0,3,3,0,6,0,0,0,11,0,8,1,0,0,5,0,4,1,0,2,3,8,0,1,0,1,6,2,11,1,0,0,0,0,0,0,0,1,2,0,4,1,0,0,4,1,6,0,0,0,0,1,1,0,0,0,0,1,0,0,0,0,9,1,3,0,0,0,1,1,1,0,0,0,0,0,0,0,0,0,7,0,2,0,0,0,1,0,0,0,0,0,0,1,0,0,0,2.6,14.96,0.65,12.36,1.3,0,0.65,2.6,0.65,0.65,0,0,1.95,1.95,0,3.9,0,0,0,7.16,0,5.2,0.65,0,0,3.25,0,2.6,0.65,0,1.3,1.95,5.2,0,0.65,0,0.65,3.9,1.3,7.16,0.65,0,0,0,0,0,0,0,0.65,1.3,0,2.6,0.65,0,0,2.6,0.65,3.9,0,0,0,0,0.65,0.65,0,0,0,0,0.65,0,0,0,0,5.86,0.65,1.95,0,0,0,0.65,0.65,0.65,0,0,0,0,0,0,0,0,0,4.55,0,1.3,0,0,0,0.65,0,0,0,0,0,0,0.65,0,0
86,6,2015,2,1,01/02/2015,16069,0,1,15,2,15,2,0,0,4,1,0,0,0,1,2,1,6,1,0,0,8,0,4,0,0,0,1,0,5,1,0,2,0,6,1,0,0,1,10,0,4,0,0,0,1,0,0,0,0,0,1,0,2,0,0,0,7,0,1,0,0,1,1,0,1,0,0,1,2,5,0,0,0,0,6,0,9,0,0,0,0,0,1,0,0,0,1,0,1,0,0,0,5,0,5,0,0,0,0,0,2,0,0,0,0,1,0,0,0,0.62,9.33,1.24,9.33,1.24,0,0,2.49,0.62,0,0,0,0.62,1.24,0.62,3.73,0.62,0,0,4.98,0,2.49,0,0,0,0.62,0,3.11,0.62,0,1.24,0,3.73,0.62,0,0,0.62,6.22,0,2.49,0,0,0,0.62,0,0,0,0,0,0.62,0,1.24,0,0,0,4.36,0,0.62,0,0,0.62,0.62,0,0.62,0,0,0.62,1.24,3.11,0,0,0,0,3.73,0,5.6,0,0,0,0,0,0.62,0,0,0,0.62,0,0.62,0,0,0,3.11,0,3.11,0,0,0,0,0,1.24,0,0,0,0,0.62,0,0
87,6,2015,3,1,01/03/2015,17201,0,6,25,1,15,4,0,1,3,1,3,1,0,5,3,0,1,0,0,0,14,0,5,3,0,0,5,0,6,0,0,3,1,1,1,4,0,2,11,0,7,1,0,0,1,0,1,0,0,1,2,0,1,0,0,0,6,0,4,0,0,1,2,0,1,1,0,2,0,3,1,0,0,0,6,1,7,0,0,0,1,0,0,0,0,0,0,0,2,0,0,0,4,1,2,0,0,0,1,0,3,0,0,1,0,0,0,0,0,3.49,14.53,0.58,8.72,2.33,0,0.58,1.74,0.58,1.74,0.58,0,2.91,1.74,0,0.58,0,0,0,8.14,0,2.91,1.74,0,0,2.91,0,3.49,0,0,1.74,0.58,0.58,0.58,2.33,0,1.16,6.39,0,4.07,0.58,0,0,0.58,0,0.58,0,0,0.58,1.16,0,0.58,0,0,0,3.49,0,2.33,0,0,0.58,1.16,0,0.58,0.58,0,1.16,0,1.74,0.58,0,0,0,3.49,0.58,4.07,0,0,0,0.58,0,0,0,0,0,0,0,1.16,0,0,0,2.33,0.58,1.16,0,0,0,0.58,0,1.74,0,0,0.58,0,0,0,0
88,6,2015,4,1,01/04/2015,16255,0,3,22,4,13,4,0,0,4,2,0,1,0,1,3,0,4,3,0,2,8,2,2,0,0,0,7,0,7,0,0,7,1,7,1,2,0,0,7,1,4,2,0,0,1,0,0,0,0,0,2,0,0,0,0,0,2,1,2,1,0,0,2,0,2,1,0,0,2,1,0,1,0,0,9,1,11,0,0,0,2,1,1,0,0,0,0,0,1,0,0,0,4,0,5,0,0,0,3,0,4,0,0,0,0,1,0,1,0,1.85,13.53,2.46,8,2.46,0,0,2.46,1.23,0,0.62,0,0.62,1.85,0,2.46,1.85,0,1.23,4.92,1.23,1.23,0,0,0,4.31,0,4.31,0,0,4.31,0.62,4.31,0.62,1.23,0,0,4.31,0.62,2.46,1.23,0,0,0.62,0,0,0,0,0,1.23,0,0,0,0,0,1.23,0.62,1.23,0.62,0,0,1.23,0,1.23,0.62,0,0,1.23,0.62,0,0.62,0,0,5.54,0.62,6.77,0,0,0,1.23,0.62,0.62,0,0,0,0,0,0.62,0,0,0,2.46,0,3.08,0,0,0,1.85,0,2.46,0,0,0,0,0.62,0,0.62
89,6,2015,5,1,01/05/2015,16349,0,3,20,0,23,4,0,0,2,0,2,0,0,3,6,0,4,3,0,0,7,0,10,1,0,0,5,0,7,0,0,6,1,6,3,1,0,2,9,0,10,1,0,0,1,0,2,0,0,0,1,0,3,1,0,2,6,0,2,0,0,0,1,0,3,0,0,1,0,0,1,0,0,0,3,0,4,1,0,0,1,0,1,0,0,0,0,0,0,0,0,0,2,0,3,1,0,0,0,0,0,0,0,2,0,0,0,0,0,1.83,12.23,0,14.07,2.45,0,0,1.22,0,1.22,0,0,1.83,3.67,0,2.45,1.83,0,0,4.28,0,6.12,0.61,0,0,3.06,0,4.28,0,0,3.67,0.61,3.67,1.83,0.61,0,1.22,5.5,0,6.12,0.61,0,0,0.61,0,1.22,0,0,0,0.61,0,1.83,0.61,0,1.22,3.67,0,1.22,0,0,0,0.61,0,1.83,0,0,0.61,0,0,0.61,0,0,0,1.83,0,2.45,0.61,0,0,0.61,0,0.61,0,0,0,0,0,0,0,0,0,1.22,0,1.83,0.61,0,0,0,0,0,0,0,1.22,0,0,0,0
90,6,2015,6,1,01/06/2015,15152,0,4,17,1,27,5,0,2,0,1,2,0,0,1,3,0,4,2,0,0,10,0,9,0,0,1,4,0,12,3,0,3,0,2,1,4,0,1,8,1,6,2,0,0,0,0,0,0,0,0,1,0,1,1,0,1,6,1,1,0,0,0,1,0,4,1,0,1,0,2,2,0,0,0,6,0,9,0,0,0,1,0,1,0,0,0,1,0,4,0,0,0,2,0,3,0,0,0,2,0,1,0,0,2,0,3,1,0,0,2.64,11.22,0.66,17.82,3.3,0,1.32,0,0.66,1.32,0,0,0.66,1.98,0,2.64,1.32,0,0,6.6,0,5.94,0,0,0.66,2.64,0,7.92,1.98,0,1.98,0,1.32,0.66,2.64,0,0.66,5.28,0.66,3.96,1.32,0,0,0,0,0,0,0,0,0.66,0,0.66,0.66,0,0.66,3.96,0.66,0.66,0,0,0,0.66,0,2.64,0.66,0,0.66,0,1.32,1.32,0,0,0,3.96,0,5.94,0,0,0,0.66,0,0.66,0,0,0,0.66,0,2.64,0,0,0,1.32,0,1.98,0,0,0,1.32,0,0.66,0,0,1.32,0,1.98,0.66,0
91,6,2015,7,1,01/07/2015,16805,0,0,16,1,16,3,0,0,2,1,1,0,0,0,3,0,3,3,0,0,7,0,9,0,0,0,4,0,3,0,2,5,4,3,2,1,0,0,10,0,8,1,0,0,0,0,1,0,0,0,2,0,1,1,0,0,6,0,3,0,0,0,2,0,3,0,0,1,1,2,1,1,0,0,4,0,4,0,0,0,0,0,1,0,0,0,2,0,2,0,0,0,0,0,1,0,0,0,2,0,0,0,0,1,0,3,0,1,0,0,9.52,0.6,9.52,1.79,0,0,1.19,0.6,0.6,0,0,0,1.79,0,1.79,1.79,0,0,4.17,0,5.36,0,0,0,2.38,0,1.79,0,1.19,2.98,2.38,1.79,1.19,0.6,0,0,5.95,0,4.76,0.6,0,0,0,0,0.6,0,0,0,1.19,0,0.6,0.6,0,0,3.57,0,1.79,0,0,0,1.19,0,1.79,0,0,0.6,0.6,1.19,0.6,0.6,0,0,2.38,0,2.38,0,0,0,0,0,0.6,0,0,0,1.19,0,1.19,0,0,0,0,0,0.6,0,0,0,1.19,0,0,0,0,0.6,0,1.79,0,0.6
92,6,2015,8,1,01/08/2015,11966,5,1,21,5,15,1,0,0,2,3,3,0,1,0,3,2,1,0,2,1,12,0,7,1,2,0,4,0,4,0,0,10,4,8,1,3,0,3,10,0,11,0,0,0,0,0,2,0,0,1,1,0,4,0,0,1,7,0,2,0,0,1,2,0,3,0,1,0,0,0,1,0,0,1,12,0,6,1,0,0,4,0,0,0,0,0,0,0,0,0,0,1,5,0,4,0,0,0,3,0,2,1,0,0,0,0,0,0,4.18,0.84,17.55,4.18,12.54,0.84,0,0,1.67,2.51,2.51,0,0.84,0,2.51,1.67,0.84,0,1.67,0.84,10.03,0,5.85,0.84,1.67,0,3.34,0,3.34,0,0,8.36,3.34,6.69,0.84,2.51,0,2.51,8.36,0,9.19,0,0,0,0,0,1.67,0,0,0.84,0.84,0,3.34,0,0,0.84,5.85,0,1.67,0,0,0.84,1.67,0,2.51,0,0.84,0,0,0,0.84,0,0,0.84,10.03,0,5.01,0.84,0,0,3.34,0,0,0,0,0,0,0,0,0,0,0.84,4.18,0,3.34,0,0,0,2.51,0,1.67,0.84,0,0,0,0,0,0
93,6,2015,9,1,01/09/2015,13913,0,6,20,4,20,4,0,0,2,2,4,1,0,2,4,1,4,3,0,2,9,0,9,0,0,2,5,1,3,0,0,8,3,3,3,4,0,3,16,2,5,3,0,0,2,1,0,0,0,1,1,1,3,1,0,0,10,0,0,0,0,2,3,0,2,2,0,1,0,1,0,0,0,0,12,6,4,0,0,0,1,2,0,0,0,0,1,0,0,0,0,0,9,3,3,0,0,0,1,1,1,0,0,1,1,0,0,0,0,4.31,14.38,2.88,14.38,2.88,0,0,1.44,1.44,2.88,0.72,0,1.44,2.88,0.72,2.88,2.16,0,1.44,6.47,0,6.47,0,0,1.44,3.59,0.72,2.16,0,0,5.75,2.16,2.16,2.16,2.88,0,2.16,11.5,1.44,3.59,2.16,0,0,1.44,0.72,0,0,0,0.72,0.72,0.72,2.16,0.72,0,0,7.19,0,0,0,0,1.44,2.16,0,1.44,1.44,0,0.72,0,0.72,0,0,0,0,8.63,4.31,2.88,0,0,0,0.72,1.44,0,0,0,0,0.72,0,0,0,0,0,6.47,2.16,2.16,0,0,0,0.72,0.72,0.72,0,0,0.72,0.72,0,0,0
94,6,2015,10,1,01/10/2015,16375,2,1,23,1,16,3,0,0,4,0,0,0,1,0,4,0,4,3,1,0,12,1,7,0,0,1,3,0,5,0,0,1,2,8,0,2,0,0,10,1,7,0,0,0,0,0,0,0,0,0,1,0,3,0,0,0,8,0,3,0,0,0,1,1,1,0,0,1,1,0,2,0,0,1,9,0,5,0,0,0,1,0,0,0,0,0,1,0,3,0,0,1,5,0,0,0,0,0,2,0,2,0,1,0,0,1,1,0,1.22,0.61,14.05,0.61,9.77,1.83,0,0,2.44,0,0,0,0.61,0,2.44,0,2.44,1.83,0.61,0,7.33,0.61,4.27,0,0,0.61,1.83,0,3.05,0,0,0.61,1.22,4.89,0,1.22,0,0,6.11,0.61,4.27,0,0,0,0,0,0,0,0,0,0.61,0,1.83,0,0,0,4.89,0,1.83,0,0,0,0.61,0.61,0.61,0,0,0.61,0.61,0,1.22,0,0,0.61,5.5,0,3.05,0,0,0,0.61,0,0,0,0,0,0.61,0,1.83,0,0,0.61,3.05,0,0,0,0,0,1.22,0,1.22,0,0.61,0,0,0.61,0.61,0
95,6,2015,11,1,01/11/2015,15600,0,3,14,0,30,3,0,0,2,0,2,2,0,0,0,0,13,0,0,0,7,0,9,0,0,3,5,0,6,1,0,3,2,3,2,2,0,1,7,0,6,2,0,0,1,0,0,0,0,1,1,0,3,0,0,0,4,0,2,1,0,0,1,0,1,1,1,1,0,1,0,0,1,0,11,3,7,0,0,0,2,1,0,0,0,0,0,1,1,0,0,0,7,1,4,0,1,0,2,0,2,0,0,0,0,0,0,0,0,1.92,8.97,0,19.23,1.92,0,0,1.28,0,1.28,1.28,0,0,0,0,8.33,0,0,0,4.49,0,5.77,0,0,1.92,3.21,0,3.85,0.64,0,1.92,1.28,1.92,1.28,1.28,0,0.64,4.49,0,3.85,1.28,0,0,0.64,0,0,0,0,0.64,0.64,0,1.92,0,0,0,2.56,0,1.28,0.64,0,0,0.64,0,0.64,0.64,0.64,0.64,0,0.64,0,0,0.64,0,7.05,1.92,4.49,0,0,0,1.28,0.64,0,0,0,0,0,0.64,0.64,0,0,0,4.49,0.64,2.56,0,0.64,0,1.28,0,1.28,0,0,0,0,0,0,0
96,6,2015,12,1,01/12/2015,15095,0,0,20,0,13,6,0,0,1,0,2,0,0,0,5,0,4,2,0,0,13,0,3,2,0,0,1,0,4,2,0,2,4,1,0,4,0,0,10,0,8,0,0,0,2,0,1,0,0,0,3,0,0,0,0,0,3,0,4,0,0,0,2,0,3,0,0,0,1,2,1,1,0,0,6,1,7,0,0,0,0,0,1,0,0,0,2,0,2,0,0,0,2,1,2,0,0,0,2,0,2,0,0,0,1,1,0,1,0,0,13.25,0,8.61,3.97,0,0,0.66,0,1.32,0,0,0,3.31,0,2.65,1.32,0,0,8.61,0,1.99,1.32,0,0,0.66,0,2.65,1.32,0,1.32,2.65,0.66,0,2.65,0,0,6.62,0,5.3,0,0,0,1.32,0,0.66,0,0,0,1.99,0,0,0,0,0,1.99,0,2.65,0,0,0,1.32,0,1.99,0,0,0,0.66,1.32,0.66,0.66,0,0,3.97,0.66,4.64,0,0,0,0,0,0.66,0,0,0,1.32,0,1.32,0,0,0,1.32,0.66,1.32,0,0,0,1.32,0,1.32,0,0,0,0.66,0.66,0,0.66
97,6,2016,1,1,01/01/2016,14948,0,2,21,2,12,6,0,0,1,1,2,1,0,0,2,1,0,2,0,0,10,0,7,0,0,2,8,0,3,3,0,1,2,4,1,2,0,1,9,0,10,0,0,0,1,0,0,0,0,0,1,0,2,0,0,1,6,0,3,0,0,0,1,0,5,0,0,0,0,1,0,0,0,1,11,1,8,1,0,0,4,0,1,0,0,0,0,0,2,0,0,1,6,1,5,0,0,0,1,0,0,1,0,0,1,1,0,0,0,1.34,14.05,1.34,8.03,4.01,0,0,0.67,0.67,1.34,0.67,0,0,1.34,0.67,0,1.34,0,0,6.69,0,4.68,0,0,1.34,5.35,0,2.01,2.01,0,0.67,1.34,2.68,0.67,1.34,0,0.67,6.02,0,6.69,0,0,0,0.67,0,0,0,0,0,0.67,0,1.34,0,0,0.67,4.01,0,2.01,0,0,0,0.67,0,3.34,0,0,0,0,0.67,0,0,0,0.67,7.36,0.67,5.35,0.67,0,0,2.68,0,0.67,0,0,0,0,0,1.34,0,0,0.67,4.01,0.67,3.34,0,0,0,0.67,0,0,0.67,0,0,0.67,0.67,0,0
98,6,2016,2,1,01/02/2016,15011,1,4,17,4,20,0,1,2,1,1,1,0,0,0,4,0,5,0,0,0,7,3,9,0,0,2,5,0,5,0,0,2,1,3,0,0,0,0,7,0,5,1,0,0,2,0,0,0,0,0,1,0,0,1,0,0,4,0,4,0,0,0,0,0,1,0,0,0,0,2,0,0,0,0,11,0,9,2,0,0,2,0,3,0,0,0,1,0,1,0,0,0,6,0,3,0,0,0,2,0,2,2,0,1,0,0,0,0,0.67,2.66,11.33,2.66,13.32,0,0.67,1.33,0.67,0.67,0.67,0,0,0,2.66,0,3.33,0,0,0,4.66,2,6,0,0,1.33,3.33,0,3.33,0,0,1.33,0.67,2,0,0,0,0,4.66,0,3.33,0.67,0,0,1.33,0,0,0,0,0,0.67,0,0,0.67,0,0,2.66,0,2.66,0,0,0,0,0,0.67,0,0,0,0,1.33,0,0,0,0,7.33,0,6,1.33,0,0,1.33,0,2,0,0,0,0.67,0,0.67,0,0,0,4,0,2,0,0,0,1.33,0,1.33,1.33,0,0.67,0,0,0,0
99,6,2016,3,1,01/03/2016,16455,0,6,23,1,19,5,0,2,2,0,2,1,0,3,4,0,5,1,0,1,13,1,4,1,0,0,4,0,8,2,0,4,2,7,2,3,0,1,9,1,11,0,0,0,1,1,0,0,0,1,2,0,3,0,0,0,5,0,5,0,0,0,1,0,3,0,0,1,0,0,0,0,0,0,4,2,7,0,0,0,0,0,0,0,0,0,0,1,2,0,0,0,1,1,4,0,0,0,3,0,1,0,0,1,0,1,0,1,0,3.65,13.98,0.61,11.55,3.04,0,1.22,1.22,0,1.22,0.61,0,1.82,2.43,0,3.04,0.61,0,0.61,7.9,0.61,2.43,0.61,0,0,2.43,0,4.86,1.22,0,2.43,1.22,4.25,1.22,1.82,0,0.61,5.47,0.61,6.68,0,0,0,0.61,0.61,0,0,0,0.61,1.22,0,1.82,0,0,0,3.04,0,3.04,0,0,0,0.61,0,1.82,0,0,0.61,0,0,0,0,0,0,2.43,1.22,4.25,0,0,0,0,0,0,0,0,0,0,0.61,1.22,0,0,0,0.61,0.61,2.43,0,0,0,1.82,0,0.61,0,0,0.61,0,0.61,0,0.61
100,6,2016,4,1,01/04/2016,14540,2,7,20,1,18,5,0,2,1,1,1,0,1,4,6,0,5,0,0,0,9,0,5,2,1,1,4,0,7,3,0,6,4,3,4,4,0,1,10,2,1,0,0,0,2,0,0,0,0,1,2,1,1,0,0,0,4,0,0,0,0,0,2,1,0,0,1,3,1,0,1,1,1,1,6,0,4,0,0,0,0,0,1,0,0,1,1,0,2,0,0,0,2,0,0,0,1,0,3,0,1,0,0,3,0,0,0,0,1.38,4.81,13.76,0.69,12.38,3.44,0,1.38,0.69,0.69,0.69,0,0.69,2.75,4.13,0,3.44,0,0,0,6.19,0,3.44,1.38,0.69,0.69,2.75,0,4.81,2.06,0,4.13,2.75,2.06,2.75,2.75,0,0.69,6.88,1.38,0.69,0,0,0,1.38,0,0,0,0,0.69,1.38,0.69,0.69,0,0,0,2.75,0,0,0,0,0,1.38,0.69,0,0,0.69,2.06,0.69,0,0.69,0.69,0.69,0.69,4.13,0,2.75,0,0,0,0,0,0.69,0,0,0.69,0.69,0,1.38,0,0,0,1.38,0,0,0,0.69,0,2.06,0,0.69,0,0,2.06,0,0,0,0
101,6,2016,5,1,01/05/2016,14621,1,4,13,0,13,6,0,1,1,0,0,0,0,3,2,0,2,1,0,0,10,0,6,2,1,0,0,0,5,3,1,6,2,1,1,1,0,1,8,2,12,0,0,0,0,1,1,0,0,1,2,1,5,0,0,0,5,0,5,0,0,0,1,0,1,0,0,2,0,2,0,0,0,0,8,2,7,0,0,0,0,1,2,0,0,0,1,0,0,0,0,0,6,1,2,0,0,0,1,0,3,0,0,0,0,2,0,0,0.68,2.74,8.89,0,8.89,4.1,0,0.68,0.68,0,0,0,0,2.05,1.37,0,1.37,0.68,0,0,6.84,0,4.1,1.37,0.68,0,0,0,3.42,2.05,0.68,4.1,1.37,0.68,0.68,0.68,0,0.68,5.47,1.37,8.21,0,0,0,0,0.68,0.68,0,0,0.68,1.37,0.68,3.42,0,0,0,3.42,0,3.42,0,0,0,0.68,0,0.68,0,0,1.37,0,1.37,0,0,0,0,5.47,1.37,4.79,0,0,0,0,0.68,1.37,0,0,0,0.68,0,0,0,0,0,4.1,0.68,1.37,0,0,0,0.68,0,2.05,0,0,0,0,1.37,0,0
102,6,2016,6,1,01/06/2016,15346,1,5,16,1,25,4,0,0,4,0,1,1,1,2,2,0,7,1,0,0,9,0,9,1,0,3,1,1,8,1,1,4,0,5,2,2,0,0,5,0,5,2,0,0,0,0,0,1,0,0,0,0,1,0,0,0,3,0,3,0,0,0,2,0,1,1,2,1,3,1,0,0,0,1,5,0,3,0,0,0,1,0,0,0,0,0,0,0,1,0,0,0,4,0,2,0,0,1,0,0,0,0,0,0,1,1,0,0,0.65,3.26,10.43,0.65,16.29,2.61,0,0,2.61,0,0.65,0.65,0.65,1.3,1.3,0,4.56,0.65,0,0,5.86,0,5.86,0.65,0,1.95,0.65,0.65,5.21,0.65,0.65,2.61,0,3.26,1.3,1.3,0,0,3.26,0,3.26,1.3,0,0,0,0,0,0.65,0,0,0,0,0.65,0,0,0,1.95,0,1.95,0,0,0,1.3,0,0.65,0.65,1.3,0.65,1.95,0.65,0,0,0,0.65,3.26,0,1.95,0,0,0,0.65,0,0,0,0,0,0,0,0.65,0,0,0,2.61,0,1.3,0,0,0.65,0,0,0,0,0,0,0.65,0.65,0,0
103,6,2016,7,1,01/07/2016,15315,1,1,29,2,17,2,0,1,3,0,1,0,0,0,5,0,5,1,0,0,12,2,8,1,1,0,9,0,3,0,0,3,4,4,3,2,0,0,9,0,5,0,0,0,1,0,0,0,0,0,0,0,1,0,0,0,6,0,3,0,0,0,2,0,1,0,0,0,0,1,1,0,0,0,11,1,5,0,0,0,1,0,2,0,0,0,1,0,0,0,0,0,7,1,2,0,0,0,2,0,1,0,0,1,1,0,1,1,0.65,0.65,18.94,1.31,11.1,1.31,0,0.65,1.96,0,0.65,0,0,0,3.26,0,3.26,0.65,0,0,7.84,1.31,5.22,0.65,0.65,0,5.88,0,1.96,0,0,1.96,2.61,2.61,1.96,1.31,0,0,5.88,0,3.26,0,0,0,0.65,0,0,0,0,0,0,0,0.65,0,0,0,3.92,0,1.96,0,0,0,1.31,0,0.65,0,0,0,0,0.65,0.65,0,0,0,7.18,0.65,3.26,0,0,0,0.65,0,1.31,0,0,0,0.65,0,0,0,0,0,4.57,0.65,1.31,0,0,0,1.31,0,0.65,0,0,0.65,0.65,0,0.65,0.65
104,6,2016,8,1,01/08/2016,12348,1,0,22,0,22,0,0,0,3,0,1,0,1,0,5,0,3,0,0,0,13,0,9,0,0,0,1,0,9,0,0,1,6,5,0,3,0,0,11,0,6,0,0,0,1,0,0,0,0,0,2,0,1,0,0,0,6,0,1,0,0,0,2,0,4,0,0,1,2,0,1,0,1,1,11,0,12,1,0,0,0,0,2,0,0,1,1,0,2,1,1,0,9,0,7,0,0,0,1,0,1,0,0,1,1,2,1,0,0.81,0,17.82,0,17.82,0,0,0,2.43,0,0.81,0,0.81,0,4.05,0,2.43,0,0,0,10.53,0,7.29,0,0,0,0.81,0,7.29,0,0,0.81,4.86,4.05,0,2.43,0,0,8.91,0,4.86,0,0,0,0.81,0,0,0,0,0,1.62,0,0.81,0,0,0,4.86,0,0.81,0,0,0,1.62,0,3.24,0,0,0.81,1.62,0,0.81,0,0.81,0.81,8.91,0,9.72,0.81,0,0,0,0,1.62,0,0,0.81,0.81,0,1.62,0.81,0.81,0,7.29,0,5.67,0,0,0,0.81,0,0.81,0,0,0.81,0.81,1.62,0.81,0
105,6,2016,9,1,01/09/2016,13976,1,0,27,0,27,4,0,0,2,0,0,0,1,0,2,0,7,1,0,0,15,0,10,1,0,0,8,0,10,2,0,4,4,2,2,3,0,1,10,0,12,0,0,0,3,0,3,0,0,0,1,0,0,0,0,0,4,0,6,0,0,1,2,0,3,0,1,0,0,2,1,0,1,0,7,0,8,0,0,0,2,0,2,0,1,0,1,0,3,0,0,0,3,0,1,0,0,0,1,0,2,0,0,0,0,0,0,0,0.72,0,19.32,0,19.32,2.86,0,0,1.43,0,0,0,0.72,0,1.43,0,5.01,0.72,0,0,10.73,0,7.16,0.72,0,0,5.72,0,7.16,1.43,0,2.86,2.86,1.43,1.43,2.15,0,0.72,7.16,0,8.59,0,0,0,2.15,0,2.15,0,0,0,0.72,0,0,0,0,0,2.86,0,4.29,0,0,0.72,1.43,0,2.15,0,0.72,0,0,1.43,0.72,0,0.72,0,5.01,0,5.72,0,0,0,1.43,0,1.43,0,0.72,0,0.72,0,2.15,0,0,0,2.15,0,0.72,0,0,0,0.72,0,1.43,0,0,0,0,0,0,0
106,6,2016,10,1,01/10/2016,15188,0,1,28,1,23,0,0,0,3,0,5,0,0,1,5,0,9,0,0,0,11,1,6,0,0,0,9,0,3,0,0,0,1,6,4,2,0,0,9,0,10,0,0,0,0,0,0,0,0,0,1,0,3,0,0,0,6,0,3,0,0,0,2,0,4,0,0,0,0,0,0,0,0,0,14,1,13,1,0,0,2,0,3,0,0,0,1,0,2,1,0,0,10,1,7,0,0,0,1,0,1,0,1,1,0,0,0,0,0,0.66,18.44,0.66,15.14,0,0,0,1.98,0,3.29,0,0,0.66,3.29,0,5.93,0,0,0,7.24,0.66,3.95,0,0,0,5.93,0,1.98,0,0,0,0.66,3.95,2.63,1.32,0,0,5.93,0,6.58,0,0,0,0,0,0,0,0,0,0.66,0,1.98,0,0,0,3.95,0,1.98,0,0,0,1.32,0,2.63,0,0,0,0,0,0,0,0,0,9.22,0.66,8.56,0.66,0,0,1.32,0,1.98,0,0,0,0.66,0,1.32,0.66,0,0,6.58,0.66,4.61,0,0,0,0.66,0,0.66,0,0.66,0.66,0,0,0,0
107,6,2016,11,1,01/11/2016,15453,1,0,19,2,26,2,0,0,1,1,1,0,0,0,5,0,9,1,0,0,10,0,9,0,1,0,3,1,7,1,0,4,10,6,2,1,0,0,18,0,10,1,0,0,1,0,2,0,0,0,2,0,3,1,0,0,13,0,2,0,0,0,2,0,3,0,0,1,3,2,0,0,0,0,5,0,6,0,0,0,1,0,0,0,0,0,0,0,1,0,0,0,3,0,3,0,0,0,1,0,2,0,0,0,1,0,0,2,0.65,0,12.3,1.29,16.83,1.29,0,0,0.65,0.65,0.65,0,0,0,3.24,0,5.82,0.65,0,0,6.47,0,5.82,0,0.65,0,1.94,0.65,4.53,0.65,0,2.59,6.47,3.88,1.29,0.65,0,0,11.65,0,6.47,0.65,0,0,0.65,0,1.29,0,0,0,1.29,0,1.94,0.65,0,0,8.41,0,1.29,0,0,0,1.29,0,1.94,0,0,0.65,1.94,1.29,0,0,0,0,3.24,0,3.88,0,0,0,0.65,0,0,0,0,0,0,0,0.65,0,0,0,1.94,0,1.94,0,0,0,0.65,0,1.29,0,0,0,0.65,0,0,1.29
108,6,2016,12,1,01/12/2016,17568,1,0,27,0,37,4,0,0,5,0,3,1,1,0,7,0,9,0,0,0,10,0,19,0,0,0,5,0,6,3,0,3,2,2,0,1,0,0,13,0,4,1,0,0,0,0,0,0,0,0,1,0,0,0,0,0,8,0,4,1,0,0,4,0,0,0,0,0,2,0,1,1,0,0,9,0,6,0,0,0,1,0,1,0,0,0,1,0,0,0,0,0,7,0,3,0,0,0,0,0,2,0,1,1,0,3,0,0,0.57,0,15.37,0,21.06,2.28,0,0,2.85,0,1.71,0.57,0.57,0,3.98,0,5.12,0,0,0,5.69,0,10.82,0,0,0,2.85,0,3.42,1.71,0,1.71,1.14,1.14,0,0.57,0,0,7.4,0,2.28,0.57,0,0,0,0,0,0,0,0,0.57,0,0,0,0,0,4.55,0,2.28,0.57,0,0,2.28,0,0,0,0,0,1.14,0,0.57,0.57,0,0,5.12,0,3.42,0,0,0,0.57,0,0.57,0,0,0,0.57,0,0,0,0,0,3.98,0,1.71,0,0,0,0,0,1.14,0,0.57,0.57,0,1.71,0,0
109,6,2017,1,1,01/01/2017,16415,1,0,23,0,17,3,0,0,4,0,2,0,1,0,5,0,3,0,0,0,8,0,8,1,0,0,6,0,4,2,0,0,4,4,1,2,1,1,10,0,5,0,0,0,1,0,0,0,0,0,0,0,0,0,0,0,6,0,2,0,1,1,3,0,3,0,0,2,1,0,1,0,1,0,3,0,7,1,0,0,1,0,0,0,1,0,0,0,1,1,0,0,2,0,5,0,0,0,0,0,1,0,0,2,2,3,0,0,0.61,0,14.01,0,10.36,1.83,0,0,2.44,0,1.22,0,0.61,0,3.05,0,1.83,0,0,0,4.87,0,4.87,0.61,0,0,3.66,0,2.44,1.22,0,0,2.44,2.44,0.61,1.22,0.61,0.61,6.09,0,3.05,0,0,0,0.61,0,0,0,0,0,0,0,0,0,0,0,3.66,0,1.22,0,0.61,0.61,1.83,0,1.83,0,0,1.22,0.61,0,0.61,0,0.61,0,1.83,0,4.26,0.61,0,0,0.61,0,0,0,0.61,0,0,0,0.61,0.61,0,0,1.22,0,3.05,0,0,0,0,0,0.61,0,0,1.22,1.22,1.83,0,0
110,6,2017,2,1,01/02/2017,16703,1,2,14,1,19,2,0,2,2,1,1,0,0,0,3,0,8,2,1,0,5,0,5,0,0,0,4,0,5,0,0,3,9,2,5,5,1,1,10,0,10,0,0,0,2,0,0,0,0,0,1,0,0,0,0,0,5,0,7,0,1,1,2,0,3,0,1,1,3,2,1,0,0,1,10,0,4,0,0,1,3,0,0,0,0,0,1,0,1,0,0,0,5,0,3,0,0,0,1,0,0,0,0,0,1,2,0,0,0.6,1.2,8.38,0.6,11.38,1.2,0,1.2,1.2,0.6,0.6,0,0,0,1.8,0,4.79,1.2,0.6,0,2.99,0,2.99,0,0,0,2.39,0,2.99,0,0,1.8,5.39,1.2,2.99,2.99,0.6,0.6,5.99,0,5.99,0,0,0,1.2,0,0,0,0,0,0.6,0,0,0,0,0,2.99,0,4.19,0,0.6,0.6,1.2,0,1.8,0,0.6,0.6,1.8,1.2,0.6,0,0,0.6,5.99,0,2.39,0,0,0.6,1.8,0,0,0,0,0,0.6,0,0.6,0,0,0,2.99,0,1.8,0,0,0,0.6,0,0,0,0,0,0.6,1.2,0,0
111,6,2017,3,1,01/03/2017,16588,2,2,17,2,18,3,0,0,1,0,0,1,1,0,3,1,9,0,0,0,9,1,5,0,1,2,4,0,4,2,0,4,14,3,7,5,0,2,7,0,6,1,0,0,0,0,0,0,0,0,0,0,1,1,0,1,5,0,3,0,0,1,2,0,2,0,1,0,1,2,0,0,0,0,7,0,4,0,0,0,3,0,0,0,0,0,0,0,2,0,0,0,4,0,1,0,0,0,0,0,1,0,0,0,2,4,0,0,1.21,1.21,10.25,1.21,10.85,1.81,0,0,0.6,0,0,0.6,0.6,0,1.81,0.6,5.43,0,0,0,5.43,0.6,3.01,0,0.6,1.21,2.41,0,2.41,1.21,0,2.41,8.44,1.81,4.22,3.01,0,1.21,4.22,0,3.62,0.6,0,0,0,0,0,0,0,0,0,0,0.6,0.6,0,0.6,3.01,0,1.81,0,0,0.6,1.21,0,1.21,0,0.6,0,0.6,1.21,0,0,0,0,4.22,0,2.41,0,0,0,1.81,0,0,0,0,0,0,0,1.21,0,0,0,2.41,0,0.6,0,0,0,0,0,0.6,0,0,0,1.21,2.41,0,0
112,6,2017,4,1,01/04/2017,15191,0,1,12,1,16,3,0,1,0,1,1,0,0,0,3,0,5,1,0,0,4,0,6,0,0,0,5,0,4,2,1,5,11,4,3,4,0,0,9,1,6,0,0,0,0,1,0,0,0,0,0,0,0,0,0,0,6,0,2,0,0,0,3,0,4,0,0,2,1,2,0,0,0,0,6,0,9,0,0,0,0,0,1,0,0,0,1,0,1,0,0,0,4,0,5,0,0,0,1,0,2,0,0,0,2,0,0,0,0,0.66,7.9,0.66,10.53,1.97,0,0.66,0,0.66,0.66,0,0,0,1.97,0,3.29,0.66,0,0,2.63,0,3.95,0,0,0,3.29,0,2.63,1.32,0.66,3.29,7.24,2.63,1.97,2.63,0,0,5.92,0.66,3.95,0,0,0,0,0.66,0,0,0,0,0,0,0,0,0,0,3.95,0,1.32,0,0,0,1.97,0,2.63,0,0,1.32,0.66,1.32,0,0,0,0,3.95,0,5.92,0,0,0,0,0,0.66,0,0,0,0.66,0,0.66,0,0,0,2.63,0,3.29,0,0,0,0.66,0,1.32,0,0,0,1.32,0,0,0
113,6,2017,5,1,01/05/2017,17421,0,3,13,2,13,3,0,0,0,1,1,0,0,3,2,0,4,3,0,0,9,0,5,0,0,0,2,1,3,0,0,2,11,7,1,4,0,3,5,0,4,0,0,0,2,0,1,0,0,2,0,0,1,0,0,0,3,0,1,0,0,1,0,0,1,0,0,0,3,2,0,1,0,1,11,0,9,1,0,0,1,0,1,0,0,1,0,0,2,0,0,0,9,0,3,1,0,0,1,0,3,0,0,0,2,0,0,1,0,1.72,7.46,1.15,7.46,1.72,0,0,0,0.57,0.57,0,0,1.72,1.15,0,2.3,1.72,0,0,5.17,0,2.87,0,0,0,1.15,0.57,1.72,0,0,1.15,6.31,4.02,0.57,2.3,0,1.72,2.87,0,2.3,0,0,0,1.15,0,0.57,0,0,1.15,0,0,0.57,0,0,0,1.72,0,0.57,0,0,0.57,0,0,0.57,0,0,0,1.72,1.15,0,0.57,0,0.57,6.31,0,5.17,0.57,0,0,0.57,0,0.57,0,0,0.57,0,0,1.15,0,0,0,5.17,0,1.72,0.57,0,0,0.57,0,1.72,0,0,0,1.15,0,0,0.57
114,6,2017,6,1,01/06/2017,16398,2,2,16,2,16,1,0,1,3,2,1,0,0,0,2,0,8,0,0,1,9,0,4,0,2,0,2,0,3,1,0,0,9,6,2,2,1,0,14,0,4,0,0,0,0,0,1,0,1,0,1,0,0,0,0,0,9,0,1,0,0,0,4,0,2,0,0,1,1,1,1,0,0,1,7,1,11,0,0,0,0,0,1,0,0,0,1,0,4,0,0,1,5,1,4,0,0,0,1,0,2,0,0,4,2,4,0,0,1.22,1.22,9.76,1.22,9.76,0.61,0,0.61,1.83,1.22,0.61,0,0,0,1.22,0,4.88,0,0,0.61,5.49,0,2.44,0,1.22,0,1.22,0,1.83,0.61,0,0,5.49,3.66,1.22,1.22,0.61,0,8.54,0,2.44,0,0,0,0,0,0.61,0,0.61,0,0.61,0,0,0,0,0,5.49,0,0.61,0,0,0,2.44,0,1.22,0,0,0.61,0.61,0.61,0.61,0,0,0.61,4.27,0.61,6.71,0,0,0,0,0,0.61,0,0,0,0.61,0,2.44,0,0,0.61,3.05,0.61,2.44,0,0,0,0.61,0,1.22,0,0,2.44,1.22,2.44,0,0
115,6,2017,7,1,01/07/2017,15132,3,0,25,1,25,4,0,0,5,1,3,0,1,0,5,0,12,2,0,0,6,0,4,1,2,0,9,0,6,1,0,4,13,4,1,3,1,1,12,1,9,1,0,0,2,0,0,0,1,0,0,0,2,1,0,0,7,0,3,0,0,1,3,1,4,0,0,0,1,0,0,0,0,0,5,0,7,0,0,0,1,0,1,0,0,0,0,0,1,0,0,0,3,0,3,0,0,0,1,0,2,0,0,0,2,0,0,1,1.98,0,16.52,0.66,16.52,2.64,0,0,3.3,0.66,1.98,0,0.66,0,3.3,0,7.93,1.32,0,0,3.97,0,2.64,0.66,1.32,0,5.95,0,3.97,0.66,0,2.64,8.59,2.64,0.66,1.98,0.66,0.66,7.93,0.66,5.95,0.66,0,0,1.32,0,0,0,0.66,0,0,0,1.32,0.66,0,0,4.63,0,1.98,0,0,0.66,1.98,0.66,2.64,0,0,0,0.66,0,0,0,0,0,3.3,0,4.63,0,0,0,0.66,0,0.66,0,0,0,0,0,0.66,0,0,0,1.98,0,1.98,0,0,0,0.66,0,1.32,0,0,0,1.32,0,0,0.66
116,6,2017,8,1,01/08/2017,14036,2,1,14,2,22,1,0,1,1,1,3,0,1,0,2,0,5,1,0,0,6,1,7,0,1,0,5,0,7,0,0,1,7,2,0,5,1,0,17,1,14,1,0,0,0,0,0,0,0,0,4,0,3,0,0,0,10,0,4,1,1,0,3,1,7,0,0,0,4,2,0,1,1,0,13,1,7,1,0,0,0,1,0,0,0,0,0,0,1,1,0,0,11,0,4,0,1,0,2,0,2,0,0,1,0,2,0,1,1.42,0.71,9.97,1.42,15.67,0.71,0,0.71,0.71,0.71,2.14,0,0.71,0,1.42,0,3.56,0.71,0,0,4.27,0.71,4.99,0,0.71,0,3.56,0,4.99,0,0,0.71,4.99,1.42,0,3.56,0.71,0,12.11,0.71,9.97,0.71,0,0,0,0,0,0,0,0,2.85,0,2.14,0,0,0,7.12,0,2.85,0.71,0.71,0,2.14,0.71,4.99,0,0,0,2.85,1.42,0,0.71,0.71,0,9.26,0.71,4.99,0.71,0,0,0,0.71,0,0,0,0,0,0,0.71,0.71,0,0,7.84,0,2.85,0,0.71,0,1.42,0,1.42,0,0,0.71,0,1.42,0,0.71
117,6,2017,9,1,01/09/2017,14486,0,1,29,1,26,4,0,0,4,0,1,2,0,1,6,0,7,1,0,0,8,0,12,0,0,0,11,1,6,1,0,5,4,5,1,4,0,0,17,0,5,3,0,0,2,0,0,1,0,0,1,0,2,0,0,0,10,0,0,1,0,0,4,0,3,1,0,0,1,2,1,1,0,0,15,0,7,3,0,0,1,0,0,1,0,0,2,0,0,1,0,0,10,0,6,1,0,0,2,0,1,0,0,0,3,2,0,0,0,0.69,20.02,0.69,17.95,2.76,0,0,2.76,0,0.69,1.38,0,0.69,4.14,0,4.83,0.69,0,0,5.52,0,8.28,0,0,0,7.59,0.69,4.14,0.69,0,3.45,2.76,3.45,0.69,2.76,0,0,11.74,0,3.45,2.07,0,0,1.38,0,0,0.69,0,0,0.69,0,1.38,0,0,0,6.9,0,0,0.69,0,0,2.76,0,2.07,0.69,0,0,0.69,1.38,0.69,0.69,0,0,10.35,0,4.83,2.07,0,0,0.69,0,0,0.69,0,0,1.38,0,0,0.69,0,0,6.9,0,4.14,0.69,0,0,1.38,0,0.69,0,0,0,2.07,1.38,0,0
118,6,2017,10,1,01/10/2017,17973,0,0,20,1,20,3,0,0,3,0,1,1,0,0,4,0,4,1,0,0,7,1,8,0,0,0,6,0,7,1,0,3,2,2,0,5,2,2,12,1,13,0,0,0,1,0,1,0,0,1,4,0,2,0,1,1,6,0,5,0,1,0,1,1,5,0,0,1,1,2,0,0,1,0,17,2,9,0,0,0,1,1,0,0,0,0,2,0,3,0,0,0,10,0,4,0,1,0,4,1,2,0,0,1,2,3,0,1,0,0,11.13,0.56,11.13,1.67,0,0,1.67,0,0.56,0.56,0,0,2.23,0,2.23,0.56,0,0,3.89,0.56,4.45,0,0,0,3.34,0,3.89,0.56,0,1.67,1.11,1.11,0,2.78,1.11,1.11,6.68,0.56,7.23,0,0,0,0.56,0,0.56,0,0,0.56,2.23,0,1.11,0,0.56,0.56,3.34,0,2.78,0,0.56,0,0.56,0.56,2.78,0,0,0.56,0.56,1.11,0,0,0.56,0,9.46,1.11,5.01,0,0,0,0.56,0.56,0,0,0,0,1.11,0,1.67,0,0,0,5.56,0,2.23,0,0.56,0,2.23,0.56,1.11,0,0,0.56,1.11,1.67,0,0.56
119,6,2017,11,1,01/11/2017,15071,0,2,22,1,16,3,0,0,4,1,3,0,0,2,8,0,2,1,0,0,5,0,7,0,0,0,5,0,4,2,0,1,6,2,1,3,1,1,15,0,9,1,0,0,3,0,1,0,1,1,2,0,1,0,0,0,6,0,3,0,0,0,4,0,4,1,0,0,0,1,0,0,0,0,11,0,7,0,0,0,0,0,0,0,0,0,2,0,2,0,0,0,7,0,2,0,0,0,2,0,3,0,0,1,0,1,0,0,0,1.33,14.6,0.66,10.62,1.99,0,0,2.65,0.66,1.99,0,0,1.33,5.31,0,1.33,0.66,0,0,3.32,0,4.64,0,0,0,3.32,0,2.65,1.33,0,0.66,3.98,1.33,0.66,1.99,0.66,0.66,9.95,0,5.97,0.66,0,0,1.99,0,0.66,0,0.66,0.66,1.33,0,0.66,0,0,0,3.98,0,1.99,0,0,0,2.65,0,2.65,0.66,0,0,0,0.66,0,0,0,0,7.3,0,4.64,0,0,0,0,0,0,0,0,0,1.33,0,1.33,0,0,0,4.64,0,1.33,0,0,0,1.33,0,1.99,0,0,0.66,0,0.66,0,0
120,6,2017,12,1,01/12/2017,16405,1,1,11,2,12,1,1,0,1,1,1,0,0,1,2,0,3,0,0,0,6,0,5,1,0,0,2,1,3,0,1,2,3,4,0,4,1,0,16,0,11,0,0,0,2,0,0,0,1,0,4,0,5,0,0,0,6,0,3,0,0,0,4,0,3,0,0,0,0,0,0,0,0,0,12,2,9,0,0,0,0,1,0,0,0,0,1,1,2,0,0,0,6,0,4,0,0,0,5,0,3,0,0,0,3,1,0,2,0.61,0.61,6.71,1.22,7.31,0.61,0.61,0,0.61,0.61,0.61,0,0,0.61,1.22,0,1.83,0,0,0,3.66,0,3.05,0.61,0,0,1.22,0.61,1.83,0,0.61,1.22,1.83,2.44,0,2.44,0.61,0,9.75,0,6.71,0,0,0,1.22,0,0,0,0.61,0,2.44,0,3.05,0,0,0,3.66,0,1.83,0,0,0,2.44,0,1.83,0,0,0,0,0,0,0,0,0,7.31,1.22,5.49,0,0,0,0,0.61,0,0,0,0,0.61,0.61,1.22,0,0,0,3.66,0,2.44,0,0,0,3.05,0,1.83,0,0,0,1.83,0.61,0,1.22
121,6,2018,1,1,01/01/2018,16484,0,0,22,1,25,1,0,0,2,0,1,0,0,0,4,0,9,0,0,0,12,1,9,1,0,0,4,0,6,0,0,4,12,2,0,4,0,0,8,0,6,0,0,0,0,0,0,0,0,0,3,0,2,0,0,0,4,0,2,0,0,0,1,0,2,0,0,0,1,1,0,0,1,1,8,0,6,0,1,0,0,0,2,0,0,0,1,0,0,0,0,0,6,0,3,0,0,1,1,0,1,0,0,0,1,0,0,2,0,0,13.35,0.61,15.17,0.61,0,0,1.21,0,0.61,0,0,0,2.43,0,5.46,0,0,0,7.28,0.61,5.46,0.61,0,0,2.43,0,3.64,0,0,2.43,7.28,1.21,0,2.43,0,0,4.85,0,3.64,0,0,0,0,0,0,0,0,0,1.82,0,1.21,0,0,0,2.43,0,1.21,0,0,0,0.61,0,1.21,0,0,0,0.61,0.61,0,0,0.61,0.61,4.85,0,3.64,0,0.61,0,0,0,1.21,0,0,0,0.61,0,0,0,0,0,3.64,0,1.82,0,0,0.61,0.61,0,0.61,0,0,0,0.61,0,0,1.21
122,6,2018,2,1,01/02/2018,16081,0,2,16,0,13,3,0,1,2,0,0,1,0,0,3,0,3,0,0,0,6,0,6,1,0,1,5,0,4,1,0,5,7,4,2,8,0,2,11,0,6,0,0,1,2,0,2,0,0,0,3,0,0,0,0,0,5,0,0,0,0,1,1,0,4,0,0,0,2,1,0,0,0,0,20,0,8,0,0,0,4,0,0,0,0,0,3,0,1,0,0,0,11,0,6,0,0,0,2,0,1,0,0,0,1,1,0,1,0,1.24,9.95,0,8.08,1.87,0,0.62,1.24,0,0,0.62,0,0,1.87,0,1.87,0,0,0,3.73,0,3.73,0.62,0,0.62,3.11,0,2.49,0.62,0,3.11,4.35,2.49,1.24,4.97,0,1.24,6.84,0,3.73,0,0,0.62,1.24,0,1.24,0,0,0,1.87,0,0,0,0,0,3.11,0,0,0,0,0.62,0.62,0,2.49,0,0,0,1.24,0.62,0,0,0,0,12.44,0,4.97,0,0,0,2.49,0,0,0,0,0,1.87,0,0.62,0,0,0,6.84,0,3.73,0,0,0,1.24,0,0.62,0,0,0,0.62,0.62,0,0.62
123,6,2018,3,1,01/03/2018,17604,1,6,10,3,17,3,0,2,2,2,0,0,0,2,2,0,2,1,0,1,4,1,8,1,1,1,2,0,7,1,0,1,3,1,3,4,0,0,11,0,15,2,0,0,0,0,0,0,0,0,0,0,2,1,0,0,8,0,5,1,0,0,3,0,8,0,1,0,1,2,1,0,0,0,7,0,7,0,0,0,0,0,0,0,0,0,0,0,1,0,0,0,2,0,3,0,0,0,5,0,3,0,0,2,2,0,0,1,0.57,3.41,5.68,1.7,9.66,1.7,0,1.14,1.14,1.14,0,0,0,1.14,1.14,0,1.14,0.57,0,0.57,2.27,0.57,4.54,0.57,0.57,0.57,1.14,0,3.98,0.57,0,0.57,1.7,0.57,1.7,2.27,0,0,6.25,0,8.52,1.14,0,0,0,0,0,0,0,0,0,0,1.14,0.57,0,0,4.54,0,2.84,0.57,0,0,1.7,0,4.54,0,0.57,0,0.57,1.14,0.57,0,0,0,3.98,0,3.98,0,0,0,0,0,0,0,0,0,0,0,0.57,0,0,0,1.14,0,1.7,0,0,0,2.84,0,1.7,0,0,1.14,1.14,0,0,0.57
124,6,2018,4,1,01/04/2018,15319,1,0,18,0,21,4,0,0,2,0,2,0,0,0,0,0,2,2,0,0,5,0,6,1,1,0,11,0,11,1,0,1,7,5,3,7,0,0,9,0,13,0,0,0,1,0,1,0,0,0,1,0,2,0,0,0,5,0,2,0,0,0,2,0,8,0,0,0,3,0,0,1,0,0,6,1,7,0,0,0,0,0,1,0,0,0,0,0,1,0,0,0,4,1,4,0,0,0,2,0,1,0,0,1,1,0,0,3,0.65,0,11.75,0,13.71,2.61,0,0,1.31,0,1.31,0,0,0,0,0,1.31,1.31,0,0,3.26,0,3.92,0.65,0.65,0,7.18,0,7.18,0.65,0,0.65,4.57,3.26,1.96,4.57,0,0,5.88,0,8.49,0,0,0,0.65,0,0.65,0,0,0,0.65,0,1.31,0,0,0,3.26,0,1.31,0,0,0,1.31,0,5.22,0,0,0,1.96,0,0,0.65,0,0,3.92,0.65,4.57,0,0,0,0,0,0.65,0,0,0,0,0,0.65,0,0,0,2.61,0.65,2.61,0,0,0,1.31,0,0.65,0,0,0.65,0.65,0,0,1.96
125,6,2018,5,1,01/05/2018,17035,1,0,11,0,18,0,0,0,0,0,1,0,1,0,0,0,6,0,0,0,3,0,7,0,0,0,8,0,4,0,0,1,12,6,1,3,1,1,12,0,10,1,0,0,1,0,1,0,0,1,1,0,5,1,0,0,6,0,2,0,1,0,4,0,2,0,0,0,1,0,1,0,0,0,11,2,7,0,0,0,3,0,0,0,0,0,2,0,0,0,0,0,5,2,4,0,0,0,1,0,3,0,0,0,0,0,0,0,0.59,0,6.46,0,10.57,0,0,0,0,0,0.59,0,0.59,0,0,0,3.52,0,0,0,1.76,0,4.11,0,0,0,4.7,0,2.35,0,0,0.59,7.04,3.52,0.59,1.76,0.59,0.59,7.04,0,5.87,0.59,0,0,0.59,0,0.59,0,0,0.59,0.59,0,2.94,0.59,0,0,3.52,0,1.17,0,0.59,0,2.35,0,1.17,0,0,0,0.59,0,0.59,0,0,0,6.46,1.17,4.11,0,0,0,1.76,0,0,0,0,0,1.17,0,0,0,0,0,2.94,1.17,2.35,0,0,0,0.59,0,1.76,0,0,0,0,0,0,0
126,6,2018,6,1,01/06/2018,16802,0,1,15,1,21,1,0,0,1,0,3,0,0,0,3,0,4,0,0,1,4,1,4,1,0,0,7,0,10,0,0,0,11,9,4,3,0,0,8,0,7,1,0,0,1,0,0,0,0,0,1,0,0,0,0,0,5,0,3,1,0,0,1,0,4,0,0,1,1,0,1,0,0,0,5,0,6,1,0,0,1,0,1,0,0,0,1,0,0,0,0,0,2,0,4,0,0,0,1,0,1,1,0,0,2,1,0,2,0,0.6,8.93,0.6,12.5,0.6,0,0,0.6,0,1.79,0,0,0,1.79,0,2.38,0,0,0.6,2.38,0.6,2.38,0.6,0,0,4.17,0,5.95,0,0,0,6.55,5.36,2.38,1.79,0,0,4.76,0,4.17,0.6,0,0,0.6,0,0,0,0,0,0.6,0,0,0,0,0,2.98,0,1.79,0.6,0,0,0.6,0,2.38,0,0,0.6,0.6,0,0.6,0,0,0,2.98,0,3.57,0.6,0,0,0.6,0,0.6,0,0,0,0.6,0,0,0,0,0,1.19,0,2.38,0,0,0,0.6,0,0.6,0.6,0,0,1.19,0.6,0,1.19
127,6,2018,7,1,01/07/2018,15910,1,3,19,1,14,3,1,1,2,0,1,0,0,1,3,0,4,0,0,0,8,1,3,2,0,1,6,0,6,1,0,1,12,4,3,5,0,0,13,1,7,0,0,0,4,0,0,0,0,0,3,0,1,0,0,0,3,1,2,0,0,0,3,0,4,0,0,1,2,1,0,0,0,0,6,0,9,0,0,0,2,0,1,0,0,0,1,0,0,0,0,0,1,0,5,0,0,0,2,0,3,0,0,2,0,2,1,0,0.63,1.89,11.94,0.63,8.8,1.89,0.63,0.63,1.26,0,0.63,0,0,0.63,1.89,0,2.51,0,0,0,5.03,0.63,1.89,1.26,0,0.63,3.77,0,3.77,0.63,0,0.63,7.54,2.51,1.89,3.14,0,0,8.17,0.63,4.4,0,0,0,2.51,0,0,0,0,0,1.89,0,0.63,0,0,0,1.89,0.63,1.26,0,0,0,1.89,0,2.51,0,0,0.63,1.26,0.63,0,0,0,0,3.77,0,5.66,0,0,0,1.26,0,0.63,0,0,0,0.63,0,0,0,0,0,0.63,0,3.14,0,0,0,1.26,0,1.89,0,0,1.26,0,1.26,0.63,0
128,6,2018,8,1,01/08/2018,13355,0,7,19,0,26,3,0,1,2,0,1,0,0,1,3,0,1,0,0,0,5,0,8,0,0,5,9,0,16,3,0,1,27,3,7,9,0,0,7,1,9,0,0,0,1,0,0,0,0,0,1,0,1,0,0,0,4,1,5,0,0,0,1,0,3,0,0,0,1,0,1,0,0,0,8,0,6,2,0,0,0,0,0,0,0,0,0,0,1,1,0,0,5,0,4,1,0,0,3,0,1,0,0,0,7,2,1,1,0,5.24,14.23,0,19.47,2.25,0,0.75,1.5,0,0.75,0,0,0.75,2.25,0,0.75,0,0,0,3.74,0,5.99,0,0,3.74,6.74,0,11.98,2.25,0,0.75,20.22,2.25,5.24,6.74,0,0,5.24,0.75,6.74,0,0,0,0.75,0,0,0,0,0,0.75,0,0.75,0,0,0,3,0.75,3.74,0,0,0,0.75,0,2.25,0,0,0,0.75,0,0.75,0,0,0,5.99,0,4.49,1.5,0,0,0,0,0,0,0,0,0,0,0.75,0.75,0,0,3.74,0,3,0.75,0,0,2.25,0,0.75,0,0,0,5.24,1.5,0.75,0.75
129,6,2018,9,1,01/09/2018,15280,1,0,18,1,22,1,0,0,3,1,1,1,1,0,2,0,7,0,0,0,11,0,8,0,0,0,2,0,6,0,0,0,7,2,2,2,1,0,11,0,11,2,0,0,1,0,0,1,1,0,0,0,1,0,0,0,7,0,3,1,0,0,3,0,7,0,0,0,3,0,0,0,1,0,8,0,7,2,0,0,1,0,0,0,0,0,1,0,4,1,0,0,4,0,1,0,1,0,2,0,2,1,0,0,2,1,0,0,0.65,0,11.78,0.65,14.4,0.65,0,0,1.96,0.65,0.65,0.65,0.65,0,1.31,0,4.58,0,0,0,7.2,0,5.24,0,0,0,1.31,0,3.93,0,0,0,4.58,1.31,1.31,1.31,0.65,0,7.2,0,7.2,1.31,0,0,0.65,0,0,0.65,0.65,0,0,0,0.65,0,0,0,4.58,0,1.96,0.65,0,0,1.96,0,4.58,0,0,0,1.96,0,0,0,0.65,0,5.24,0,4.58,1.31,0,0,0.65,0,0,0,0,0,0.65,0,2.62,0.65,0,0,2.62,0,0.65,0,0.65,0,1.31,0,1.31,0.65,0,0,1.31,0.65,0,0
130,6,2018,10,1,01/10/2018,17232,2,4,26,0,22,5,0,0,1,0,1,0,1,0,6,0,7,1,1,0,9,0,9,1,0,4,10,0,5,3,0,0,17,3,7,9,0,0,13,0,14,1,0,0,2,0,0,0,0,0,0,0,6,0,0,0,7,0,4,0,0,0,4,0,4,1,0,1,1,2,1,0,0,0,22,0,4,0,0,0,5,0,0,0,0,0,1,0,0,0,0,0,10,0,1,0,0,0,6,0,3,0,0,0,4,1,1,0,1.16,2.32,15.09,0,12.77,2.9,0,0,0.58,0,0.58,0,0.58,0,3.48,0,4.06,0.58,0.58,0,5.22,0,5.22,0.58,0,2.32,5.8,0,2.9,1.74,0,0,9.87,1.74,4.06,5.22,0,0,7.54,0,8.12,0.58,0,0,1.16,0,0,0,0,0,0,0,3.48,0,0,0,4.06,0,2.32,0,0,0,2.32,0,2.32,0.58,0,0.58,0.58,1.16,0.58,0,0,0,12.77,0,2.32,0,0,0,2.9,0,0,0,0,0,0.58,0,0,0,0,0,5.8,0,0.58,0,0,0,3.48,0,1.74,0,0,0,2.32,0.58,0.58,0
131,6,2018,11,1,01/11/2018,15804,0,1,25,1,19,2,0,0,6,0,1,0,0,0,1,0,6,1,0,0,10,1,8,1,0,1,8,0,4,0,0,0,9,6,2,6,0,1,6,0,8,1,0,0,1,0,0,0,0,0,0,0,3,0,0,0,3,0,4,1,0,1,2,0,1,0,0,1,1,0,1,1,0,1,9,0,7,2,0,0,2,0,0,0,0,0,0,0,1,1,0,1,7,0,4,0,0,0,0,0,2,1,0,0,2,2,0,0,0,0.63,15.82,0.63,12.02,1.27,0,0,3.8,0,0.63,0,0,0,0.63,0,3.8,0.63,0,0,6.33,0.63,5.06,0.63,0,0.63,5.06,0,2.53,0,0,0,5.69,3.8,1.27,3.8,0,0.63,3.8,0,5.06,0.63,0,0,0.63,0,0,0,0,0,0,0,1.9,0,0,0,1.9,0,2.53,0.63,0,0.63,1.27,0,0.63,0,0,0.63,0.63,0,0.63,0.63,0,0.63,5.69,0,4.43,1.27,0,0,1.27,0,0,0,0,0,0,0,0.63,0.63,0,0.63,4.43,0,2.53,0,0,0,0,0,1.27,0.63,0,0,1.27,1.27,0,0
132,6,2018,12,1,01/12/2018,16243,1,3,19,0,16,2,1,0,4,0,0,0,0,0,1,0,1,1,0,1,9,0,9,0,0,2,5,0,6,1,0,1,9,4,6,7,0,0,11,0,10,1,0,0,3,0,0,0,0,0,0,0,2,0,0,0,5,0,6,0,0,0,3,0,2,1,0,1,2,2,0,1,0,0,5,1,3,1,0,0,0,0,0,0,0,0,1,0,2,0,0,0,4,1,0,0,0,0,0,0,1,1,0,0,1,0,1,0,0.62,1.85,11.7,0,9.85,1.23,0.62,0,2.46,0,0,0,0,0,0.62,0,0.62,0.62,0,0.62,5.54,0,5.54,0,0,1.23,3.08,0,3.69,0.62,0,0.62,5.54,2.46,3.69,4.31,0,0,6.77,0,6.16,0.62,0,0,1.85,0,0,0,0,0,0,0,1.23,0,0,0,3.08,0,3.69,0,0,0,1.85,0,1.23,0.62,0,0.62,1.23,1.23,0,0.62,0,0,3.08,0.62,1.85,0.62,0,0,0,0,0,0,0,0,0.62,0,1.23,0,0,0,2.46,0.62,0,0,0,0,0,0,0.62,0.62,0,0,0.62,0,0.62,0
