study_m,Month,obd,phase,int_carb_asp,int_targ_screen,int_screen_all,int_hand,int_asp,bedocc,hh_adherence,hh_trained,abhr,rectalswab,carbapenem,fq,3gc,pseudo_3gcq,all_monitored,gmneg_all_bsi,ecoliccs_all_bsi,ecoli3gcr_all_bsi,cre_all_bsi,mssa_all_bsi,mrsa_all_bsi,csab_all_any,crab_all_any,cskp_all_any,crkp_all_any,cspa_all_any,crpa_all_any,csab_all_clinical,crab_all_clinical,cskp_all_clinical,crkp_all_clinical,cspa_all_clinical,crpa_all_clinical,csab_all_bsi,crab_all_bsi,cskp_all_bsi,crkp_all_bsi,cspa_all_bsi,crpa_all_bsi,csab_all_resp,crab_all_resp,cskp_all_resp,crkp_all_resp,cspa_all_resp,crpa_all_resp,csab_all_uti,crab_all_uti,cskp_all_uti,crkp_all_uti,cspa_all_uti,crpa_all_uti,csab_all_other,crab_all_other,cskp_all_other,crkp_all_other,cspa_all_other,crpa_all_other,csab_all_swab,crab_all_swab,cskp_all_swab,crkp_all_swab,cspa_all_swab,crpa_all_swab,csab_all_admswab,crab_all_admswab,cskp_all_admswab,crkp_all_admswab,cspa_all_admswab,crpa_all_admswab,csab_ho_any,crab_ho_any,cskp_ho_any,crkp_ho_any,cspa_ho_any,crpa_ho_any,csab_ho_clinical,crab_ho_clinical,cskp_ho_clinical,crkp_ho_clinical,cspa_ho_clinical,crpa_ho_clinical,csab_ho_bsi,crab_ho_bsi,cskp_ho_bsi,crkp_ho_bsi,cspa_ho_bsi,crpa_ho_bsi,csab_ho_resp,crab_ho_resp,cskp_ho_resp,crkp_ho_resp,cspa_ho_resp,crpa_ho_resp,csab_ho_uti,crab_ho_uti,cskp_ho_uti,crkp_ho_uti,cspa_ho_uti,crpa_ho_uti,csab_ho_other,crab_ho_other,cskp_ho_other,crkp_ho_other,cspa_ho_other,crpa_ho_other,csab_ho_swab,crab_ho_swab,cskp_ho_swab,crkp_ho_swab,cspa_ho_swab,crpa_ho_swab,csab_conothca_any,crab_conothca_any,cskp_conothca_any,crkp_conothca_any,cspa_conothca_any,crpa_conothca_any,csab_conothca_clinical,crab_conothca_clinical,cskp_conothca_clinical,crkp_conothca_clinical,cspa_conothca_clinical,crpa_conothca_clinical,csab_conothca_bsi,crab_conothca_bsi,cskp_conothca_bsi,crkp_conothca_bsi,cspa_conothca_bsi,crpa_conothca_bsi,csab_conothca_resp,crab_conothca_resp,cskp_conothca_resp,crkp_conothca_resp,cspa_conothca_resp,crpa_conothca_resp,csab_conothca_uti,crab_conothca_uti,cskp_conothca_uti,crkp_conothca_uti,cspa_conothca_uti,crpa_conothca_uti,csab_conothca_other,crab_conothca_other,cskp_conothca_other,crkp_conothca_other,cspa_conothca_other,crpa_conothca_other,csab_conothca_swab,crab_conothca_swab,cskp_conothca_swab,crkp_conothca_swab,cspa_conothca_swab,crpa_conothca_swab,csab_hca_all,crab_hca_all,cskp_hca_all,crkp_hca_all,cspa_hca_all,crpa_hca_all,csab_hca_clinical,crab_hca_clinical,cskp_hca_clinical,crkp_hca_clinical,cspa_hca_clinical,crpa_hca_clinical,csab_hca_bsi,crab_hca_bsi,cskp_hca_bsi,crkp_hca_bsi,cspa_hca_bsi,crpa_hca_bsi,csab_hca_resp,crab_hca_resp,cskp_hca_resp,crkp_hca_resp,cspa_hca_resp,crpa_hca_resp,csab_hca_uti,crab_hca_uti,cskp_hca_uti,crkp_hca_uti,cspa_hca_uti,crpa_hca_uti,csab_hca_other,crab_hca_other,cskp_hca_other,crkp_hca_other,cspa_hca_other,crpa_hca_other,csab_hca_swab,crab_hca_swab,cskp_hca_swab,crkp_hca_swab,cspa_hca_swab,crpa_hca_swab,csab_cohca_any,crab_cohca_any,cskp_cohca_any,crkp_cohca_any,cspa_cohca_any,crpa_cohca_any,csab_cohca_clinical,crab_cohca_clinical,cskp_cohca_clinical,crkp_cohca_clinical,cspa_cohca_clinical,crpa_cohca_clinical,csab_cohca_bsi,crab_cohca_bsi,cskp_cohca_bsi,crkp_cohca_bsi,cspa_cohca_bsi,crpa_cohca_bsi,csab_cohca_resp,crab_cohca_resp,cskp_cohca_resp,crkp_cohca_resp,cspa_cohca_resp,crpa_cohca_resp,csab_cohca_uti,crab_cohca_uti,cskp_cohca_uti,crkp_cohca_uti,cspa_cohca_uti,crpa_cohca_uti,csab_cohca_other,crab_cohca_other,cskp_cohca_other,crkp_cohca_other,cspa_cohca_other,crpa_cohca_other,csab_cohca_swab,crab_cohca_swab,cskp_cohca_swab,crkp_cohca_swab,cspa_cohca_swab,crpa_cohca_swab
1,01/01/2008,18408,1,F,F,F,F,F,92.6,NA,NA,0,0,39.17,130.27,58.89,19.77,711.00,22,4,1,0,3,0,1,0,18,0,41,3,1,0,15,0,36,3,0,0,1,0,2,1,1,0,3,0,13,1,0,0,6,0,10,1,0,0,5,0,11,0,0,0,3,0,5,0,0,0,1,0,2,0,0,0,13,0,28,3,0,0,11,0,25,3,0,0,0,0,1,1,0,0,3,0,10,1,0,0,4,0,6,1,0,0,4,0,8,0,0,0,2,0,3,0,0,0,2,0,8,0,0,0,1,0,7,0,0,0,0,0,0,0,0,0,0,0,1,0,0,0,1,0,4,0,0,0,0,0,2,0,0,0,1,0,1,0,1,0,16,0,33,3,1,0,14,0,29,3,0,0,1,0,2,1,1,0,3,0,12,1,0,0,5,0,6,1,0,0,5,0,9,0,0,0,2,0,4,0,1,0,3,0,5,0,1,0,3,0,4,0,0,0,1,0,1,0,1,0,0,0,2,0,0,0,1,0,0,0,0,0,1,0,1,0,0,0,0,0,1,0
2,01/02/2008,18408,1,F,F,F,F,F,92.3,NA,NA,0,0,38.90,107.78,57.75,15.59,722.00,11,9,1,0,4,2,1,0,16,0,38,4,1,0,14,0,35,3,0,0,3,0,1,0,1,0,3,0,11,2,0,0,6,0,11,1,0,0,2,0,12,0,0,0,2,0,3,1,0,0,0,0,0,0,1,0,10,0,28,4,1,0,8,0,25,3,0,0,2,0,1,0,1,0,1,0,6,2,0,0,5,0,8,1,0,0,0,0,10,0,0,0,2,0,3,1,0,0,2,0,2,0,0,0,2,0,2,0,0,0,0,0,0,0,0,0,1,0,0,0,0,0,0,0,1,0,0,0,1,0,1,0,0,0,0,0,0,0,1,0,14,0,36,4,1,0,12,0,33,3,0,0,3,0,1,0,1,0,2,0,11,2,0,0,6,0,10,1,0,0,1,0,11,0,0,0,2,0,3,1,0,0,4,0,8,0,0,0,4,0,8,0,0,0,1,0,0,0,0,0,1,0,5,0,0,0,1,0,2,0,0,0,1,0,1,0,0,0,0,0,0,0
3,01/03/2008,18408,1,F,F,F,F,F,92,NA,NA,0,0,37.76,98.87,60.90,16.68,700.00,13,2,4,0,3,2,2,0,19,0,24,2,2,0,18,0,23,1,0,0,4,0,2,0,1,0,3,0,4,1,0,0,10,0,8,0,1,0,1,0,9,0,0,0,1,0,1,1,0,0,0,0,1,0,2,0,10,0,16,2,2,0,9,0,16,1,0,0,2,0,2,0,1,0,2,0,2,1,0,0,5,0,5,0,1,0,0,0,7,0,0,0,1,0,0,1,0,0,5,0,5,0,0,0,5,0,4,0,0,0,1,0,0,0,0,0,1,0,2,0,0,0,3,0,1,0,0,0,0,0,1,0,0,0,0,0,1,0,2,0,14,0,19,2,2,0,13,0,19,1,0,0,3,0,2,0,1,0,2,0,2,1,0,0,7,0,7,0,1,0,1,0,8,0,0,0,1,0,0,1,0,0,4,0,3,0,0,0,4,0,3,0,0,0,1,0,0,0,0,0,0,0,0,0,0,0,2,0,2,0,0,0,1,0,1,0,0,0,0,0,0,0
4,01/04/2008,18408,1,F,F,F,F,F,87.9,NA,NA,0,0,39.87,119.78,50.85,15.59,726.10,25.00000001,6,0,0,1,1,1,0,25,0,33,3,1,0,23,0,28,2,0,0,3,0,1,0,0,0,6,0,11,2,0,0,10,0,11,0,1,0,4,0,5,0,0,0,2,0,5,1,0,0,2,0,2,0,1,0,16,0,25,3,1,0,16,0,22,2,0,0,2,0,1,0,0,0,5,0,9,2,0,0,6,0,9,0,1,0,3,0,3,0,0,0,0,0,3,1,0,0,5,0,3,0,0,0,4,0,2,0,0,0,0,0,0,0,0,0,1,0,1,0,0,0,3,0,0,0,0,0,0,0,1,0,0,0,1,0,1,0,1,0,20,0,30,3,1,0,19,0,26,2,0,0,3,0,1,0,0,0,5,0,10,2,0,0,7,0,11,0,1,0,4,0,4,0,0,0,1,0,4,1,0,0,4,0,5,0,0,0,3,0,4,0,0,0,1,0,0,0,0,0,0,0,1,0,0,0,1,0,2,0,0,0,1,0,1,0,0,0,1,0,1,0
5,01/05/2008,18408,1,F,F,F,F,F,84.6,NA,NA,0,0,38.90,99.79,59.16,16.68,714.53,15,8,2,0,6,2,1,0,24,1,34,6,1,0,22,1,31,6,0,0,1,0,3,0,1,0,4,0,10,4,0,0,12,0,6,1,0,0,5,1,12,1,0,0,2,0,3,0,0,0,0,0,0,0,1,0,17,1,24,4,1,0,15,1,21,4,0,0,0,0,3,0,1,0,3,0,8,4,0,0,8,0,3,0,0,0,4,1,7,0,0,0,2,0,3,0,0,0,3,0,2,1,0,0,3,0,2,1,0,0,0,0,0,0,0,0,0,0,0,0,0,0,3,0,0,0,0,0,0,0,2,1,0,0,0,0,0,0,1,0,21,1,32,5,1,0,19,1,29,5,0,0,1,0,3,0,1,0,4,0,10,4,0,0,9,0,6,1,0,0,5,1,10,0,0,0,2,0,3,0,0,0,4,0,8,1,0,0,4,0,8,1,0,0,1,0,0,0,0,0,1,0,2,0,0,0,1,0,3,1,0,0,1,0,3,0,0,0,0,0,0,0
6,01/06/2008,18408,1,F,F,F,F,F,84.8,NA,NA,0,0,35.69,98.87,60.79,15.75,711.10,18,10,1,0,3,2,0,0,12,0,32,8,0,0,11,0,31,6,0,0,0,0,1,0,0,0,5,0,10,3,0,0,5,0,11,1,0,0,1,0,9,2,0,0,1,0,1,2,0,0,0,0,1,0,0,0,9,0,18,8,0,0,8,0,18,6,0,0,0,0,1,0,0,0,5,0,6,3,0,0,3,0,7,1,0,0,0,0,4,2,0,0,1,0,0,2,0,0,1,0,8,0,0,0,1,0,7,0,0,0,0,0,0,0,0,0,0,0,2,0,0,0,0,0,2,0,0,0,1,0,3,0,0,0,0,0,1,0,0,0,11,0,24,8,0,0,10,0,24,6,0,0,0,0,1,0,0,0,5,0,8,3,0,0,5,0,9,1,0,0,0,0,6,2,0,0,1,0,0,2,0,0,2,0,6,0,0,0,2,0,6,0,0,0,0,0,0,0,0,0,0,0,2,0,0,0,2,0,2,0,0,0,0,0,2,0,0,0,0,0,0,0
7,01/07/2008,18408,1,F,F,F,F,F,85,NA,NA,0,0,38.90,98.87,57.58,15.48,710.83,21,6,3,0,6,0,2,0,24,0,37,9,2,0,23,0,34,9,0,0,2,0,2,0,2,0,7,0,11,3,0,0,13,0,11,4,0,0,1,0,10,2,0,0,1,0,3,0,0,0,0,0,1,0,1,0,18,0,26,7,1,0,17,0,24,7,0,0,1,0,2,0,1,0,6,0,8,2,0,0,9,0,7,3,0,0,1,0,7,2,0,0,1,0,2,0,0,0,3,0,5,1,0,0,3,0,4,1,0,0,1,0,0,0,0,0,1,0,2,1,0,0,1,0,1,0,0,0,0,0,1,0,0,0,0,0,1,0,2,0,21,0,32,8,2,0,20,0,30,8,0,0,1,0,2,0,2,0,6,0,9,2,0,0,12,0,10,4,0,0,1,0,9,2,0,0,1,0,2,0,1,0,3,0,6,1,1,0,3,0,6,1,0,0,0,0,0,0,1,0,0,0,1,0,0,0,3,0,3,1,0,0,0,0,2,0,0,0,0,0,0,0
8,01/08/2008,14345,1,F,F,F,F,F,86.9,NA,NA,3,0,38.97,113.07,57.23,17.78,727.05,20.99999999,6,2,0,2,0,2,1,29,1,40,2,1,1,26,1,39,2,0,0,3,0,5,0,0,0,7,0,12,1,0,1,13,0,14,0,1,0,3,1,8,1,1,0,3,0,1,0,1,0,1,0,0,0,1,1,19,1,30,2,1,1,17,1,29,2,0,0,1,0,4,0,0,0,7,0,10,1,0,1,7,0,7,0,1,0,2,1,8,1,0,0,2,0,1,0,1,0,4,0,5,0,0,0,4,0,5,0,0,0,0,0,0,0,0,0,0,0,0,0,0,0,4,0,5,0,0,0,0,0,0,0,1,0,0,0,0,0,1,1,25,1,35,2,1,1,22,1,34,2,0,0,3,0,5,0,0,0,7,0,12,1,0,1,9,0,9,0,1,0,3,1,8,1,0,0,3,0,1,0,0,0,6,0,5,0,0,0,5,0,5,0,0,0,2,0,1,0,0,0,0,0,2,0,0,0,2,0,2,0,0,0,1,0,0,0,0,0,1,0,0,0
9,01/09/2008,17613,1,F,F,F,F,F,82.2,NA,NA,26,0,36.96,89.37,59.39,17.66,703.37,24.00000001,10,5,0,0,2,6,5,27,5,36,6,4,4,24,5,31,6,0,0,1,3,0,1,2,1,3,0,10,2,2,1,13,2,11,1,0,2,7,0,10,2,2,1,3,0,5,0,0,1,2,0,2,0,5,4,11,5,25,4,3,4,10,5,22,4,0,0,0,3,0,1,2,1,0,0,6,1,1,1,8,2,8,1,0,2,2,0,8,1,2,0,1,0,3,0,0,0,9,0,7,1,0,0,8,0,5,1,0,0,0,0,0,0,0,0,1,0,2,0,0,0,3,0,1,0,0,0,4,0,2,1,0,0,1,0,2,0,6,5,18,5,29,5,4,4,16,5,26,5,0,0,1,3,0,1,2,1,2,0,8,2,2,1,10,2,10,1,0,2,3,0,8,1,2,1,2,0,3,0,1,1,7,0,4,1,1,0,6,0,4,1,0,0,1,0,0,0,0,0,2,0,2,1,1,0,2,0,2,0,0,0,1,0,0,0,0,1,1,0,0,0
10,01/10/2008,20465,1,F,F,F,F,F,86.1,NA,NA,31,0,35.77,92.50,66.55,14.95,709.77,22,9,3,0,3,0,1,1,26,0,33,4,1,1,23,0,31,3,0,1,4,0,6,1,1,0,6,0,8,2,0,0,12,0,6,0,0,0,1,0,11,0,0,0,3,0,2,1,0,0,0,0,0,0,1,1,19,0,26,3,1,1,16,0,24,2,0,1,3,0,3,1,1,0,6,0,5,1,0,0,6,0,6,0,0,0,1,0,10,0,0,0,3,0,2,1,0,0,3,0,3,0,0,0,3,0,3,0,0,0,0,0,2,0,0,0,0,0,1,0,0,0,3,0,0,0,0,0,0,0,0,0,0,0,0,0,0,0,1,1,23,0,30,4,1,1,20,0,28,3,0,1,4,0,4,1,1,0,6,0,7,2,0,0,9,0,6,0,0,0,1,0,11,0,0,0,3,0,2,1,0,0,4,0,4,1,0,0,4,0,4,1,0,0,1,0,1,0,0,0,0,0,2,1,0,0,3,0,0,0,0,0,0,0,1,0,0,0,0,0,0,0
11,01/11/2008,18528,1,F,F,F,F,F,88.9,NA,NA,75,0,41.67,99.47,67.95,14.57,723.66,27,8,3,1,5,3,5,2,19,2,32,5,3,2,18,2,30,5,1,0,0,0,3,0,1,0,0,0,11,0,1,2,13,1,8,3,0,0,5,1,8,2,2,0,1,0,2,0,0,0,1,0,0,0,3,1,8,2,21,2,1,1,8,2,19,2,1,0,0,0,1,0,0,0,0,0,8,0,0,1,5,1,7,0,0,0,3,1,3,2,2,0,0,0,2,0,2,0,8,0,6,3,2,0,7,0,6,3,0,0,0,0,1,0,1,0,0,0,2,0,1,0,6,0,0,3,0,0,1,0,3,0,0,0,1,0,0,0,3,2,11,2,26,2,1,2,11,2,24,2,1,0,0,0,2,0,0,0,0,0,9,0,0,2,7,1,8,0,0,0,4,1,5,2,2,0,0,0,2,0,0,1,3,0,5,0,0,1,3,0,5,0,0,0,0,0,1,0,0,0,0,0,1,0,0,1,2,0,1,0,0,0,1,0,2,0,0,0,0,0,0,0
12,01/12/2008,14786,1,F,F,F,F,F,85.4,NA,NA,69,0,37.26,87.79,72.43,19.07,716.56,31,4,2,0,2,2,2,2,15,0,28,8,1,2,15,0,28,8,0,0,1,0,1,1,0,1,4,0,6,2,0,1,8,0,11,2,1,0,2,0,10,3,1,0,0,0,0,0,0,0,0,0,0,0,2,2,10,0,22,8,1,2,10,0,22,8,0,0,1,0,1,1,0,1,2,0,4,2,0,1,5,0,7,2,1,0,2,0,10,3,1,0,0,0,0,0,0,0,4,0,5,0,0,0,4,0,5,0,0,0,0,0,0,0,0,0,2,0,2,0,0,0,2,0,3,0,0,0,0,0,0,0,0,0,0,0,0,0,2,2,11,0,23,8,1,2,11,0,23,8,0,0,1,0,1,1,0,1,2,0,4,2,0,1,6,0,8,2,1,0,2,0,10,3,1,0,0,0,0,0,0,0,1,0,1,0,0,0,1,0,1,0,0,0,0,0,0,0,0,0,0,0,0,0,0,0,1,0,1,0,0,0,0,0,0,0,0,0,0,0,0,0
13,01/01/2009,16932,1,F,F,F,F,F,90,NA,NA,60,0,46.89,103.47,69.28,18.37,738.01,24.00000001,6,5,0,4,0,1,1,17,1,25,4,1,1,12,1,21,3,0,0,4,0,1,0,1,1,2,1,7,1,0,0,3,0,8,1,0,0,3,0,5,1,0,0,5,0,4,1,0,0,1,0,1,0,1,1,11,0,17,4,1,1,7,0,14,3,0,0,2,0,0,0,1,1,1,0,5,1,0,0,1,0,5,1,0,0,3,0,4,1,0,0,4,0,3,1,0,0,3,0,7,0,0,0,2,0,7,0,0,0,1,0,1,0,0,0,0,0,2,0,0,0,1,0,3,0,0,0,0,0,1,0,0,0,1,0,0,0,1,1,14,1,18,4,1,1,10,1,14,3,0,0,3,0,0,0,1,1,2,1,5,1,0,0,2,0,5,1,0,0,3,0,4,1,0,0,4,0,4,1,0,0,3,1,1,0,0,0,3,1,0,0,0,0,1,0,0,0,0,0,1,1,0,0,0,0,1,0,0,0,0,0,0,0,0,0,0,0,0,0,1,0
14,01/02/2009,16932,1,F,F,F,F,F,89.5,NA,NA,81,0,56.70,98.69,67.74,19.79,742.91,12,5,1,0,2,1,2,4,20,0,26,7,2,4,17,0,21,7,0,0,0,0,0,0,0,1,2,0,9,6,0,1,12,0,8,0,2,2,3,0,4,1,0,0,3,0,5,0,0,0,0,0,1,0,1,3,14,0,19,6,1,3,11,0,15,6,0,0,0,0,0,0,0,1,2,0,6,5,0,1,6,0,7,0,1,1,3,0,2,1,0,0,3,0,4,0,0,0,4,0,4,0,0,0,4,0,4,0,0,0,0,0,0,0,0,0,0,0,2,0,0,0,4,0,0,0,0,0,0,0,2,0,0,0,0,0,0,0,2,4,16,0,22,7,2,4,13,0,17,7,0,0,0,0,0,0,0,1,2,0,7,6,0,1,8,0,8,0,2,2,3,0,2,1,0,0,3,0,5,0,1,1,2,0,3,1,1,1,2,0,2,1,0,0,0,0,0,0,0,0,0,0,1,1,0,0,2,0,1,0,1,1,0,0,0,0,0,0,0,0,1,0
15,01/03/2009,18518,1,F,F,F,F,F,89.4,NA,NA,65,0,56.59,98.77,70.85,22.95,749.16,20,4,0,0,3,3,0,9,20,0,32,5,0,9,19,0,30,4,0,3,3,0,3,0,0,4,4,0,12,1,0,2,7,0,9,1,0,0,5,0,6,2,0,0,1,0,2,1,0,0,0,0,0,0,0,6,9,0,18,4,0,6,8,0,16,3,0,2,1,0,1,0,0,4,3,0,7,1,0,0,1,0,6,0,0,0,3,0,2,2,0,0,1,0,2,1,0,2,7,0,9,0,0,2,7,0,9,0,0,0,1,0,1,0,0,0,1,0,2,0,0,2,4,0,2,0,0,0,1,0,4,0,0,0,0,0,0,0,0,7,13,0,23,5,0,7,12,0,21,4,0,3,2,0,2,0,0,4,3,0,10,1,0,0,3,0,7,1,0,0,4,0,2,2,0,0,1,0,2,1,0,1,4,0,5,1,0,1,4,0,5,1,0,1,1,0,1,0,0,0,0,0,3,0,0,0,2,0,1,1,0,0,1,0,0,0,0,0,0,0,0,0
16,01/04/2009,17599,1,F,F,F,F,F,88.2,NA,NA,107,0,40.97,93.47,85.46,19.49,739.39,12,7,3,0,4,1,0,6,25,0,29,4,0,6,24,0,27,4,0,1,6,0,3,0,0,2,1,0,8,2,0,2,13,0,8,1,0,1,4,0,8,1,0,0,1,0,2,0,0,0,0,0,1,0,0,6,13,0,20,3,0,6,12,0,19,3,0,1,2,0,1,0,0,2,0,0,7,2,0,2,8,0,4,0,0,1,2,0,7,1,0,0,1,0,1,0,0,0,4,0,4,1,0,0,4,0,4,1,0,0,1,0,1,0,0,0,1,0,0,0,0,0,1,0,3,1,0,0,1,0,0,0,0,0,0,0,0,0,0,6,21,0,25,3,0,6,20,0,23,3,0,1,5,0,2,0,0,2,0,0,8,2,0,2,12,0,5,0,0,1,3,0,8,1,0,0,1,0,2,0,0,0,8,0,5,0,0,0,8,0,4,0,0,0,3,0,1,0,0,0,0,0,1,0,0,0,4,0,1,0,0,0,1,0,1,0,0,0,0,0,1,0
17,01/05/2009,17032,1,F,F,F,F,F,87.2,NA,NA,92,0,39.04,96.35,70.75,18.08,724.22,19,8,3,0,5,0,0,6,25,0,31,5,0,6,23,0,30,4,0,0,1,0,3,1,0,2,5,0,5,1,0,3,12,0,11,0,0,1,5,0,11,2,0,0,2,0,1,1,0,0,1,0,0,0,0,4,16,0,14,4,0,4,15,0,13,3,0,0,0,0,2,1,0,1,2,0,1,0,0,2,9,0,4,0,0,1,4,0,6,2,0,0,1,0,1,1,0,1,7,0,7,0,0,1,7,0,7,0,0,0,1,0,1,0,0,0,3,0,2,0,0,1,3,0,2,0,0,0,0,0,2,0,0,0,0,0,0,0,0,5,18,0,24,5,0,5,16,0,23,4,0,0,0,0,2,1,0,2,2,0,3,1,0,2,9,0,9,0,0,1,5,0,9,2,0,0,2,0,1,1,0,1,2,0,10,1,0,1,1,0,10,1,0,0,0,0,0,0,0,1,0,0,2,1,0,0,0,0,5,0,0,0,1,0,3,0,0,0,1,0,0,0
18,01/06/2009,18054,1,F,F,F,F,F,88.8,NA,NA,92,0,57.05,134.98,73.11,22.38,787.53,25,11,4,0,4,0,0,12,24,0,23,5,0,11,24,0,21,4,0,1,1,0,4,2,0,6,2,0,6,2,0,1,18,0,5,0,0,3,3,0,6,0,0,1,0,0,2,1,0,1,0,0,1,0,0,9,12,0,14,4,0,9,12,0,13,3,0,1,0,0,2,1,0,4,1,0,3,2,0,1,8,0,2,0,0,3,3,0,6,0,0,0,0,0,1,1,0,0,7,0,7,0,0,0,7,0,6,0,0,0,0,0,1,0,0,0,0,0,2,0,0,0,7,0,3,0,0,0,0,0,0,0,0,0,0,0,1,0,0,12,17,0,16,5,0,11,17,0,15,4,0,1,1,0,3,2,0,6,2,0,4,2,0,1,11,0,2,0,0,3,3,0,6,0,0,1,0,0,1,1,0,3,5,0,2,1,0,2,5,0,2,1,0,0,1,0,1,1,0,2,1,0,1,0,0,0,3,0,0,0,0,0,0,0,0,0,0,1,0,0,0,0
19,01/07/2009,17576,1,F,F,F,F,F,87.2,NA,NA,160,0,53.14,115.67,70.27,23.10,724.54,24,6,4,0,3,1,2,14,27,1,29,4,2,11,25,1,29,4,0,1,4,0,2,0,1,2,2,0,4,1,1,3,13,1,13,0,0,5,6,0,10,3,0,3,2,0,0,0,0,0,0,0,0,0,2,12,19,1,18,3,2,9,17,1,18,3,0,1,2,0,2,0,1,1,2,0,2,1,1,3,8,1,8,0,0,4,5,0,6,2,0,3,2,0,0,0,0,0,5,0,7,0,0,0,5,0,7,0,0,0,1,0,0,0,0,0,0,0,2,0,0,0,4,0,2,0,0,0,0,0,3,0,0,0,0,0,0,0,2,14,22,1,22,4,2,11,20,1,22,4,0,1,3,0,2,0,1,2,2,0,2,1,1,3,9,1,11,0,0,5,6,0,7,3,0,3,2,0,0,0,0,2,3,0,4,1,0,2,3,0,4,1,0,0,1,0,0,0,0,1,0,0,0,0,0,0,1,0,3,0,0,1,1,0,1,1,0,0,0,0,0,0
20,01/08/2009,13136,1,F,F,F,F,F,84.3,NA,NA,130,0,56.03,97.75,70.49,23.07,724.55,29,2,0,0,2,0,0,23,28,1,27,6,0,22,28,0,27,6,0,5,2,0,2,1,0,8,2,0,8,3,0,4,21,0,11,2,0,5,3,0,6,0,0,1,0,1,0,0,0,0,0,0,0,0,0,19,14,1,21,6,0,18,14,0,21,6,0,5,1,0,2,1,0,6,1,0,6,3,0,3,10,0,8,2,0,4,2,0,5,0,0,1,0,1,0,0,0,0,10,0,4,0,0,0,10,0,4,0,0,0,1,0,0,0,0,0,1,0,1,0,0,0,7,0,2,0,0,0,1,0,1,0,0,0,0,0,0,0,0,23,18,1,23,6,0,22,18,0,23,6,0,5,1,0,2,1,0,8,1,0,7,3,0,4,14,0,9,2,0,5,2,0,5,0,0,1,0,1,0,0,0,4,4,0,2,0,0,4,4,0,2,0,0,0,0,0,0,0,0,2,0,0,1,0,0,1,4,0,1,0,0,1,0,0,0,0,0,0,0,0,0,0
21,01/09/2009,16801,1,F,F,F,F,F,83.1,NA,NA,175,0,53.09,113.45,70.95,16.07,634.48,28,11,2,0,0,3,2,23,30,1,30,4,1,22,29,1,29,4,0,0,1,0,1,0,1,12,9,0,5,2,0,5,13,0,10,1,0,5,6,1,13,1,1,1,1,0,1,0,0,1,0,0,0,0,2,20,15,1,21,2,1,20,14,1,20,2,0,0,0,0,1,0,1,11,6,0,5,1,0,4,3,0,6,0,0,5,5,1,8,1,1,0,1,0,1,0,0,0,11,0,7,0,0,0,11,0,7,0,0,0,1,0,0,0,0,0,2,0,0,0,0,0,8,0,3,0,0,0,0,0,4,0,0,0,0,0,0,0,2,23,19,1,23,4,1,22,18,1,22,4,0,0,0,0,1,0,1,12,7,0,5,2,0,5,5,0,7,1,0,5,6,1,9,1,1,1,1,0,1,0,0,3,4,0,2,2,0,2,4,0,2,2,0,0,0,0,0,0,0,1,1,0,0,1,0,1,2,0,1,1,0,0,1,0,1,0,0,1,0,0,0,0
22,01/10/2009,19259,1,F,F,F,F,F,88,NA,NA,196,0,59.76,109.77,78.87,18.85,708.01,24.00000001,7,8,0,4,3,4,24,34,0,37,5,4,24,32,0,35,5,0,2,2,0,3,0,1,7,6,0,15,4,2,7,14,0,6,0,1,8,10,0,11,1,0,0,2,0,2,0,0,0,0,0,0,0,2,19,18,0,22,4,2,19,16,0,20,4,0,2,1,0,3,0,1,6,3,0,8,3,1,3,5,0,1,0,0,8,7,0,8,1,0,0,2,0,2,0,2,0,8,0,11,0,2,0,8,0,11,0,0,0,0,0,0,0,0,0,2,0,4,0,1,0,5,0,4,0,1,0,1,0,3,0,0,0,0,0,0,0,2,24,26,0,26,5,2,24,24,0,24,5,0,2,2,0,3,0,1,7,4,0,11,4,1,7,9,0,2,0,0,8,9,0,8,1,0,0,2,0,2,0,0,5,8,0,4,1,0,5,8,0,4,1,0,0,1,0,0,0,0,1,1,0,3,1,0,4,4,0,1,0,0,0,2,0,0,0,0,0,0,0,0,0
23,01/11/2009,18177,1,F,F,F,F,F,87.9,NA,NA,225,0,58.87,110.80,78.95,18.76,758.93,26.99999999,11,6,0,5,2,1,14,22,0,24,2,1,11,21,0,22,2,0,0,2,0,2,0,0,3,4,0,7,0,1,6,10,0,5,2,0,2,5,0,8,0,0,3,1,0,2,0,0,0,1,0,0,0,1,13,8,0,18,1,1,10,8,0,16,1,0,0,0,0,2,0,0,2,2,0,5,0,1,6,3,0,5,1,0,2,3,0,4,0,0,3,0,0,2,0,0,0,7,0,4,0,0,0,6,0,4,0,0,0,1,0,0,0,0,0,2,0,1,0,0,0,3,0,0,0,0,0,0,0,3,0,0,0,1,0,0,0,1,14,15,0,20,2,1,11,15,0,18,2,0,0,1,0,2,0,0,3,2,0,6,0,1,6,7,0,5,2,0,2,5,0,5,0,0,3,0,0,2,0,0,1,7,0,2,1,0,1,7,0,2,1,0,0,1,0,0,0,0,1,0,0,1,0,0,0,4,0,0,1,0,0,2,0,1,0,0,0,0,0,0,0
24,01/12/2009,18681,1,F,F,F,F,F,87.3,NA,NA,259,0,49.57,128.37,87.79,17.99,772.53,39,4,0,0,4,1,2,9,33,0,25,3,2,9,32,0,25,3,0,2,4,0,2,0,0,4,4,0,9,2,1,2,18,0,11,0,1,1,6,0,3,1,0,0,1,0,0,0,0,0,0,0,0,0,1,9,18,0,18,3,1,9,17,0,18,3,0,2,0,0,1,0,0,4,2,0,8,2,0,2,11,0,7,0,1,1,4,0,2,1,0,0,1,0,0,0,1,0,8,0,5,0,1,0,8,0,5,0,0,0,3,0,1,0,0,0,0,0,0,0,1,0,3,0,3,0,0,0,2,0,1,0,0,0,0,0,0,0,1,9,25,0,20,3,1,9,24,0,20,3,0,2,1,0,1,0,0,4,4,0,9,2,0,2,15,0,8,0,1,1,4,0,2,1,0,0,1,0,0,0,0,0,7,0,2,0,0,0,7,0,2,0,0,0,1,0,0,0,0,0,2,0,1,0,0,0,4,0,1,0,0,0,0,0,0,0,0,0,0,0,0,0
25,01/01/2010,16904,1,F,F,F,F,F,88.3,NA,NA,205,0,53.36,135.59,86.49,18.87,766.69,27.00000001,9,1,0,0,2,0,20,38,0,30,7,0,20,36,0,29,7,0,0,4,0,2,1,0,10,3,0,7,2,0,6,19,0,11,2,0,4,10,0,9,2,0,0,2,0,1,0,0,0,0,0,0,0,0,18,29,0,18,6,0,18,27,0,17,6,0,0,3,0,1,1,0,9,3,0,3,2,0,6,12,0,6,1,0,3,9,0,7,2,0,0,2,0,1,0,0,0,6,0,7,0,0,0,6,0,7,0,0,0,1,0,1,0,0,0,0,0,1,0,0,0,4,0,5,0,0,0,1,0,0,0,0,0,0,0,0,0,0,20,32,0,23,7,0,20,30,0,22,7,0,0,3,0,1,1,0,10,3,0,6,2,0,6,15,0,6,2,0,4,9,0,9,2,0,0,2,0,1,0,0,2,3,0,5,1,0,2,3,0,5,1,0,0,0,0,0,0,0,1,0,0,3,0,0,0,3,0,0,1,0,1,0,0,2,0,0,0,0,0,0,0
26,01/02/2010,16904,1,F,F,F,F,F,89.3,NA,NA,153,0,53.24,134.35,87.55,17.75,768.92,24,3,7,0,2,0,1,4,27,1,29,9,1,4,25,1,26,8,1,0,2,0,1,2,0,2,3,0,5,2,0,1,16,1,13,1,0,1,4,0,7,3,0,0,2,0,3,1,0,0,0,0,1,1,1,4,14,1,19,7,1,4,12,1,17,7,1,0,2,0,1,2,0,2,1,0,4,1,0,1,5,1,8,1,0,1,4,0,4,3,0,0,2,0,2,0,0,0,8,0,7,1,0,0,8,0,7,0,0,0,0,0,0,0,0,0,1,0,1,0,0,0,7,0,3,0,0,0,0,0,3,0,0,0,0,0,0,1,1,4,19,1,22,8,1,4,17,1,19,8,1,0,2,0,1,2,0,2,2,0,4,2,0,1,9,1,10,1,0,1,4,0,4,3,0,0,2,0,3,0,0,0,5,0,3,1,0,0,5,0,2,1,0,0,0,0,0,0,0,0,1,0,0,1,0,0,4,0,2,0,0,0,0,0,0,0,0,0,0,0,1,0
27,01/03/2010,20343,1,F,F,F,F,F,84.5,NA,NA,159,0,49.80,139.75,79.78,16.66,778.94,24,7,1,0,7,4,0,10,30,3,32,5,0,9,28,3,30,5,0,0,2,1,2,1,0,3,9,0,10,2,0,1,12,2,9,2,0,5,5,0,9,0,0,1,2,0,2,0,0,1,1,0,0,0,0,9,22,3,23,5,0,9,21,3,21,5,0,0,2,1,2,1,0,3,5,0,7,2,0,1,9,2,8,2,0,5,5,0,4,0,0,0,1,0,2,0,0,1,4,0,2,0,0,0,4,0,2,0,0,0,0,0,0,0,0,0,3,0,0,0,0,0,1,0,1,0,0,0,0,0,1,0,0,1,0,0,0,0,0,9,26,3,30,5,0,9,24,3,28,5,0,0,2,1,2,1,0,3,6,0,10,2,0,1,11,2,8,2,0,5,5,0,8,0,0,0,2,0,2,0,0,0,4,0,7,0,0,0,3,0,7,0,0,0,0,0,0,0,0,0,1,0,3,0,0,0,2,0,0,0,0,0,0,0,4,0,0,0,1,0,0,0
28,01/04/2010,17751,1,F,F,F,F,F,83,NA,NA,184,0,47.77,145.46,78.76,17.75,789.07,19.99999999,6,6,0,4,0,3,11,28,1,23,10,1,11,25,1,19,8,0,1,1,0,1,2,1,6,6,0,4,2,0,3,9,0,9,4,0,1,9,1,5,0,2,0,3,0,4,2,0,0,1,0,3,1,3,10,18,1,10,6,1,10,16,1,9,5,0,1,0,0,1,2,1,6,5,0,2,2,0,2,4,0,2,1,0,1,7,1,4,0,2,0,2,0,1,1,0,0,4,0,5,2,0,0,4,0,4,2,0,0,0,0,0,0,0,0,0,0,0,0,0,0,3,0,3,2,0,0,1,0,1,0,0,0,0,0,1,0,3,11,24,1,18,8,1,11,21,1,15,6,0,1,1,0,1,2,1,6,6,0,4,2,0,3,6,0,6,2,0,1,8,1,4,0,2,0,3,0,3,2,0,1,6,0,8,2,0,1,5,0,6,1,0,0,1,0,0,0,0,0,1,0,2,0,0,1,2,0,4,1,0,0,1,0,0,0,0,0,1,0,2,1
29,01/05/2010,19197,1,F,F,F,F,F,83,NA,NA,163,0,45.48,147.78,77.67,18.75,756.70,20.00000001,11,2,0,6,1,2,9,29,2,34,8,1,9,26,2,28,8,0,1,1,1,3,1,0,6,1,0,4,4,0,2,13,1,10,3,1,0,11,0,11,0,1,0,3,0,6,0,1,0,1,0,3,0,1,8,20,0,23,7,1,8,18,0,20,7,0,1,0,0,3,1,0,5,1,0,3,4,0,2,9,0,7,2,1,0,8,0,7,0,0,0,2,0,3,0,0,0,5,1,7,1,0,0,4,1,4,1,0,0,0,0,0,0,0,0,0,0,0,0,0,0,3,1,1,1,0,0,1,0,3,0,0,0,1,0,3,0,2,9,24,1,27,7,1,9,22,1,24,7,0,1,1,1,3,1,0,6,1,0,4,4,0,2,10,0,9,2,1,0,10,0,8,0,1,0,2,0,3,0,1,1,4,1,4,0,0,1,4,1,4,0,0,0,1,1,0,0,0,1,0,0,1,0,0,0,1,0,2,0,0,0,2,0,1,0,1,0,0,0,0,0
30,01/06/2010,18737,1,F,F,F,F,F,82.5,NA,NA,188,0,48.89,150.88,76.48,16.49,745.50,27.99999999,14,4,0,2,5,2,11,30,2,25,10,2,11,29,2,24,10,0,1,4,1,1,3,1,3,4,0,5,3,0,5,13,1,11,3,1,2,8,0,7,1,0,0,1,0,1,0,0,0,0,0,0,0,1,11,23,2,17,8,1,11,22,2,16,8,0,1,3,1,1,2,1,3,3,0,3,2,0,5,9,1,6,3,0,2,7,0,6,1,0,0,1,0,1,0,1,0,4,0,2,1,1,0,4,0,2,1,0,0,0,0,0,0,0,0,1,0,0,1,0,0,3,0,2,0,1,0,0,0,0,0,0,0,0,0,0,0,1,11,26,2,23,9,1,11,25,2,22,9,0,1,4,1,1,3,1,3,3,0,5,2,0,5,10,1,9,3,0,2,8,0,7,1,0,0,1,0,1,0,0,0,3,0,6,1,0,0,3,0,6,1,0,0,1,0,0,1,0,0,0,0,2,0,0,0,1,0,3,0,0,0,1,0,1,0,0,0,0,0,0,0
31,01/07/2010,16848,1,F,F,F,F,F,83.7,NA,NA,210,0,53.24,152.24,77.75,16.68,736.88,31.00000001,7,5,0,4,4,2,17,26,4,41,6,1,15,23,4,30,6,0,1,2,1,1,2,1,5,5,0,6,3,0,6,14,3,7,0,0,3,2,0,16,1,1,2,3,0,11,0,0,0,2,0,6,0,2,11,14,2,25,4,1,9,13,2,20,4,0,1,1,1,0,1,1,3,4,0,3,3,0,3,7,1,6,0,0,2,1,0,11,0,1,2,1,0,5,0,0,2,10,0,11,1,0,2,8,0,6,1,0,0,0,0,0,0,0,0,1,0,3,0,0,1,6,0,0,0,0,1,1,0,3,1,0,0,2,0,5,0,2,15,16,4,30,5,1,13,15,4,24,5,0,1,2,1,1,2,1,5,4,0,3,3,0,5,8,3,7,0,0,2,1,0,13,0,1,2,1,0,6,0,0,4,2,2,5,1,0,4,2,2,4,1,0,0,1,0,1,1,0,2,0,0,0,0,0,2,1,2,1,0,0,0,0,0,2,0,0,0,0,0,1,0
32,01/08/2010,14334,1,F,F,F,F,F,80,NA,NA,152,0,56.65,152.30,77.79,15.56,734.48,39.00000001,7,3,0,4,2,0,13,38,1,30,5,0,10,33,0,23,5,0,1,1,0,3,1,0,2,3,0,4,3,0,4,16,0,5,0,0,3,13,0,11,1,0,3,5,1,7,0,0,1,3,0,2,0,0,11,20,1,21,4,0,9,18,0,16,4,0,1,0,0,1,1,0,1,2,0,3,3,0,4,7,0,4,0,0,3,9,0,8,0,0,2,2,1,5,0,0,0,8,0,3,0,0,0,5,0,1,0,0,0,0,0,0,0,0,0,0,0,0,0,0,0,3,0,0,0,0,0,2,0,1,0,0,0,3,0,2,0,0,13,30,1,27,5,0,10,28,0,22,5,0,1,1,0,3,1,0,2,3,0,4,3,0,4,13,0,5,0,0,3,11,0,10,1,0,3,2,1,5,0,0,2,10,0,6,1,0,1,10,0,6,1,0,0,1,0,2,0,0,1,1,0,1,0,0,0,6,0,1,0,0,0,2,0,2,1,0,1,0,0,0,0
33,01/09/2010,15131,1,F,F,F,F,F,81.2,NA,NA,217,0,43.29,167.47,79.77,16.65,733.36,32.99999999,10,5,0,3,1,4,5,36,1,37,10,2,5,29,1,31,10,1,1,4,0,3,0,0,1,2,0,8,4,1,1,9,0,10,2,0,2,14,1,10,4,2,0,7,0,6,0,1,0,2,0,3,0,1,4,19,1,21,6,0,4,14,1,18,6,0,1,1,0,1,0,0,1,2,0,4,2,0,0,3,0,8,1,0,2,8,1,5,3,1,0,5,0,3,0,2,0,10,0,8,1,1,0,9,0,6,1,0,0,2,0,0,0,0,0,0,0,3,1,1,0,5,0,0,0,0,0,2,0,3,0,1,0,1,0,2,0,2,5,26,1,29,9,1,5,20,1,25,9,1,1,2,0,3,0,0,1,2,0,5,3,0,1,4,0,10,2,0,2,12,1,7,4,1,0,6,0,4,0,1,1,7,0,8,3,1,1,6,0,7,3,1,0,1,0,2,0,0,0,0,0,1,1,0,1,1,0,2,1,0,0,4,0,2,1,0,0,1,0,1,0
34,01/10/2010,18416,1,F,F,F,F,F,85.3,NA,NA,233,0,49.79,178.87,80.96,13.36,768.93,25.99999999,7,4,0,2,4,0,18,34,0,31,7,0,16,33,0,30,6,0,1,4,0,0,2,0,5,4,0,10,2,0,5,13,0,7,2,0,5,12,0,13,0,0,2,1,0,1,1,0,0,0,0,0,0,0,15,18,0,19,6,0,13,17,0,18,5,0,1,2,0,0,2,0,3,4,0,5,2,0,5,5,0,5,1,0,4,6,0,8,0,0,2,1,0,1,1,0,0,11,0,6,0,0,0,11,0,6,0,0,0,1,0,0,0,0,0,0,0,2,0,0,0,5,0,1,0,0,0,5,0,3,0,0,0,0,0,0,0,0,18,23,0,25,7,0,16,22,0,24,6,0,1,3,0,0,2,0,5,4,0,8,2,0,5,8,0,6,2,0,5,7,0,10,0,0,2,1,0,1,1,0,3,5,0,6,1,0,3,5,0,6,1,0,0,1,0,0,0,0,2,0,0,3,0,0,0,3,0,1,1,0,1,1,0,2,0,0,0,0,0,0,0
35,01/11/2010,19144,1,F,F,F,F,F,88.7,NA,NA,186,0,45.55,188.88,82.17,11.96,798.91,38.99999999,7,8,0,1,2,6,10,33,2,28,10,5,9,30,2,28,9,0,1,6,0,1,0,2,3,5,0,9,1,0,3,13,1,6,4,3,2,6,1,12,4,1,1,3,0,0,1,1,1,2,0,0,1,3,9,22,2,12,6,3,9,21,2,12,6,0,1,5,0,0,0,1,3,3,0,3,0,0,3,7,1,1,3,2,2,6,1,8,3,0,0,1,0,0,0,2,1,9,0,4,1,1,0,7,0,4,1,0,0,1,0,0,0,0,0,1,0,0,0,0,0,5,0,1,1,1,0,0,0,3,0,1,1,2,0,0,0,4,9,24,2,24,9,4,9,23,2,24,8,0,1,5,0,1,0,2,3,4,0,9,1,0,3,8,1,5,3,2,2,6,1,9,4,0,0,1,0,0,1,1,0,2,0,12,3,1,0,2,0,12,2,0,0,0,0,1,0,1,0,1,0,6,1,0,0,1,0,4,0,0,0,0,0,1,1,0,0,0,0,0,1
36,01/12/2010,14995,1,F,F,F,F,F,87.2,NA,NA,202,0,42.68,192.66,84.49,10.94,833.11,27.99999999,11,1,0,4,0,0,11,20,0,22,11,0,10,18,0,21,10,0,0,0,0,2,1,0,6,2,0,4,4,0,1,5,0,8,0,0,3,11,0,7,5,0,1,2,0,1,1,0,0,0,0,0,0,0,10,16,0,18,9,0,9,14,0,17,8,0,0,0,0,1,1,0,6,2,0,4,3,0,1,4,0,7,0,0,2,8,0,5,4,0,1,2,0,1,1,0,1,4,0,2,0,0,1,4,0,2,0,0,0,0,0,1,0,0,0,0,0,0,0,0,0,1,0,0,0,0,1,3,0,1,0,0,0,0,0,0,0,0,10,16,0,20,11,0,9,14,0,19,10,0,0,0,0,1,1,0,6,2,0,4,4,0,1,4,0,8,0,0,2,8,0,6,5,0,1,2,0,1,1,0,0,0,0,2,2,0,0,0,0,2,2,0,0,0,0,0,0,0,0,0,0,0,1,0,0,0,0,1,0,0,0,0,0,1,1,0,0,0,0,0,0
37,01/01/2011,16964,1,F,F,F,F,F,86.3,NA,NA,169,0,40.08,198.66,87.77,13.68,818.95,35,5,3,0,3,2,0,11,19,0,20,12,0,11,17,0,18,12,0,1,1,0,1,1,0,5,1,0,6,1,0,2,11,0,5,9,0,3,4,0,6,1,0,0,2,0,2,0,0,0,1,0,1,0,0,10,13,0,14,10,0,10,12,0,13,10,0,1,1,0,1,1,0,5,1,0,3,1,0,2,7,0,3,7,0,2,3,0,6,1,0,0,1,0,1,0,0,1,3,0,5,1,0,1,2,0,5,1,0,0,0,0,0,0,0,0,0,0,3,0,0,0,1,0,2,1,0,1,1,0,0,0,0,0,1,0,0,0,0,10,16,0,15,11,0,10,15,0,13,11,0,1,1,0,1,1,0,5,1,0,3,1,0,2,10,0,3,8,0,2,3,0,6,1,0,0,1,0,2,0,0,0,3,0,1,1,0,0,3,0,0,1,0,0,0,0,0,0,0,0,0,0,0,0,0,0,3,0,0,1,0,0,0,0,0,0,0,0,0,0,1,0
38,01/02/2011,16963,1,F,F,F,F,F,88.3,NA,NA,215,0,43.39,196.66,84.60,17.74,801.02,23,8,1,0,7,1,0,8,17,0,35,13,0,8,17,0,34,12,0,4,0,0,2,2,0,2,2,0,8,3,0,1,13,0,6,6,0,1,2,0,18,1,0,0,0,0,1,1,0,0,0,0,0,0,0,7,10,0,26,12,0,7,10,0,25,11,0,4,0,0,1,2,0,2,2,0,6,3,0,1,7,0,6,6,0,0,1,0,12,0,0,0,0,0,1,1,0,0,3,0,3,0,0,0,3,0,3,0,0,0,0,0,0,0,0,0,0,0,1,0,0,0,3,0,0,0,0,0,0,0,2,0,0,0,0,0,0,0,0,8,14,0,32,13,0,8,14,0,31,12,0,4,0,0,2,2,0,2,2,0,7,3,0,1,10,0,6,6,0,1,2,0,16,1,0,0,0,0,1,1,0,1,4,0,6,1,0,1,4,0,6,1,0,0,0,0,1,0,0,0,0,0,1,0,0,0,3,0,0,0,0,1,1,0,4,1,0,0,0,0,0,0
39,01/03/2011,19149,1,F,F,F,F,F,85.5,NA,NA,197,0,43.40,186.48,86.69,14.52,789.04,16,11,3,0,3,5,1,10,25,1,34,12,1,10,22,1,31,12,0,0,2,0,2,2,1,7,4,0,8,2,0,1,9,0,12,4,0,2,7,1,9,4,0,0,3,0,3,0,0,0,1,0,2,0,1,9,16,0,20,11,1,9,14,0,19,11,0,0,0,0,1,2,1,6,3,0,5,2,0,1,6,0,7,4,0,2,5,0,6,3,0,0,2,0,1,0,0,1,2,0,8,0,0,1,2,0,6,0,0,0,1,0,0,0,0,1,0,0,1,0,0,0,1,0,4,0,0,0,0,0,1,0,0,0,0,0,2,0,1,9,23,1,26,12,1,9,20,1,25,12,0,0,1,0,2,2,1,6,4,0,7,2,0,1,8,0,8,4,0,2,7,1,8,4,0,0,3,0,1,0,0,0,7,1,6,1,0,0,6,1,6,1,0,0,1,0,1,0,0,0,1,0,2,0,0,0,2,0,1,0,0,0,2,1,2,1,0,0,1,0,0,0
40,01/04/2011,17893,1,F,F,F,F,F,84,NA,NA,163,0,42.25,178.90,83.16,17.77,777.01,23,10,8,0,8,2,0,12,23,1,27,16,0,12,23,1,25,16,0,1,4,0,0,2,0,7,5,0,12,5,0,1,9,1,11,6,0,3,5,0,2,3,0,0,0,0,2,0,0,0,0,0,2,0,0,11,16,1,13,11,0,11,16,1,13,11,0,1,2,0,0,2,0,6,5,0,7,3,0,1,5,1,6,3,0,3,4,0,0,3,0,0,0,0,0,0,0,1,4,0,10,2,0,1,4,0,8,2,0,0,1,0,0,0,0,1,0,0,2,2,0,0,3,0,4,0,0,0,0,0,2,0,0,0,0,0,2,0,0,11,19,1,17,14,0,11,19,1,17,14,0,1,3,0,0,2,0,6,5,0,10,3,0,1,6,1,7,6,0,3,5,0,0,3,0,0,0,0,0,0,0,0,3,0,4,3,0,0,3,0,4,3,0,0,1,0,0,0,0,0,0,0,3,0,0,0,1,0,1,3,0,0,1,0,0,0,0,0,0,0,0,0
41,01/05/2011,18962,1,F,F,F,F,F,83,NA,NA,229,0,41.19,167.76,78.89,10.86,768.95,26.99999999,14,7,0,6,1,0,11,19,4,44,5,0,11,16,4,37,4,0,2,4,0,4,0,0,5,1,1,15,4,0,2,9,3,8,0,0,2,2,0,10,0,0,0,3,0,7,1,0,0,0,0,5,0,0,10,12,1,23,2,0,10,9,1,21,1,0,2,1,0,0,0,0,4,0,1,11,1,0,2,7,0,3,0,0,2,1,0,7,0,0,0,3,0,2,1,0,0,5,3,13,0,0,0,5,3,9,0,0,0,2,0,2,0,0,0,1,0,1,0,0,0,1,3,4,0,0,0,1,0,2,0,0,0,0,0,4,0,0,11,14,1,31,5,0,11,11,1,28,4,0,2,2,0,2,0,0,5,0,1,14,4,0,2,8,0,4,0,0,2,1,0,8,0,0,0,3,0,3,1,0,1,2,0,8,3,0,1,2,0,7,3,0,0,1,0,2,0,0,1,0,0,3,3,0,0,1,0,1,0,0,0,0,0,1,0,0,0,0,0,1,0
42,01/06/2011,18188,1,F,F,F,F,F,83.5,NA,NA,223,0,44.48,163.07,78.90,19.68,768.22,34,13,3,0,3,1,1,6,26,3,25,7,1,5,24,3,25,7,1,1,3,0,1,2,0,2,3,0,6,2,0,0,12,2,10,2,0,2,6,1,8,1,0,1,2,0,0,0,0,0,0,0,0,0,0,6,16,1,14,5,0,5,14,1,14,5,0,1,2,0,0,2,0,2,2,0,4,1,0,0,7,0,7,2,0,2,3,1,3,0,0,1,2,0,0,0,1,0,7,1,6,0,1,0,7,1,6,0,1,0,1,0,0,0,0,0,1,0,2,0,0,0,2,1,1,0,0,0,3,0,3,0,0,0,0,0,0,0,0,6,19,2,19,7,0,5,17,2,19,7,0,1,2,0,1,2,0,2,2,0,4,2,0,0,10,1,9,2,0,2,3,1,5,1,0,1,2,0,0,0,0,0,3,1,5,2,0,0,3,1,5,2,0,0,0,0,1,0,0,0,0,0,0,1,0,0,3,1,2,0,0,0,0,0,2,1,0,0,0,0,0,0
43,01/07/2011,16985,1,F,F,F,F,F,84.7,NA,NA,149,0,43.39,164.26,79.78,18.66,770.13,39,9,2,0,3,1,0,12,27,15,36,14,0,10,26,11,35,13,0,2,2,1,3,2,0,5,5,1,9,2,0,2,15,9,8,6,0,1,4,0,15,3,0,2,1,4,1,1,0,0,0,0,1,1,0,6,15,13,21,10,0,4,14,9,21,10,0,2,1,1,1,2,0,1,4,1,7,2,0,0,7,7,5,5,0,1,2,0,8,1,0,2,1,4,0,0,0,4,5,1,9,1,0,4,5,1,8,1,0,0,0,0,2,0,0,3,1,0,2,0,0,1,3,1,0,0,0,0,1,0,4,1,0,0,0,0,1,0,0,8,22,14,27,13,0,6,21,10,27,12,0,2,2,1,1,2,0,2,4,1,7,2,0,1,12,8,8,6,0,1,3,0,11,2,0,2,1,4,0,1,0,2,7,1,6,3,0,2,7,1,6,2,0,0,1,0,0,0,0,1,0,0,0,0,0,1,5,1,3,1,0,0,1,0,3,1,0,0,0,0,0,1
44,01/08/2011,14220,1,F,F,F,F,F,84,NA,NA,151,0,48.87,170.04,77.78,18.78,768.97,30.99999999,8,5,0,4,1,2,14,27,17,30,15,2,11,23,11,29,11,0,0,2,2,2,2,0,8,4,0,6,2,1,1,12,5,9,6,1,2,5,4,12,1,0,3,4,6,1,4,0,1,2,0,1,0,2,11,18,14,22,10,2,9,16,8,22,6,0,0,2,2,2,0,0,7,4,0,3,2,1,0,7,3,7,3,1,2,3,3,10,1,0,2,2,6,0,4,0,2,1,1,3,2,0,1,1,1,2,2,0,0,0,0,0,0,0,1,0,0,1,0,0,0,1,0,0,2,0,0,0,1,1,0,0,1,0,0,1,0,2,12,26,16,27,13,2,10,22,10,27,9,0,0,2,2,2,2,0,7,4,0,5,2,1,1,11,5,9,4,1,2,5,3,11,1,0,2,4,6,0,4,0,1,8,2,5,3,0,1,6,2,5,3,0,0,0,0,0,2,0,0,0,0,2,0,0,1,4,2,2,1,0,0,2,0,1,0,0,0,2,0,0,0
45,01/09/2011,16120,1,F,F,F,F,F,86.2,NA,NA,216,180,45.60,187.59,73.14,18.86,756.71,28,12,5,0,5,2,1,12,41,18,28,16,0,10,37,11,25,13,0,1,9,1,1,1,0,5,4,1,7,3,0,4,16,8,6,9,0,0,8,1,11,0,1,2,4,7,3,3,0,0,1,0,0,1,1,11,23,16,17,11,0,9,20,9,14,9,0,1,3,1,0,1,0,5,2,1,5,2,0,3,12,6,4,6,0,0,3,1,5,0,1,2,3,7,3,2,0,0,13,1,7,0,0,0,13,1,7,0,0,0,4,0,0,0,0,0,1,0,2,0,0,0,3,1,1,0,0,0,5,0,4,0,0,0,0,0,0,0,1,12,28,17,21,16,0,10,24,10,18,13,0,1,5,1,1,1,0,5,3,1,5,3,0,4,13,7,5,9,0,0,3,1,7,0,1,2,4,7,3,3,0,1,5,1,4,5,0,1,4,1,4,4,0,0,2,0,1,0,0,0,1,0,0,1,0,1,1,1,1,3,0,0,0,0,2,0,0,0,1,0,0,1
46,01/10/2011,18317,1,F,F,F,F,F,88.3,NA,NA,206,200,49.79,178.85,70.37,19.76,788.93,30.99999999,10,3,0,4,2,8,10,26,12,35,10,6,9,25,7,34,9,1,2,3,2,0,0,0,2,6,1,9,3,1,4,9,3,8,3,4,1,7,1,17,3,2,1,1,5,1,1,0,0,1,0,0,1,7,8,14,11,19,4,5,7,14,6,18,4,1,2,2,1,0,0,0,2,3,1,5,1,0,2,5,3,4,2,4,1,4,1,9,1,2,1,0,5,1,0,0,0,6,0,11,1,0,0,5,0,11,1,0,0,0,0,0,0,0,0,1,0,3,1,0,0,1,0,3,0,0,0,3,0,5,0,0,0,1,0,0,0,8,10,20,12,24,9,6,9,20,7,23,8,1,2,3,2,0,0,0,2,5,1,6,2,1,4,8,3,5,3,4,1,4,1,12,3,2,1,0,5,1,1,1,2,6,1,5,5,1,2,6,1,5,4,0,0,1,1,0,0,0,0,2,0,1,1,1,2,3,0,1,1,0,0,0,0,3,2,0,0,0,0,0,1
47,01/11/2011,18637,1,F,F,F,F,F,89.7,NA,3.33,195,180,50.06,180.29,68.90,20.07,800.09,35,8,2,0,6,1,1,9,23,22,24,10,1,8,22,13,23,7,0,2,3,1,0,0,0,5,5,0,9,0,0,0,10,11,7,1,1,1,4,1,7,6,0,1,1,9,1,3,0,0,0,3,0,0,1,7,11,14,16,9,1,6,10,8,15,6,0,2,0,0,0,0,0,3,3,0,7,0,0,0,4,8,4,0,1,1,3,0,4,6,0,1,1,6,1,3,0,1,6,4,6,0,0,1,6,2,6,0,0,0,2,1,0,0,0,1,1,0,2,0,0,0,3,1,2,0,0,0,0,0,2,0,0,0,0,2,0,0,1,8,17,18,18,10,1,7,16,11,17,7,0,2,1,0,0,0,0,4,4,0,7,0,0,0,7,10,5,1,1,1,4,1,5,6,0,1,1,7,1,3,0,1,6,4,2,1,0,1,6,3,2,1,0,0,1,0,0,0,0,1,1,0,0,0,0,0,3,2,1,1,0,0,1,1,1,0,0,0,0,1,0,0
48,01/12/2011,19143,1,F,F,F,F,F,90.2,NA,3.33,226,190,43.78,187.95,64.46,20.06,759.54,29,5,2,0,9,0,0,6,25,7,21,15,0,2,22,2,19,11,0,0,0,1,1,1,0,1,6,0,5,3,0,0,12,1,7,6,0,1,4,0,6,1,0,4,3,5,2,4,0,0,2,0,1,0,0,5,10,7,15,12,0,1,9,2,14,8,0,0,0,1,0,0,0,0,1,0,5,3,0,0,5,1,5,4,0,1,3,0,4,1,0,4,1,5,1,4,0,1,8,0,6,0,0,1,8,0,5,0,0,0,0,0,1,0,0,1,4,0,0,0,0,0,3,0,2,0,0,0,1,0,2,0,0,0,0,0,1,0,0,5,17,7,15,15,0,1,14,2,14,11,0,0,0,1,0,1,0,0,2,0,5,3,0,0,9,1,5,6,0,1,3,0,4,1,0,4,3,5,1,4,0,0,7,0,0,3,0,0,5,0,0,3,0,0,0,0,0,1,0,0,1,0,0,0,0,0,4,0,0,2,0,0,0,0,0,0,0,0,2,0,0,0
49,01/01/2012,16043,1,F,F,F,F,F,98.3,NA,3.33,141,200,54.48,197.47,69.69,18.26,835.41,26.99999999,6,2,0,5,4,1,12,25,19,23,17,1,7,25,10,20,11,0,0,1,2,1,2,0,4,4,3,3,4,0,1,16,5,5,5,1,2,4,0,11,0,0,5,0,9,3,6,0,2,0,1,0,1,1,8,12,13,16,12,1,5,12,5,13,7,0,0,1,1,1,0,0,3,2,3,2,3,0,0,7,1,3,4,1,2,2,0,7,0,0,3,0,8,3,5,0,1,7,1,5,2,0,1,7,1,5,1,0,0,0,1,0,1,0,1,1,0,0,0,0,0,6,0,2,0,0,0,0,0,3,0,0,0,0,0,0,1,1,11,18,18,18,15,1,6,18,9,15,10,0,0,1,1,1,1,0,3,3,3,3,4,0,1,10,5,3,5,1,2,4,0,8,0,0,5,0,9,3,5,0,3,6,5,2,3,0,1,6,4,2,3,0,0,0,0,0,1,0,0,1,0,1,1,0,1,3,4,0,1,0,0,2,0,1,0,0,2,0,1,0,0
50,01/02/2012,18669,1,F,F,F,F,F,96.7,NA,3.33,163,230,45.48,194.76,70.76,31.50,840.42,20.00000001,7,2,0,3,0,0,15,16,14,28,10,0,10,13,5,27,7,0,1,1,0,1,0,0,5,3,1,6,3,0,3,7,4,11,2,0,1,2,0,9,2,0,5,3,9,1,3,0,0,2,0,1,1,0,15,7,12,21,7,0,10,6,3,21,5,0,1,0,0,1,0,0,5,3,0,6,2,0,3,2,3,8,1,0,1,1,0,6,2,0,5,1,9,0,2,0,0,4,1,5,1,0,0,3,1,5,0,0,0,1,0,0,0,0,0,0,1,0,0,0,0,2,0,3,0,0,0,0,0,2,0,0,0,1,0,0,1,0,15,12,13,23,9,0,10,10,4,22,7,0,1,0,0,1,0,0,5,3,0,6,3,0,3,5,4,8,2,0,1,2,0,7,2,0,5,2,9,1,2,0,0,5,1,2,2,0,0,4,1,1,2,0,0,0,0,0,0,0,0,0,0,0,1,0,0,3,1,0,1,0,0,1,0,1,0,0,0,1,0,1,0
51,01/03/2012,18926,1,F,F,F,F,F,95.6,NA,3.33,219,265,57.96,146.10,82.58,29.06,797.80,27.99999999,8,5,0,8,0,1,13,18,29,31,14,0,9,15,12,27,10,0,4,3,2,1,0,0,3,4,2,8,5,0,1,4,6,13,4,0,1,4,2,5,1,1,4,3,17,4,4,0,1,0,2,0,0,1,10,12,22,24,8,0,7,9,7,20,4,0,4,1,1,1,0,0,2,3,2,5,2,0,0,1,3,9,2,0,1,4,1,5,0,1,3,3,15,4,4,0,1,3,2,3,2,0,1,3,2,3,2,0,0,1,0,0,0,0,1,1,0,1,0,0,0,1,1,2,2,0,0,0,1,0,0,0,0,0,0,0,0,1,12,15,27,28,12,0,8,12,10,24,8,0,4,2,2,1,0,0,2,3,2,7,5,0,1,3,5,11,2,0,1,4,1,5,1,1,4,3,17,4,4,0,2,3,5,4,4,0,1,3,3,4,4,0,0,1,1,0,0,0,0,0,0,2,3,0,1,2,2,2,0,0,0,0,0,0,1,0,1,0,2,0,0
52,01/04/2012,17811,1,F,F,F,F,F,91.6,NA,3.33,213,300,52.78,170.46,82.59,26.16,872.37,18,11,2,0,2,3,1,17,20,27,21,17,1,15,19,15,19,9,0,3,3,6,0,1,0,5,3,5,9,2,0,3,9,2,6,1,1,4,4,2,4,5,0,2,1,12,2,8,0,0,0,1,0,2,1,13,11,24,17,13,1,11,10,13,15,7,0,3,1,6,0,1,0,4,2,5,7,1,0,1,4,0,5,1,1,3,3,2,3,4,0,2,1,11,2,6,0,2,4,1,2,2,0,2,4,0,2,0,0,0,0,0,0,0,0,0,0,0,1,0,0,1,3,0,0,0,0,1,1,0,1,0,0,0,0,1,0,2,1,15,16,26,19,15,1,13,15,15,17,9,0,3,3,6,0,1,0,5,3,5,8,2,0,2,6,2,6,1,1,3,3,2,3,5,0,2,1,11,2,6,0,2,5,2,2,2,0,2,5,2,2,2,0,0,2,0,0,0,0,1,1,0,1,1,0,1,2,2,1,0,0,0,0,0,0,1,0,0,0,0,0,0
53,01/05/2012,19562,1,F,F,F,F,F,90.8,NA,3.33,226.5,203,61.96,157.96,66.46,29.65,802.62,34.00000001,10,6,0,4,2,0,9,29,32,18,14,0,8,25,15,15,9,0,0,3,3,3,2,0,5,3,3,4,3,0,2,15,5,5,2,0,1,4,4,3,2,0,1,4,17,3,5,0,1,0,3,1,0,0,6,17,24,12,14,0,6,13,10,10,9,0,0,2,2,2,2,0,5,3,2,4,3,0,0,7,2,3,2,0,1,1,4,1,2,0,0,4,14,2,5,0,1,8,2,4,0,0,0,8,2,4,0,0,0,1,0,1,0,0,0,0,0,0,0,0,0,5,2,1,0,0,0,2,0,2,0,0,1,0,0,0,0,0,8,21,30,14,14,0,8,17,13,11,9,0,0,2,3,2,2,0,5,3,3,4,3,0,2,10,3,4,2,0,1,2,4,1,2,0,0,4,17,3,5,0,2,4,6,2,0,0,2,4,3,1,0,0,0,0,1,0,0,0,0,0,1,0,0,0,2,3,1,1,0,0,0,1,0,0,0,0,0,0,3,1,0
54,01/06/2012,15413,1,F,F,F,F,F,86.5,NA,3.33,153.5,300,69.94,189.19,83.44,32.05,884.91,40,2,2,0,3,0,0,12,24,14,17,12,0,8,21,6,15,8,0,3,3,0,1,0,0,2,5,1,2,5,0,2,7,5,8,2,0,1,6,0,4,1,0,4,3,8,2,4,0,1,3,1,1,0,0,7,8,9,10,9,0,4,8,2,9,5,0,2,1,0,1,0,0,1,3,1,2,4,0,0,1,1,4,1,0,1,3,0,2,0,0,3,0,7,1,4,0,3,7,2,5,0,0,2,6,2,4,0,0,0,0,0,0,0,0,0,0,0,0,0,0,2,5,2,2,0,0,0,1,0,2,0,0,1,1,0,1,0,0,9,17,12,12,12,0,6,15,4,11,8,0,3,3,0,1,0,0,2,5,1,2,5,0,0,2,3,6,2,0,1,5,0,2,1,0,3,2,8,1,4,0,2,9,3,2,3,0,2,7,2,2,3,0,1,2,0,0,0,0,1,2,0,0,1,0,0,1,2,2,1,0,0,2,0,0,1,0,0,2,1,0,0
55,01/07/2012,14254,1,F,F,F,F,F,93.9,NA,3.33,200.5,203,70.65,187.74,76.68,35.15,795.14,30.99999999,11,5,0,4,3,3,14,27,20,18,15,2,10,22,10,17,8,1,2,3,1,2,1,0,6,3,1,5,0,0,1,7,8,4,2,1,1,9,0,6,5,1,4,5,10,1,7,1,2,3,3,0,2,2,12,15,15,14,13,2,10,13,8,13,8,1,2,1,1,2,1,0,6,3,1,4,0,0,1,2,6,2,2,1,1,7,0,5,5,0,2,2,7,1,5,1,2,9,2,3,1,0,0,7,1,3,0,0,0,1,0,0,0,0,0,0,0,1,0,0,0,4,1,2,0,0,0,2,0,0,0,1,2,2,1,0,1,2,12,18,18,15,14,2,10,15,9,14,8,1,2,2,1,2,1,0,6,3,1,4,0,0,1,3,7,2,2,1,1,7,0,6,5,0,2,3,9,1,6,0,0,3,3,1,1,0,0,2,1,1,0,0,0,1,0,0,0,0,0,0,0,0,0,0,0,1,1,0,0,0,0,0,0,1,0,0,0,1,2,0,1
56,01/08/2012,13589,1,F,F,F,F,F,85.1,NA,3.33,145.5,200,81.10,174.41,88.75,28.85,1066.81,17,5,2,0,1,2,0,7,30,20,29,12,0,5,29,8,27,4,0,0,5,1,1,1,0,2,6,0,10,1,0,2,12,6,8,2,0,1,6,1,8,0,0,2,1,12,2,8,0,2,1,4,2,2,0,4,18,12,15,9,0,4,18,4,15,3,0,0,2,0,0,1,0,1,4,0,7,1,0,2,6,3,5,1,0,1,6,1,3,0,0,0,0,8,0,6,0,0,7,4,9,2,0,0,7,2,8,0,0,0,2,0,0,0,0,0,2,0,3,0,0,0,3,2,1,0,0,0,0,0,4,0,0,0,0,2,1,2,0,7,23,16,20,10,0,5,22,6,19,4,0,0,3,1,1,1,0,2,4,0,7,1,0,2,9,4,7,2,0,1,6,1,4,0,0,2,1,10,1,6,0,3,5,4,5,1,0,1,4,2,4,1,0,0,1,1,1,0,0,1,0,0,0,0,0,0,3,1,2,1,0,0,0,0,1,0,0,2,1,2,1,0
57,01/09/2012,13571,2,F,T,F,T,F,94.4,NA,3.33,197,250,59.24,155.55,91.08,25.57,833.96,36,12,6,0,3,2,1,6,36,12,24,21,1,0,32,4,21,9,0,0,2,1,2,3,0,0,4,0,3,2,0,0,16,2,9,3,1,0,10,1,7,1,0,6,4,8,3,12,0,2,2,2,2,3,1,4,21,9,12,17,1,0,19,3,11,8,0,0,2,1,2,3,0,0,4,0,2,2,0,0,8,1,4,3,1,0,5,1,3,0,0,4,2,6,1,9,0,0,8,0,9,3,0,0,7,0,7,1,0,0,0,0,0,0,0,0,0,0,1,0,0,0,3,0,3,0,0,0,4,0,3,1,0,0,1,0,2,2,1,6,28,12,15,18,1,0,25,4,14,8,0,0,2,1,2,3,0,0,4,0,2,2,0,0,13,2,6,3,1,0,6,1,4,0,0,6,3,8,1,10,0,2,7,3,3,1,0,0,6,1,3,0,0,0,0,0,0,0,0,0,0,0,0,0,0,0,5,1,2,0,0,0,1,0,1,0,0,2,1,2,0,1
58,01/10/2012,15362,2,F,T,F,T,F,93.1,NA,3.33,234.5,260,71.15,155.38,104.09,27.34,907.13,25.00000001,9,3,0,2,4,3,12,51,34,37,25,1,6,45,8,31,9,0,1,8,2,3,0,0,2,8,3,11,3,0,2,16,3,7,2,1,1,13,0,10,4,2,6,6,26,6,,0,2,3,11,2,11,2,9,34,20,23,33,0,5,31,5,19,8,0,1,4,2,2,0,0,1,6,2,5,3,0,2,11,1,5,2,0,1,10,0,7,3,2,4,3,15,4,25,0,1,8,5,8,3,0,0,6,0,7,0,0,0,1,0,0,0,0,0,1,0,2,0,0,0,4,0,2,0,0,0,0,0,3,0,0,1,2,5,1,3,3,11,43,29,29,42,1,6,39,8,24,9,0,1,7,2,3,0,0,2,7,3,9,3,0,2,12,3,5,2,1,1,13,0,7,4,2,5,4,21,5,33,1,2,9,9,6,9,1,1,8,3,5,1,0,0,3,0,1,0,0,1,1,1,4,0,0,0,1,2,0,0,1,0,3,0,0,1,0,1,1,6,1,8
59,01/11/2012,14764,2,F,T,F,T,F,96.5,0.3,9.08,179,600,70.85,200.56,83.24,20.46,845.07,33.00000001,9,1,0,4,3,1,8,40,12,31,21,0,4,29,5,26,9,0,0,4,3,2,1,0,2,3,0,5,5,0,1,13,0,8,2,0,1,9,2,11,1,1,4,11,7,5,12,0,1,6,3,2,4,1,5,20,8,20,15,0,2,15,4,17,7,0,0,3,2,1,1,0,0,1,0,5,3,0,1,5,0,4,2,0,1,6,2,7,1,1,3,5,4,3,8,0,0,7,1,9,1,0,0,5,0,8,0,0,0,0,0,0,0,0,0,0,0,0,0,0,0,4,0,4,0,0,0,1,0,4,0,0,0,2,1,1,1,1,8,33,11,22,20,0,4,24,5,18,9,0,0,4,3,2,1,0,2,3,0,5,5,0,1,9,0,4,2,0,1,8,2,7,1,1,4,9,6,4,11,0,3,13,3,2,5,0,2,9,1,1,2,0,0,1,1,1,0,0,2,2,0,0,2,0,0,4,0,0,0,0,0,2,0,0,0,0,1,4,2,1,3
60,01/12/2012,14156,2,F,T,F,T,F,86.6,0.3,9.08,220,700,47.54,186.35,88.23,24.44,817.16,30,7,0,0,2,1,0,4,28,9,20,10,0,3,20,5,19,4,0,0,2,1,1,1,0,0,3,0,7,1,0,1,12,3,5,1,0,2,3,1,6,1,0,1,8,4,1,6,0,0,2,1,0,1,0,2,16,4,10,9,0,1,10,1,9,4,0,0,0,0,0,1,0,0,2,0,4,1,0,0,7,1,2,1,0,1,1,0,3,1,0,1,6,3,1,5,0,2,4,1,7,0,0,2,3,0,7,0,0,0,0,0,1,0,0,0,0,0,1,0,0,1,2,0,2,0,0,1,1,0,3,0,0,0,1,1,0,0,0,2,24,8,13,10,0,1,17,5,12,4,0,0,2,1,0,1,0,0,3,0,6,1,0,0,10,3,3,1,0,1,2,1,3,1,0,1,7,3,1,6,0,0,8,4,3,1,0,0,7,4,3,0,0,0,2,1,0,0,0,0,1,0,2,0,0,0,3,2,1,0,0,0,1,1,0,0,0,0,1,0,0,1
61,01/01/2013,16729,2,F,T,F,T,F,91,0.3,9.08,275.5,800,55.47,175.09,97.56,28.69,913.94,33,5,3,0,4,1,0,5,35,16,23,16,0,3,28,4,22,10,0,0,5,0,2,2,0,2,2,0,10,4,0,0,13,4,7,3,0,1,8,0,3,1,0,2,7,12,1,6,0,1,3,4,0,3,0,3,25,9,19,11,0,2,21,1,18,8,0,0,5,0,2,2,0,1,1,0,9,4,0,0,9,1,4,2,0,1,6,0,3,0,0,1,4,8,1,3,0,1,5,2,3,3,0,1,4,1,3,2,0,0,0,0,0,0,0,1,0,0,0,0,0,0,2,1,3,1,0,0,2,0,0,1,0,0,1,1,0,1,0,4,30,14,20,13,0,2,24,3,19,8,0,0,5,0,2,2,0,1,2,0,10,4,0,0,11,3,4,2,0,1,6,0,3,0,0,2,6,11,1,5,0,1,5,5,1,2,0,0,3,2,1,0,0,0,0,0,0,0,0,0,1,0,1,0,0,0,2,2,0,0,0,0,0,0,0,0,0,1,2,3,0,2
62,01/02/2013,15485,2,F,T,F,T,F,91.5,0.3,9.08,160,750,67.74,178.75,97.26,30.16,927.46,14,3,2,0,3,2,0,7,33,12,22,12,0,4,20,3,19,5,0,1,2,2,0,1,0,1,5,1,9,2,0,1,11,0,6,1,0,1,2,0,4,1,0,3,13,9,3,7,0,0,4,3,1,1,0,6,22,9,15,11,0,3,13,3,13,5,0,1,2,2,0,1,0,1,4,1,6,2,0,0,7,0,4,1,0,1,0,0,3,1,0,3,9,6,2,6,0,0,5,0,7,1,0,0,3,0,6,0,0,0,0,0,0,0,0,0,1,0,3,0,0,0,1,0,2,0,0,0,1,0,1,0,0,0,2,0,1,1,0,7,28,12,15,11,0,4,17,3,13,5,0,1,2,2,0,1,0,1,4,1,6,2,0,1,10,0,4,1,0,1,1,0,3,1,0,3,11,9,2,6,0,1,6,3,0,0,0,1,4,0,0,0,0,0,0,0,0,0,0,0,0,0,0,0,0,1,3,0,0,0,0,0,1,0,0,0,0,0,2,3,0,0
63,01/03/2013,16687,2,F,T,F,T,F,89,0.3,9.08,207.5,700,65.44,202.07,103.01,28.94,942.20,24.00000001,9,5,0,4,0,1,4,31,21,28,11,1,1,27,5,28,5,1,0,5,1,2,1,0,0,7,1,6,3,0,0,14,2,8,1,0,1,1,1,12,0,0,3,4,16,0,6,0,0,2,3,0,2,1,4,10,17,16,8,1,1,8,4,16,4,1,0,0,1,0,1,0,0,4,1,3,2,0,0,4,2,6,1,0,1,0,0,7,0,0,3,2,13,0,4,0,0,10,1,7,1,0,0,9,0,7,0,0,0,2,0,0,0,0,0,1,0,1,0,0,0,6,0,2,0,0,0,0,0,4,0,0,0,1,1,0,1,1,4,21,20,21,10,1,1,18,5,21,5,1,0,3,1,2,1,0,0,6,1,5,3,0,0,8,2,6,1,0,1,1,1,8,0,0,3,3,15,0,5,0,0,11,3,5,2,0,0,10,1,5,1,0,0,3,0,2,0,0,0,2,0,2,1,0,0,4,0,0,0,0,0,1,1,1,0,0,0,1,2,0,1
64,01/04/2013,15020,2,F,T,F,T,F,88.1,0.3,9.08,207.5,680,55.26,145.54,102.26,18.97,852.06,16.99999999,6,5,0,0,2,1,8,23,15,24,10,1,5,18,4,21,5,1,0,1,1,0,0,0,1,5,1,7,2,0,0,8,2,7,0,0,4,4,0,7,3,0,3,5,11,3,5,0,1,3,2,1,0,0,5,8,12,17,9,0,3,6,3,15,4,0,0,1,1,0,0,0,1,1,1,5,2,0,0,2,1,4,0,0,2,2,0,6,2,0,2,2,9,2,5,0,0,7,1,4,1,0,0,6,0,4,1,0,0,0,0,0,0,0,0,3,0,2,0,0,0,3,0,1,0,0,0,0,0,1,1,0,0,1,1,0,0,1,8,16,14,20,9,1,5,12,4,17,4,1,0,1,1,0,0,0,1,2,1,5,2,0,0,5,2,6,0,0,4,4,0,6,2,0,3,4,10,3,5,1,3,8,2,3,0,1,2,6,1,2,0,1,0,0,0,0,0,0,0,1,0,0,0,0,0,3,1,2,0,0,2,2,0,0,0,0,1,2,1,1,0
65,01/05/2013,15746,2,F,T,F,T,F,88.4,0.3,9.08,213,650,67.89,154.07,104.79,36.07,825.70,23.99999999,11,2,0,4,1,2,6,28,18,26,6,1,2,20,8,25,3,0,1,4,0,1,0,0,1,3,0,6,0,0,0,12,6,13,2,1,0,1,2,5,1,1,4,8,10,1,3,1,0,7,2,0,1,1,6,7,12,16,4,1,2,6,4,15,2,0,1,2,0,1,0,0,1,2,0,4,0,0,0,1,2,8,1,1,0,1,2,2,1,0,4,1,8,1,2,1,0,14,2,8,1,0,0,8,2,8,1,0,0,2,0,0,0,0,0,1,0,2,0,0,0,5,2,3,1,0,0,0,0,3,0,1,0,6,0,0,0,1,6,14,16,18,5,1,2,12,6,17,2,0,1,2,0,1,0,0,1,2,0,4,0,0,0,7,4,10,1,1,0,1,2,2,1,0,4,2,10,1,3,0,0,7,4,2,1,0,0,6,2,2,0,0,0,0,0,0,0,0,0,0,0,0,0,0,0,6,2,2,0,0,0,0,0,0,0,0,0,1,2,0,1
66,01/06/2013,15968,2,F,T,F,T,F,85.5,0.3,9.08,205.5,630,63.38,181.17,107.84,20.79,903.33,22,8,4,0,6,3,0,12,25,10,23,10,0,4,23,5,21,5,0,1,1,0,2,0,0,2,3,1,4,1,0,0,16,4,7,3,0,1,3,0,8,1,0,8,2,5,2,5,0,4,1,1,1,1,0,8,10,7,11,9,0,4,9,3,10,5,0,1,0,0,2,0,0,2,1,1,2,1,0,0,5,2,1,3,0,1,3,0,5,1,0,4,1,4,1,4,0,2,6,2,7,0,0,0,6,1,6,0,0,0,0,0,0,0,0,0,2,0,0,0,0,0,4,1,4,0,0,0,0,0,2,0,0,2,0,1,1,0,0,10,19,8,16,10,0,4,17,4,15,5,0,1,1,0,2,0,0,2,1,1,4,1,0,0,12,3,3,3,0,1,3,0,6,1,0,6,2,4,1,5,0,2,9,1,5,1,0,0,8,1,5,0,0,0,1,0,0,0,0,0,0,0,2,0,0,0,7,1,2,0,0,0,0,0,1,0,0,2,1,0,0,1
67,01/07/2013,14562,2,F,T,F,T,F,89.9,0.3,9.08,250.5,600,73.27,169.28,89.55,34.47,877.86,30,8,6,0,4,1,1,9,31,30,32,8,1,8,28,11,31,4,0,0,2,1,2,0,0,5,4,2,6,2,0,1,13,8,17,1,1,2,9,0,6,1,0,1,3,19,1,4,0,0,1,1,0,2,1,8,13,28,18,4,1,7,11,10,17,2,0,0,2,1,2,0,0,5,1,2,2,1,0,0,3,7,10,1,1,2,5,0,3,0,0,1,2,18,1,2,0,1,14,0,8,2,0,1,13,0,8,0,0,0,0,0,0,0,0,0,2,0,2,0,0,1,7,0,4,0,0,0,4,0,2,0,0,0,1,0,0,2,1,8,17,30,24,6,1,7,15,11,23,4,0,0,2,1,2,0,0,5,2,2,4,2,0,0,6,8,13,1,1,2,5,0,4,1,0,1,2,19,1,2,0,0,4,2,6,2,0,0,4,1,6,2,0,0,0,0,0,0,0,0,1,0,2,1,0,0,3,1,3,0,0,0,0,0,1,1,0,0,0,1,0,0
68,01/08/2013,12685,2,F,T,F,T,F,89.1,0.3,9.08,243.5,550,82.22,211.98,95.07,32.95,993.79,27,11,4,0,5,0,1,11,43,20,28,12,1,4,33,3,26,9,1,0,4,2,0,0,0,1,6,0,4,1,0,1,18,1,13,6,0,2,5,0,9,2,0,7,10,17,2,3,0,1,4,2,2,0,1,10,17,17,17,10,1,4,11,2,17,7,1,0,3,1,0,0,0,1,3,0,3,1,0,1,4,1,7,4,0,2,1,0,7,2,0,6,6,15,0,3,0,0,19,0,5,1,0,0,16,0,4,1,0,0,1,0,0,0,0,0,2,0,1,0,0,0,10,0,2,1,0,0,3,0,1,0,0,0,3,0,1,0,1,11,24,20,23,11,1,4,17,3,22,8,1,0,3,2,0,0,0,1,4,0,3,1,0,1,8,1,11,5,0,2,2,0,8,2,0,7,7,17,1,3,0,1,7,3,6,1,0,0,6,1,5,1,0,0,0,1,0,0,0,0,1,0,0,0,0,0,4,0,4,1,0,0,1,0,1,0,0,1,1,2,1,0
69,01/09/2013,13463,2,F,T,F,T,F,84.3,0.3,9.08,316.3,700,78.07,193.34,115.56,29.04,874.14,28,10,2,0,4,0,3,8,49,24,28,6,2,4,41,8,22,2,0,1,6,5,2,0,1,2,4,0,3,1,0,0,24,3,8,1,1,1,7,0,9,0,1,4,8,16,6,4,1,1,4,2,2,1,1,7,28,20,16,4,1,4,24,6,12,1,0,1,5,4,1,0,0,2,3,0,2,0,0,0,10,2,5,1,1,1,6,0,4,0,0,3,4,14,4,3,2,1,7,2,8,1,1,0,6,2,7,0,0,0,1,1,1,0,1,0,0,0,1,0,0,0,5,1,2,0,0,0,0,0,3,0,1,1,1,0,1,1,1,7,42,22,20,5,1,4,35,6,15,2,0,1,5,4,1,0,0,2,4,0,2,1,0,0,19,2,6,1,1,1,7,0,6,0,0,3,7,16,5,3,0,0,14,2,4,1,0,0,11,0,3,1,0,0,0,0,0,0,0,0,1,0,0,1,0,0,9,0,1,0,0,0,1,0,2,0,0,0,3,2,1,0
70,01/10/2013,15935,2,F,T,F,T,F,89.2,0.3,9.08,289,900,81.08,222.59,94.39,29.06,880.53,25,12,2,0,6,2,0,12,51,20,37,8,0,2,44,5,32,6,0,0,8,0,3,1,0,0,6,0,7,3,0,0,21,5,14,1,0,2,9,0,8,1,0,10,7,15,5,2,0,6,6,6,1,0,0,6,24,11,22,6,0,2,23,2,18,4,0,0,3,0,2,1,0,0,5,0,6,2,0,0,13,2,5,1,0,2,2,0,5,0,0,4,1,9,4,2,0,2,16,4,9,0,0,0,13,2,8,0,0,0,4,0,0,0,0,0,1,0,1,0,0,0,4,2,6,0,0,0,4,0,1,0,0,2,3,2,1,0,0,10,35,16,28,8,0,2,31,3,24,6,0,0,4,0,3,1,0,0,5,0,6,3,0,0,17,3,8,1,0,2,5,0,7,1,0,8,4,13,4,2,0,4,11,5,6,2,0,0,8,1,6,2,0,0,1,0,1,0,0,0,0,0,0,1,0,0,4,1,3,0,0,0,3,0,2,1,0,4,3,4,0,0
71,01/11/2013,15033,2,F,T,F,T,F,87.6,0.3,12.58,317.65,1100,75.63,188.05,105.50,24.08,868.54,31,14,2,0,6,4,1,11,37,21,23,16,1,2,34,4,21,9,0,0,3,2,0,0,0,1,4,0,6,2,0,0,18,2,9,3,1,1,9,0,6,4,0,9,3,17,2,7,0,2,2,2,1,2,0,9,16,17,16,10,0,2,15,2,15,5,0,0,2,2,0,0,0,1,3,0,4,2,0,0,6,0,6,1,0,1,4,0,5,2,0,7,1,15,1,5,0,1,12,3,4,4,0,0,11,1,4,3,0,0,1,0,0,0,0,0,0,0,2,0,0,0,7,1,1,1,0,0,3,0,1,2,0,1,1,2,0,1,1,10,25,18,19,12,1,2,23,3,17,6,0,0,2,2,0,0,0,1,4,0,4,2,0,0,11,1,8,2,1,1,6,0,5,2,0,8,2,15,2,6,1,1,9,1,3,2,1,0,8,1,2,1,0,0,0,0,0,0,0,0,1,0,0,0,0,0,5,1,2,1,1,0,2,0,0,0,0,1,1,0,1,1
72,01/12/2013,15939,2,F,T,F,T,F,89.4,0.3,12.58,287,1000,64.56,232.57,95.57,29.74,990.95,38.00000001,9,5,0,3,2,0,31,21,24,23,10,0,15,18,5,21,8,0,2,0,1,1,0,0,10,1,2,5,4,0,1,14,2,11,2,0,2,3,0,4,2,0,16,3,19,2,2,0,1,1,4,1,0,0,29,8,19,16,7,0,14,6,4,15,5,0,2,0,1,1,0,0,9,0,2,4,3,0,1,5,1,8,0,0,2,1,0,2,2,0,15,2,15,1,2,0,1,8,2,4,2,0,0,7,1,4,2,0,0,0,0,0,0,0,0,1,0,1,1,0,0,4,1,1,1,0,0,2,0,2,0,0,1,1,1,0,0,0,30,13,22,19,8,0,15,11,4,17,6,0,2,0,1,1,0,0,10,0,2,4,3,0,1,10,1,10,1,0,2,1,0,2,2,0,15,2,18,2,2,0,1,5,3,3,1,0,1,5,0,2,1,0,0,0,0,0,0,0,1,0,0,0,0,0,0,5,0,2,1,0,0,0,0,0,0,0,0,0,3,1,0
73,01/01/2014,15370,3,T,T,F,T,F,90.6,0.3,12.58,331,1200,49.25,246.06,126.90,20.56,959.71,29,8,6,0,4,3,1,16,23,19,24,10,0,3,22,7,24,6,0,0,2,1,3,0,0,0,3,1,6,3,0,1,14,5,7,2,0,2,3,0,8,1,1,13,1,12,0,4,1,1,0,0,0,0,0,14,8,18,11,6,0,2,7,6,11,2,0,0,1,1,1,0,0,0,1,1,5,1,0,1,4,4,3,1,0,1,1,0,2,0,0,12,1,12,0,4,0,1,10,0,5,3,0,1,10,0,5,3,0,0,0,0,1,0,0,0,2,0,1,2,0,0,6,0,0,1,0,1,2,0,3,0,0,0,0,0,0,0,1,15,13,19,19,7,0,2,12,7,19,3,0,0,2,1,2,0,0,0,1,1,5,1,0,1,8,5,7,1,0,1,1,0,5,1,1,13,1,12,0,4,1,1,5,1,8,1,0,0,5,1,8,1,0,0,1,0,1,0,0,0,0,0,0,0,0,0,4,1,4,0,0,0,0,0,3,1,1,1,0,0,0,0
74,01/02/2014,16069,3,T,T,F,T,F,93.3,0.3,12.58,329,1100,64.60,252.60,118.70,24.71,967.40,25,12,5,0,5,0,1,12,28,11,43,8,0,1,23,0,38,5,0,0,0,0,1,1,0,1,2,0,10,0,0,0,12,0,16,3,0,0,9,0,11,1,1,11,5,11,5,3,1,3,3,3,1,0,0,9,14,8,30,5,0,1,12,0,26,2,0,0,0,0,1,0,0,1,1,0,8,0,0,0,7,0,10,1,0,0,4,0,7,1,0,8,2,8,4,3,1,1,6,1,9,0,0,0,5,0,8,0,0,0,0,0,0,0,0,0,0,0,1,0,0,0,2,0,4,0,0,0,3,0,3,0,1,1,1,1,1,0,0,11,22,10,34,8,0,1,18,0,30,5,0,0,0,0,1,1,0,1,2,0,9,0,0,0,10,0,12,3,0,0,6,0,8,1,0,10,4,10,4,3,0,2,8,2,4,3,0,0,6,0,4,3,0,0,0,0,0,1,0,0,1,0,1,0,0,0,3,0,2,2,0,0,2,0,1,0,0,2,2,2,0,0
75,01/03/2014,17201,3,T,T,F,T,F,92,0.3,12.58,228.5,990,56.04,220.74,100.50,19.18,944.83,34,8,2,0,1,1,3,5,34,31,33,9,1,1,28,6,26,7,1,0,3,1,4,1,0,0,1,0,6,2,0,1,13,5,11,1,0,0,11,0,5,3,2,4,6,25,7,2,0,0,3,8,0,0,3,4,17,19,21,7,1,0,14,2,14,5,1,0,2,1,4,1,0,0,1,0,3,1,0,0,4,1,5,1,0,0,7,0,2,2,2,4,3,17,7,2,0,0,14,7,7,0,0,0,12,1,7,0,0,0,1,0,0,0,0,0,0,0,3,0,0,0,8,1,3,0,0,0,3,0,1,0,0,0,2,6,0,0,3,5,20,24,26,9,1,1,16,5,19,7,1,0,2,1,4,1,0,0,1,0,3,2,0,1,5,4,8,1,0,0,8,0,4,3,2,4,4,19,7,2,0,1,3,5,5,2,0,1,2,3,5,2,0,0,0,0,0,0,0,0,0,0,0,1,0,1,1,3,3,0,0,0,1,0,2,1,0,0,1,2,0,0
76,01/04/2014,16255,3,T,T,F,T,F,85.9,0.3,12.58,131.5,1000,48.97,199.14,138.80,29.34,951.79,29,7,4,0,3,4,0,5,35,9,27,8,0,1,31,1,26,4,0,0,3,1,2,2,0,0,7,0,2,0,0,0,19,0,14,2,0,1,2,0,8,0,0,4,4,8,1,4,0,2,2,1,0,1,0,2,20,8,10,4,0,0,18,1,9,1,0,0,3,1,1,0,0,0,5,0,1,0,0,0,9,0,5,1,0,0,1,0,2,0,0,2,2,7,1,3,0,2,7,0,10,2,0,1,7,0,10,1,0,0,0,0,0,1,0,0,1,0,1,0,0,0,6,0,5,0,0,1,0,0,4,0,0,1,0,0,0,1,0,3,28,9,17,6,0,0,24,1,16,3,0,0,3,1,2,1,0,0,6,0,1,0,0,0,13,0,9,2,0,0,2,0,4,0,0,3,4,8,1,3,0,1,8,1,7,2,0,0,6,0,7,2,0,0,0,0,1,1,0,0,1,0,0,0,0,0,4,0,4,1,0,0,1,0,2,0,0,1,2,1,0,0
77,01/05/2014,16349,3,T,T,F,T,F,86.6,0.3,12.58,452.5,1350,45.45,208.27,120.90,25.38,926.32,30,6,6,0,2,2,0,12,28,11,27,11,0,3,23,1,25,6,0,0,2,0,2,0,0,2,0,0,3,2,0,1,16,1,14,2,0,0,5,0,6,2,0,9,5,10,2,5,0,4,2,6,1,1,0,7,12,4,17,9,0,2,9,0,16,5,0,0,0,0,1,0,0,2,0,0,1,2,0,0,7,0,11,1,0,0,2,0,3,2,0,5,3,4,1,4,0,5,12,3,3,0,0,1,11,0,3,0,0,0,0,0,0,0,0,0,0,0,1,0,0,1,8,0,1,0,0,0,3,0,1,0,0,4,1,3,0,0,0,7,16,8,24,11,0,2,12,1,22,6,0,0,2,0,2,0,0,2,0,0,2,2,0,0,8,1,13,2,0,0,2,0,5,2,0,5,4,7,2,5,0,0,4,4,7,2,0,0,3,1,6,1,0,0,2,0,1,0,0,0,0,0,1,0,0,0,1,1,2,1,0,0,0,0,2,0,0,0,1,3,1,1
78,01/06/2014,15152,3,T,T,F,T,F,87.8,0.3,12.58,445,1100,47.25,189.15,124.70,21.05,813.02,27,8,1,0,4,4,1,14,32,10,30,12,0,2,30,4,28,8,0,1,1,1,3,1,0,0,1,0,8,1,0,1,23,3,11,2,0,0,5,0,6,4,1,12,2,6,2,4,0,1,1,2,0,1,1,12,15,4,18,9,0,1,14,0,16,6,0,1,0,0,1,1,0,0,0,0,4,1,0,0,10,0,7,1,0,0,4,0,4,3,1,11,1,4,2,3,0,0,8,1,7,1,0,0,8,1,7,1,0,0,1,0,0,0,0,0,0,0,2,0,0,0,6,1,3,0,0,0,1,0,2,1,0,0,0,0,0,0,1,14,24,9,23,11,0,2,22,3,21,7,0,1,0,1,3,1,0,0,1,0,6,1,0,1,17,2,8,2,0,0,4,0,4,3,1,12,2,6,2,4,0,2,9,5,5,2,0,1,8,3,5,1,0,0,0,1,2,0,0,0,1,0,2,0,0,1,7,2,1,1,0,0,0,0,0,0,0,1,1,2,0,1
79,01/07/2014,16805,3,T,T,F,T,F,91,0.3,12.58,419.5,800,43.86,160.84,120.00,17.49,770.97,24,10,1,1,3,3,3,14,47,8,25,10,3,6,37,1,23,8,0,1,5,1,3,1,2,0,4,0,5,2,0,1,21,0,12,4,1,4,7,0,3,1,0,8,10,7,2,2,0,0,3,4,1,0,1,9,26,4,17,8,1,1,19,1,16,6,0,0,2,1,2,1,1,0,3,0,2,2,0,1,10,0,10,3,0,0,4,0,2,0,0,8,7,3,1,2,1,2,11,1,6,2,1,2,10,0,5,2,0,0,2,0,0,0,0,0,1,0,3,0,0,0,6,0,2,1,1,2,1,0,0,1,0,0,1,1,1,0,2,12,36,7,19,8,2,4,27,1,18,6,0,1,3,1,3,1,2,0,3,0,2,2,0,1,15,0,10,3,0,2,6,0,3,0,0,8,9,6,1,2,1,3,10,3,2,0,1,3,8,0,2,0,0,1,1,0,1,0,1,0,0,0,0,0,0,0,5,0,0,0,0,2,2,0,1,0,0,0,2,3,0,0
80,01/08/2014,11966,3,T,T,F,T,F,86.9,0.3,12.58,372.5,900,46.80,226.98,106.20,33.18,1034.70,27,12,2,0,2,2,1,6,36,6,29,12,0,2,25,3,28,7,0,0,3,2,3,0,0,0,3,1,9,3,0,0,17,0,13,1,0,2,2,0,3,3,1,4,11,3,1,5,0,1,3,0,0,0,1,4,18,5,19,9,0,1,10,2,18,4,0,0,3,1,2,0,0,0,2,1,6,2,0,0,5,0,8,1,0,1,0,0,2,1,1,3,8,3,1,5,0,0,12,0,6,3,0,0,10,0,6,3,0,0,0,0,1,0,0,0,0,0,2,1,0,0,8,0,2,0,0,0,2,0,1,2,0,0,2,0,0,0,1,6,24,6,23,9,0,2,15,3,22,4,0,0,3,2,2,0,0,0,3,1,7,2,0,0,9,0,11,1,0,2,0,0,2,1,1,4,9,3,1,5,0,2,6,1,4,0,0,1,5,1,4,0,0,0,0,1,0,0,0,0,1,0,1,0,0,0,4,0,3,0,0,1,0,0,0,0,0,1,1,0,0,0
81,01/09/2014,13913,4,T,T,T,T,T,82.2,0.3,12.58,321.75,980,44.63,158.84,129.70,14.23,770.54,29,14,2,0,1,1,3,9,36,11,45,9,3,6,32,3,44,6,1,2,2,1,2,0,1,2,3,2,8,3,1,1,18,0,18,2,0,1,9,0,16,1,0,3,4,8,1,3,0,1,3,3,1,2,2,7,11,8,24,5,2,5,10,3,24,4,1,2,1,1,2,0,1,2,0,2,7,1,0,1,6,0,9,2,0,0,3,0,6,1,0,2,1,5,0,1,1,0,14,1,15,2,1,0,12,0,14,2,0,0,1,0,0,0,0,0,3,0,0,2,1,0,5,0,6,0,0,0,3,0,8,0,0,0,2,1,1,0,2,9,22,10,30,7,2,6,20,3,30,4,1,2,1,1,2,0,1,2,0,2,8,1,0,1,13,0,12,2,0,1,6,0,8,1,0,3,2,7,0,3,0,2,11,2,6,2,0,1,10,0,6,0,0,0,0,0,0,0,0,0,0,0,1,0,0,0,7,0,3,0,0,1,3,0,2,0,0,1,1,2,0,2
82,01/10/2014,16375,4,T,T,T,T,T,87.1,0.3,12.58,525.36,1100,56.49,182.78,114.80,26.20,895.62,30,6,3,0,5,2,1,11,47,14,32,3,0,1,40,3,29,3,0,0,2,1,5,0,0,0,4,1,6,2,0,0,26,1,14,0,0,1,8,0,4,1,1,10,7,11,3,0,1,5,2,1,2,0,0,5,24,12,10,3,0,0,19,2,9,3,0,0,2,1,3,0,0,0,3,1,0,2,0,0,9,0,6,0,0,0,5,0,0,1,0,5,5,10,1,0,1,2,10,1,10,0,0,0,9,1,9,0,0,0,0,0,1,0,0,0,1,0,1,0,0,0,6,1,4,0,0,0,2,0,3,0,1,2,1,0,1,0,0,9,37,13,22,3,0,1,31,2,20,3,0,0,2,1,4,0,0,0,3,1,5,2,0,0,20,0,10,0,0,1,6,0,1,1,0,8,6,11,2,0,0,4,13,1,12,0,0,1,12,0,11,0,0,0,0,0,1,0,0,0,0,0,5,0,0,0,11,0,4,0,0,1,1,0,1,0,0,3,1,1,1,0
83,01/11/2014,15600,4,T,T,T,T,T,89.9,0.3,18.25,389,1000,38.46,162.24,127.80,19.29,791.27,32,8,3,0,4,1,2,5,34,7,29,6,0,3,32,2,28,5,0,1,2,1,1,0,0,0,2,0,4,1,0,1,22,1,13,1,0,1,6,0,10,3,2,2,2,5,1,1,0,1,0,0,0,1,2,2,17,5,18,5,0,1,15,0,17,5,0,1,2,0,1,0,0,0,2,0,2,1,0,0,9,0,8,1,0,0,2,0,6,3,2,1,2,5,1,0,0,2,6,2,6,1,0,1,6,2,6,0,0,0,0,1,0,0,0,0,0,0,0,0,0,0,5,1,3,0,0,1,1,0,3,0,0,1,0,0,0,1,2,3,28,5,23,5,0,2,26,0,22,5,0,1,2,0,1,0,0,0,2,0,4,1,0,1,17,0,10,1,0,0,5,0,7,3,2,1,2,5,1,0,0,1,11,0,5,0,0,1,11,0,5,0,0,0,0,0,0,0,0,0,0,0,2,0,0,1,8,0,2,0,0,0,3,0,1,0,0,0,0,0,0,0
84,01/12/2014,15095,4,T,T,T,T,T,85.4,0.3,18.25,418.75,1300,35.18,218.55,101.10,20.87,903.97,23,7,3,0,4,2,2,11,47,7,39,6,0,1,39,2,36,3,0,0,1,0,1,0,0,0,4,0,10,1,0,0,21,2,13,2,0,1,13,0,12,0,2,10,8,5,3,3,0,1,1,1,1,0,2,10,30,6,19,5,0,1,23,2,17,2,0,0,0,0,0,0,0,0,2,0,3,1,0,0,13,2,7,1,0,1,8,0,7,0,2,9,7,4,2,3,0,1,9,0,15,1,0,0,9,0,14,1,0,0,1,0,1,0,0,0,2,0,7,0,0,0,4,0,3,1,0,0,2,0,3,0,0,1,0,0,1,0,2,10,38,7,24,5,0,1,30,2,22,2,0,0,0,0,0,0,0,0,2,0,3,1,0,0,17,2,10,1,0,1,11,0,9,0,2,9,8,5,2,3,0,0,8,1,5,0,0,0,7,0,5,0,0,0,0,0,0,0,0,0,0,0,0,0,0,0,4,0,3,0,0,0,3,0,2,0,0,0,1,1,0,0
85,01/01/2015,15370,4,T,T,T,T,T,91,0.3,18.25,390.5,1350,53.51,246.19,141.60,20.20,1025.77,31,8,3,0,2,2,0,7,41,14,33,4,0,5,38,4,33,3,0,1,5,2,2,0,0,4,5,0,10,1,0,0,22,1,16,1,0,0,6,1,5,1,0,2,3,10,0,1,0,0,0,2,0,0,0,6,26,9,19,3,0,4,23,1,19,2,0,1,4,1,1,0,0,3,3,0,6,0,0,0,11,0,8,1,0,0,5,0,4,1,0,2,3,8,0,1,0,1,6,3,11,1,0,1,6,2,11,1,0,0,0,0,0,0,0,1,2,0,4,1,0,0,4,1,6,0,0,0,0,1,1,0,0,0,0,1,0,0,0,6,35,11,22,3,0,4,32,2,22,2,0,1,5,2,2,0,0,3,3,0,6,0,0,0,18,0,10,1,0,0,6,0,4,1,0,2,3,9,0,1,0,0,9,2,3,0,0,0,9,1,3,0,0,0,1,1,1,0,0,0,0,0,0,0,0,0,7,0,2,0,0,0,1,0,0,0,0,0,0,1,0,0
86,01/02/2015,16069,4,T,T,T,T,T,90.5,0.3,18.25,366.25,1200,61.77,247.25,144.40,19.60,986.02,26,4,4,0,3,1,0,5,33,14,29,2,0,2,31,2,28,2,0,0,5,1,1,0,0,1,4,1,9,1,0,0,20,0,10,0,0,1,2,0,8,1,0,3,2,12,1,0,0,1,2,6,0,0,0,3,15,8,16,2,0,1,15,2,15,2,0,0,4,1,0,0,0,1,2,1,6,1,0,0,8,0,4,0,0,0,1,0,5,1,0,2,0,6,1,0,0,2,12,5,4,0,0,1,10,0,4,0,0,0,1,0,0,0,0,0,1,0,2,0,0,0,7,0,1,0,0,1,1,0,1,0,0,1,2,5,0,0,0,3,21,9,25,2,0,1,21,2,24,2,0,0,4,1,1,0,0,1,3,1,7,1,0,0,13,0,9,0,0,0,1,0,7,1,0,2,0,7,1,0,0,0,6,1,9,0,0,0,6,0,9,0,0,0,0,0,1,0,0,0,1,0,1,0,0,0,5,0,5,0,0,0,0,0,2,0,0,0,0,1,0,0
87,01/03/2015,17201,4,T,T,T,T,T,89.4,0.3,18.25,482.3,1100,40.17,214.17,93.90,7.70,748.96,32,7,4,0,3,0,0,14,43,6,31,9,0,8,42,2,29,5,0,1,5,1,4,1,0,6,5,0,4,0,0,0,24,1,11,3,0,1,8,0,10,1,0,6,1,4,2,4,0,3,0,3,1,0,0,9,26,2,16,8,0,6,25,1,15,4,0,1,3,1,3,1,0,5,3,0,1,0,0,0,14,0,5,3,0,0,5,0,6,0,0,3,1,1,1,4,0,4,11,3,8,1,0,2,11,0,7,1,0,0,1,0,1,0,0,1,2,0,1,0,0,0,6,0,4,0,0,1,2,0,1,1,0,2,0,3,1,0,0,10,32,3,23,8,0,6,31,2,22,4,0,1,4,1,3,1,0,5,3,0,3,0,0,0,18,1,7,3,0,0,6,0,9,0,0,4,1,1,1,4,0,1,6,1,7,0,0,0,6,1,7,0,0,0,1,0,0,0,0,0,0,0,2,0,0,0,4,1,2,0,0,0,1,0,3,0,0,1,0,0,0,0
88,01/04/2015,16255,4,T,T,T,T,T,88.2,0.3,18.25,459.3,1000,46.40,201.35,104.80,12.10,801.70,19.00000001,10,5,0,3,3,0,10,41,15,29,10,0,3,38,6,28,6,0,0,7,3,1,1,0,1,5,0,5,3,0,2,14,3,9,1,0,0,12,0,13,1,0,7,3,9,1,4,0,0,2,2,0,2,0,10,23,11,14,6,0,3,22,4,13,4,0,0,4,2,0,1,0,1,3,0,4,3,0,2,8,2,2,0,0,0,7,0,7,0,0,7,1,7,1,2,0,0,9,2,4,3,0,0,7,1,4,2,0,0,1,0,0,0,0,0,2,0,0,0,0,0,2,1,2,1,0,0,2,0,2,1,0,0,2,1,0,1,0,10,32,13,25,7,0,3,31,5,24,4,0,0,6,3,1,1,0,1,3,0,5,3,0,2,12,2,7,0,0,0,10,0,11,0,0,7,1,8,1,3,0,0,9,2,11,1,0,0,9,1,11,0,0,0,2,1,1,0,0,0,0,0,1,0,0,0,4,0,5,0,0,0,3,0,4,0,0,0,0,1,0,1
89,01/05/2015,16349,4,T,T,T,T,T,88.2,0.3,18.25,540.15,1300,37.41,132.06,121.00,7.70,765.68,30,13,4,0,8,1,0,14,33,6,41,7,0,5,32,0,37,6,0,0,4,0,5,0,0,3,7,0,7,4,0,2,15,0,15,2,0,0,6,0,10,0,0,9,1,6,4,1,0,3,0,0,1,0,0,9,21,6,26,5,0,3,20,0,23,4,0,0,2,0,2,0,0,3,6,0,4,3,0,0,7,0,10,1,0,0,5,0,7,0,0,6,1,6,3,1,0,3,9,0,11,1,0,2,9,0,10,1,0,0,1,0,2,0,0,0,1,0,3,1,0,2,6,0,2,0,0,0,1,0,3,0,0,1,0,0,1,0,0,11,24,6,30,6,0,3,23,0,27,5,0,0,3,0,3,0,0,3,6,0,4,3,0,0,9,0,13,2,0,0,5,0,7,0,0,8,1,6,3,1,0,2,3,0,4,1,0,0,3,0,4,1,0,0,1,0,1,0,0,0,0,0,0,0,0,0,2,0,3,1,0,0,0,0,0,0,0,2,0,0,0,0
90,01/06/2015,15152,4,T,T,T,T,T,89.8,0.3,18.25,510.35,1200,37.85,187.24,106.40,8.30,832.79,32,10,7,0,4,2,0,11,31,9,46,11,0,5,31,2,42,7,0,2,1,1,3,0,0,1,5,0,9,3,0,1,18,1,13,0,0,1,7,0,17,4,0,6,0,7,4,4,0,3,0,5,3,0,0,7,17,3,28,9,0,4,17,1,27,5,0,2,0,1,2,0,0,1,3,0,4,2,0,0,10,0,9,0,0,1,4,0,12,3,0,3,0,2,1,4,0,2,8,3,8,2,0,1,8,1,6,2,0,0,0,0,0,0,0,0,1,0,1,1,0,1,6,1,1,0,0,0,1,0,4,1,0,1,0,2,2,0,0,9,23,6,38,9,0,4,23,1,36,5,0,2,1,1,3,0,0,1,4,0,8,2,0,0,12,0,12,0,0,1,6,0,13,3,0,5,0,5,2,4,0,2,6,3,10,0,0,0,6,0,9,0,0,0,1,0,1,0,0,0,1,0,4,0,0,0,2,0,3,0,0,0,2,0,1,0,0,2,0,3,1,0
91,01/07/2015,16805,4,T,T,T,T,T,87.2,0.3,18.25,448.5,900,42.20,173.76,93.30,28.30,817.89,32,8,4,0,4,2,2,7,35,9,31,7,0,0,30,1,28,4,0,0,2,1,3,0,0,0,7,0,6,4,0,0,13,0,13,0,0,0,8,0,6,0,2,7,5,8,3,3,0,2,1,5,1,2,2,5,20,4,18,4,0,0,16,1,16,3,0,0,2,1,1,0,0,0,3,0,3,3,0,0,7,0,9,0,0,0,4,0,3,0,2,5,4,3,2,1,0,1,11,2,9,2,0,0,10,0,8,1,0,0,0,0,1,0,0,0,2,0,1,1,0,0,6,0,3,0,0,0,2,0,3,0,0,1,1,2,1,1,2,6,24,7,22,5,0,0,20,1,20,3,0,0,2,1,2,0,0,0,5,0,5,3,0,0,7,0,10,0,0,0,6,0,3,0,2,6,4,6,2,2,0,1,4,3,4,1,0,0,4,0,4,0,0,0,0,0,1,0,0,0,2,0,2,0,0,0,0,0,1,0,0,0,2,0,0,0,0,1,0,3,0,1
92,01/08/2015,11966,4,T,T,T,T,T,83.3,0.45,18.25,372,1400,58.58,185.44,71.00,17.70,787.82,34.99999999,10,3,0,7,2,6,15,47,13,34,5,5,5,43,5,32,2,0,0,6,3,5,0,1,1,4,2,5,0,2,3,24,0,13,1,2,1,9,0,9,1,1,10,4,8,2,3,1,0,0,0,1,0,5,11,25,13,16,4,5,1,21,5,15,1,0,0,2,3,3,0,1,0,3,2,1,0,2,1,12,0,7,1,2,0,4,0,4,0,0,10,4,8,1,3,1,3,10,0,12,0,0,3,10,0,11,0,0,0,0,0,2,0,0,1,1,0,4,0,0,1,7,0,2,0,0,1,2,0,3,0,1,0,0,0,1,0,5,12,37,13,22,5,5,2,33,5,21,2,0,0,6,3,3,0,1,0,3,2,1,0,2,2,17,0,11,1,2,0,7,0,6,1,0,10,4,8,1,3,0,1,12,0,6,1,0,1,12,0,6,1,0,0,4,0,0,0,0,0,0,0,0,0,0,1,5,0,4,0,0,0,3,0,2,1,0,0,0,0,0,0
93,01/09/2015,13913,4,T,T,T,T,T,83.1,0.45,18.25,545.5,1400,44.81,140.37,67.30,12.10,729.10,30,12,5,0,7,2,0,19,52,16,32,11,0,9,48,12,29,7,0,0,5,5,4,1,0,3,6,2,7,4,0,2,28,3,12,0,0,4,9,2,6,2,0,10,4,4,3,4,0,2,1,1,0,0,0,14,23,7,23,8,0,6,20,4,20,4,0,0,2,2,4,1,0,2,4,1,4,3,0,2,9,0,9,0,0,2,5,1,3,0,0,8,3,3,3,4,0,4,16,3,5,3,0,3,16,2,5,3,0,0,2,1,0,0,0,1,1,1,3,1,0,0,10,0,0,0,0,2,3,0,2,2,0,1,0,1,0,0,0,15,36,13,27,8,0,6,32,10,24,4,0,0,3,4,4,1,0,2,5,1,4,3,0,2,18,3,12,0,0,2,6,2,4,0,0,9,4,3,3,4,0,1,13,6,4,0,0,0,12,6,4,0,0,0,1,2,0,0,0,0,1,0,0,0,0,0,9,3,3,0,0,0,1,1,1,0,0,1,1,0,0,0
94,01/10/2015,16375,4,T,T,T,T,T,87,0.45,18.25,469.5,1300,45.97,147.97,75.00,11.20,817.29,40.00000001,13,3,0,1,4,3,4,45,11,31,5,2,2,42,2,28,3,0,0,5,0,0,0,1,0,6,0,10,3,1,1,25,1,10,0,0,1,6,1,8,0,1,2,3,9,3,2,1,1,1,1,3,0,2,2,25,9,16,5,2,1,23,1,16,3,0,0,4,0,0,0,1,0,4,0,4,3,1,0,12,1,7,0,0,1,3,0,5,0,0,1,2,8,0,2,0,1,11,1,9,0,0,0,10,1,7,0,0,0,0,0,0,0,0,0,1,0,3,0,0,0,8,0,3,0,0,0,1,1,1,0,0,1,1,0,2,0,3,3,34,10,22,5,2,2,32,1,21,3,0,0,5,0,0,0,1,0,5,0,7,3,1,1,17,1,7,0,0,1,5,0,7,0,1,1,2,9,1,2,1,1,9,1,6,0,0,1,9,0,5,0,0,0,1,0,0,0,0,0,1,0,3,0,0,1,5,0,0,0,0,0,2,0,2,0,1,0,0,1,1,0
95,01/11/2015,15600,4,T,T,T,T,T,86.9,0.45,19.67,501.4,1400,27.70,148.14,68.20,7.40,715.00,48,8,5,0,5,1,2,8,34,7,45,7,1,4,32,3,43,5,0,0,5,1,2,2,0,1,1,1,17,0,0,0,18,1,15,1,1,3,8,0,9,2,1,4,2,4,2,2,1,1,0,1,0,0,0,6,16,3,32,5,0,3,14,0,30,3,0,0,2,0,2,2,0,0,0,0,13,0,0,0,7,0,9,0,0,3,5,0,6,1,0,3,2,3,2,2,1,2,7,1,6,2,0,1,7,0,6,2,0,0,1,0,0,0,0,1,1,0,3,0,0,0,4,0,2,1,0,0,1,0,1,1,1,1,0,1,0,0,1,6,27,6,39,5,1,3,25,3,37,3,0,0,4,1,2,2,0,0,0,1,14,0,0,0,14,1,13,0,1,3,7,0,8,1,0,3,2,3,2,2,1,0,11,3,7,0,1,0,11,3,7,0,0,0,2,1,0,0,0,0,0,1,1,0,0,0,7,1,4,0,1,0,2,0,2,0,0,0,0,0,0,0
96,01/12/2015,15095,4,T,T,T,T,T,87.3,0.45,19.67,476,1300,35.38,140.18,70.90,0.00,704.20,40.00000001,15,4,0,6,1,0,2,42,5,29,12,0,0,36,1,28,6,0,0,3,0,4,0,0,0,10,0,6,2,0,0,18,1,9,2,0,0,5,0,9,2,0,2,6,4,1,6,0,0,2,3,1,2,0,2,24,1,13,10,0,0,20,0,13,6,0,0,1,0,2,0,0,0,5,0,4,2,0,0,13,0,3,2,0,0,1,0,4,2,0,2,4,1,0,4,0,0,11,2,9,1,0,0,10,0,8,0,0,0,2,0,1,0,0,0,3,0,0,0,0,0,3,0,4,0,0,0,2,0,3,0,0,0,1,2,1,1,0,2,31,3,20,11,0,0,26,1,20,6,0,0,1,0,3,0,0,0,7,0,6,2,0,0,15,1,5,2,0,0,3,0,6,2,0,2,5,2,0,5,0,0,7,2,7,1,0,0,6,1,7,0,0,0,0,0,1,0,0,0,2,0,2,0,0,0,2,1,2,0,0,0,2,0,2,0,0,0,1,1,0,1
97,01/01/2016,14948,4,T,T,T,T,T,86.3,0.73,19.67,330.3,1200,38.28,124.50,79.90,14.30,722.97,32,7,3,0,7,4,0,5,44,9,31,9,0,4,41,3,30,7,0,0,6,1,3,1,0,0,3,1,4,2,0,2,22,1,15,0,0,2,10,0,8,4,0,1,3,6,1,2,0,0,1,2,0,0,0,3,23,6,13,8,0,2,21,2,12,6,0,0,1,1,2,1,0,0,2,1,0,2,0,0,10,0,7,0,0,2,8,0,3,3,0,1,2,4,1,2,0,1,9,1,10,0,0,1,9,0,10,0,0,0,1,0,0,0,0,0,1,0,2,0,0,1,6,0,3,0,0,0,1,0,5,0,0,0,0,1,0,0,0,4,35,8,21,9,0,3,32,3,20,7,0,0,5,1,3,1,0,0,2,1,2,2,0,1,16,1,12,0,0,2,9,0,3,4,0,1,3,5,1,2,0,1,12,2,8,1,0,1,11,1,8,1,0,0,4,0,1,0,0,0,0,0,2,0,0,1,6,1,5,0,0,0,1,0,0,1,0,0,1,1,0,0
98,01/02/2016,15011,4,T,T,T,T,T,88.3,0.73,19.67,493.8,1200,33.06,127.37,85.00,6.70,727.68,39.00000001,10,2,0,4,0,1,7,36,9,34,3,1,4,35,4,34,3,1,2,5,1,4,0,0,0,6,0,6,1,0,0,17,3,16,0,0,2,7,0,8,2,0,3,1,5,0,0,0,1,0,2,0,0,1,6,18,7,20,0,1,4,17,4,20,0,1,2,1,1,1,0,0,0,4,0,5,0,0,0,7,3,9,0,0,2,5,0,5,0,0,2,1,3,0,0,0,0,7,2,5,1,0,0,7,0,5,1,0,0,2,0,0,0,0,0,1,0,0,1,0,0,4,0,4,0,0,0,0,0,1,0,0,0,0,2,0,0,1,7,29,7,29,2,1,4,28,4,29,2,1,2,3,1,4,0,0,0,5,0,6,0,0,0,13,3,12,0,0,2,7,0,7,2,0,3,1,3,0,0,0,1,11,0,9,2,0,0,11,0,9,2,0,0,2,0,3,0,0,0,1,0,1,0,0,0,6,0,3,0,0,0,2,0,2,2,0,1,0,0,0,0
99,01/03/2016,16455,4,T,T,T,T,T,84.5,0.73,19.67,532.5,1200,32.05,119.05,97.20,15.90,796.37,26,14,5,0,4,2,0,13,38,12,39,9,0,7,36,4,37,5,0,2,3,1,2,1,0,4,6,1,10,1,0,1,19,2,13,1,0,0,8,0,12,2,0,6,2,8,2,4,0,2,0,1,0,1,0,10,25,8,21,8,0,6,23,1,19,5,0,2,2,0,2,1,0,3,4,0,5,1,0,1,13,1,4,1,0,0,4,0,8,2,0,4,2,7,2,3,0,2,9,1,11,0,0,1,9,1,11,0,0,0,1,1,0,0,0,1,2,0,3,0,0,0,5,0,5,0,0,0,1,0,3,0,0,1,0,0,0,0,0,11,29,11,28,9,0,6,27,3,26,5,0,2,2,0,2,1,0,3,4,1,7,1,0,1,14,2,8,1,0,0,7,0,9,2,0,5,2,8,2,4,0,1,4,3,7,1,0,0,4,2,7,0,0,0,0,0,0,0,0,0,0,1,2,0,0,0,1,1,4,0,0,0,3,0,1,0,0,1,0,1,0,1
100,01/04/2016,14540,4,T,T,T,T,T,82,0.73,19.67,387.5,1300,23.93,142.78,96.40,25.20,770.98,35,8,2,0,6,1,4,21,41,6,28,10,3,9,36,3,23,5,0,2,3,1,2,0,1,6,9,1,8,0,0,0,15,0,5,2,2,1,9,1,8,3,1,12,5,3,5,5,1,6,1,0,1,1,2,13,24,4,22,9,2,7,20,1,18,5,0,2,1,1,1,0,1,4,6,0,5,0,0,0,9,0,5,2,1,1,4,0,7,3,0,6,4,3,4,4,1,4,11,2,2,1,0,1,10,2,1,0,0,0,2,0,0,0,0,1,2,1,1,0,0,0,4,0,0,0,0,0,2,1,0,0,1,3,1,0,1,1,3,17,30,4,26,9,3,8,26,1,22,5,0,2,1,1,2,0,1,5,7,0,7,0,0,0,11,0,5,2,2,1,7,0,8,3,0,9,4,3,4,4,1,4,6,0,4,0,1,1,6,0,4,0,0,0,0,0,1,0,0,1,1,0,2,0,0,0,2,0,0,0,1,0,3,0,1,0,0,3,0,0,0,0
101,01/05/2016,14621,4,T,T,T,T,T,83,0.73,19.67,491.8,1400,32.05,152.59,75.00,17.60,751.00,40.00000001,12,7,0,7,4,2,13,31,9,33,7,1,5,29,4,32,6,0,1,1,2,3,0,0,4,5,1,7,1,0,0,21,1,13,2,1,0,2,0,9,3,1,8,2,5,1,1,0,2,0,4,0,0,2,10,15,1,14,7,1,4,13,0,13,6,0,1,1,0,0,0,0,3,2,0,2,1,0,0,10,0,6,2,1,0,0,0,5,3,1,6,2,1,1,1,0,3,8,4,12,0,0,1,8,2,12,0,0,0,0,1,1,0,0,1,2,1,5,0,0,0,5,0,5,0,0,0,1,0,1,0,0,2,0,2,0,0,2,10,23,5,21,7,1,4,21,2,20,6,0,1,1,1,2,0,0,3,3,0,2,1,0,0,16,1,8,2,1,0,1,0,8,3,1,6,2,3,1,1,0,0,8,4,7,0,0,0,8,2,7,0,0,0,0,1,2,0,0,0,1,0,0,0,0,0,6,1,2,0,0,0,1,0,3,0,0,0,0,2,0,0
102,01/06/2016,15346,4,T,T,T,T,T,82.5,0.73,19.67,424.8,1300,35.96,113.78,60.20,17.20,695.80,26,9,5,0,4,2,4,11,30,8,35,8,1,6,26,1,33,6,0,0,5,0,1,2,1,2,2,0,9,1,0,0,16,0,14,1,0,4,3,1,9,2,3,5,4,7,2,2,2,1,4,2,0,0,2,9,16,6,27,6,1,5,16,1,25,4,0,0,4,0,1,1,1,2,2,0,7,1,0,0,9,0,9,1,0,3,1,1,8,1,1,4,0,5,2,2,2,1,8,1,5,2,0,0,5,0,5,2,0,0,0,0,0,1,0,0,0,0,1,0,0,0,3,0,3,0,0,0,2,0,1,1,2,1,3,1,0,0,2,10,22,7,30,6,1,6,21,1,28,4,0,0,5,0,1,1,1,2,2,0,8,1,0,0,13,0,11,1,0,4,1,1,8,1,1,4,1,6,2,2,0,1,6,1,3,0,0,1,5,0,3,0,0,0,1,0,0,0,0,0,0,0,1,0,0,0,4,0,2,0,0,1,0,0,0,0,0,0,1,1,0,0
103,01/07/2016,15315,4,T,T,T,T,T,84.7,0.73,19.67,516.3,1000,35.82,145.15,57.40,10.30,728.78,42.00000001,11,1,0,7,3,1,5,54,8,32,5,1,1,49,3,27,2,0,1,5,0,3,0,0,0,6,0,6,1,0,0,25,3,13,1,1,0,13,0,5,0,0,4,5,5,5,3,0,1,1,1,2,1,1,4,33,6,20,4,1,1,29,2,17,2,0,1,3,0,1,0,0,0,5,0,5,1,0,0,12,2,8,1,1,0,9,0,3,0,0,3,4,4,3,2,0,0,9,1,6,0,0,0,9,0,5,0,0,0,1,0,0,0,0,0,0,0,1,0,0,0,6,0,3,0,0,0,2,0,1,0,0,0,0,1,1,0,1,5,45,7,26,5,1,1,40,3,22,2,0,1,4,0,3,0,0,0,6,0,5,1,0,0,19,3,10,1,1,0,11,0,4,0,0,4,5,4,4,3,0,1,12,1,6,1,0,0,11,1,5,0,0,0,1,0,2,0,0,0,1,0,0,0,0,0,7,1,2,0,0,0,2,0,1,0,0,1,1,0,1,1
104,01/08/2016,12348,4,T,T,T,T,T,80,0.73,19.67,402.4,1100,64.09,131.03,88.20,17.10,812.04,34,12,3,0,7,1,2,4,53,7,42,4,2,1,44,0,40,1,0,0,4,0,3,0,1,1,8,0,6,1,1,0,28,0,17,0,0,0,4,0,14,0,0,3,9,7,2,3,0,2,3,2,2,0,1,1,28,5,22,3,1,0,22,0,22,0,0,0,3,0,1,0,1,0,5,0,3,0,0,0,13,0,9,0,0,0,1,0,9,0,0,1,6,5,0,3,0,1,13,0,7,0,0,0,11,0,6,0,0,0,1,0,0,0,0,0,2,0,1,0,0,0,6,0,1,0,0,0,2,0,4,0,0,1,2,0,1,0,2,3,40,7,35,4,2,1,33,0,34,1,0,0,3,0,3,0,1,1,6,0,5,1,1,0,22,0,16,0,0,0,2,0,10,0,0,2,7,7,1,3,1,2,12,2,13,1,1,1,11,0,12,1,0,0,0,0,2,0,0,1,1,0,2,1,1,0,9,0,7,0,0,0,1,0,1,0,0,1,1,2,1,0
105,01/09/2016,13976,4,T,T,T,T,T,80.2,0.73,19.67,509.4,1200,54.23,98.45,63.50,13.70,697.71,42.00000001,14,6,0,4,0,3,5,48,4,50,7,2,1,44,0,47,4,0,0,7,0,5,0,2,0,4,0,10,1,0,0,22,0,17,1,0,1,11,0,15,2,1,4,4,4,3,3,1,0,0,2,1,0,1,4,31,2,29,7,1,0,27,0,27,4,0,0,2,0,0,0,1,0,2,0,7,1,0,0,15,0,10,1,0,0,8,0,10,2,0,4,4,2,2,3,1,1,10,2,13,0,0,1,10,0,12,0,0,0,3,0,3,0,0,0,1,0,0,0,0,0,4,0,6,0,0,1,2,0,3,0,1,0,0,2,1,0,2,4,38,2,37,7,2,0,34,0,35,4,0,0,4,0,2,0,2,0,3,0,10,1,0,0,18,0,11,1,0,0,9,0,12,2,0,4,4,2,2,3,1,0,7,0,8,0,1,0,7,0,8,0,0,0,2,0,2,0,1,0,1,0,3,0,0,0,3,0,1,0,0,0,1,0,2,0,0,0,0,0,0,0
106,01/10/2016,15188,4,T,T,T,T,T,85.3,0.73,19.67,708.5,1400,20.01,126.28,49.10,11.90,678.01,38.99999999,14,2,0,6,2,1,2,52,8,50,3,0,1,51,2,46,1,0,0,5,0,8,0,0,1,7,0,14,1,0,0,27,2,16,0,0,0,12,0,8,0,1,1,1,6,4,2,1,1,0,0,0,0,0,1,29,7,27,2,0,1,28,1,23,0,0,0,3,0,5,0,0,1,5,0,9,0,0,0,11,1,6,0,0,0,9,0,3,0,0,0,1,6,4,2,0,0,9,0,10,0,0,0,9,0,10,0,0,0,0,0,0,0,0,0,1,0,3,0,0,0,6,0,3,0,0,0,2,0,4,0,0,0,0,0,0,0,1,2,43,8,40,3,0,1,42,2,36,1,0,0,5,0,8,0,0,1,6,0,11,1,0,0,21,2,13,0,0,0,10,0,4,0,1,1,1,6,4,2,1,1,14,1,13,1,0,0,14,1,13,1,0,0,2,0,3,0,0,0,1,0,2,1,0,0,10,1,7,0,0,0,1,0,1,0,1,1,0,0,0,0
107,01/11/2016,15453,4,T,T,T,T,T,87.7,0.73,25.33,362.5,1500,31.32,97.65,56.60,15.50,697.41,51,16,6,1,12,1,1,5,56,10,44,6,1,0,42,2,42,3,0,0,3,1,3,0,0,0,7,0,13,2,0,0,26,0,14,0,1,0,6,1,12,1,0,5,14,8,2,3,0,1,4,2,0,2,1,4,29,8,28,3,1,0,19,2,26,2,0,0,1,1,1,0,0,0,5,0,9,1,0,0,10,0,9,0,1,0,3,1,7,1,0,4,10,6,2,1,0,1,21,2,10,1,0,0,18,0,10,1,0,0,1,0,2,0,0,0,2,0,3,1,0,0,13,0,2,0,0,0,2,0,3,0,0,1,3,2,0,0,1,4,35,8,34,5,1,0,24,2,32,2,0,0,2,1,1,0,0,0,5,0,10,1,0,0,13,0,12,0,1,0,4,1,9,1,0,4,11,6,2,3,0,0,6,0,6,2,0,0,5,0,6,0,0,0,1,0,0,0,0,0,0,0,1,0,0,0,3,0,3,0,0,0,1,0,2,0,0,0,1,0,0,2
108,01/12/2016,17568,4,T,T,T,T,T,87.2,0.73,25.33,630.8,1400,31.03,90.79,70.10,9.50,676.82,46.99999999,7,2,0,4,1,2,4,53,5,48,7,1,0,49,0,47,5,0,0,6,0,4,1,1,0,9,0,9,0,0,0,25,0,26,1,0,0,9,0,8,3,1,4,4,5,1,2,1,1,2,3,1,1,1,3,29,2,37,5,1,0,27,0,37,4,0,0,5,0,3,1,1,0,7,0,9,0,0,0,10,0,19,0,0,0,5,0,6,3,0,3,2,2,0,1,0,0,15,0,5,2,0,0,13,0,4,1,0,0,0,0,0,0,0,0,1,0,0,0,0,0,8,0,4,1,0,0,4,0,0,0,0,0,2,0,1,1,2,4,38,5,43,5,1,0,36,0,43,4,0,0,6,0,4,1,1,0,8,0,9,0,0,0,17,0,22,0,0,0,5,0,8,3,1,4,2,5,0,1,1,1,9,3,6,0,0,0,9,0,6,0,0,0,1,0,1,0,0,0,1,0,0,0,0,0,7,0,3,0,0,0,0,0,2,0,1,1,0,3,0,0
109,01/01/2017,16415,4,T,T,T,T,T,88.4,0.73,25.33,528,1400,29.15,119.53,80.00,8.90,672.78,44,11,1,0,8,3,3,5,43,7,31,6,3,1,36,0,29,4,0,0,6,0,2,0,2,0,5,0,4,1,0,0,16,0,15,1,1,1,9,0,8,2,0,4,7,7,2,2,0,4,3,3,1,0,1,0,27,4,18,5,1,0,23,0,17,3,0,0,4,0,2,0,1,0,5,0,3,0,0,0,8,0,8,1,0,0,6,0,4,2,0,0,4,4,1,2,1,3,11,0,6,0,1,1,10,0,5,0,0,0,1,0,0,0,0,0,0,0,0,0,0,0,6,0,2,0,1,1,3,0,3,0,0,2,1,0,1,0,2,2,32,7,25,6,2,0,26,0,24,4,0,0,5,0,2,0,2,0,5,0,4,1,0,0,10,0,13,1,0,0,6,0,5,2,0,2,6,7,1,2,1,2,5,3,7,1,1,0,3,0,7,1,0,0,1,0,0,0,1,0,0,0,1,1,0,0,2,0,5,0,0,0,0,0,1,0,0,2,2,3,0,0
110,01/02/2017,16703,4,T,T,T,T,T,89.9,0.73,25.33,528,1500,24.36,93.57,66.80,10.90,702.02,29,20,4,0,10,0,3,8,47,7,39,7,2,4,34,1,33,2,0,3,7,1,1,0,0,0,5,0,9,2,1,0,15,0,15,0,1,1,7,0,8,0,1,4,13,6,6,5,1,1,4,4,1,0,1,5,23,3,24,7,1,2,14,1,19,2,0,2,2,1,1,0,0,0,3,0,8,2,1,0,5,0,5,0,0,0,4,0,5,0,0,3,9,2,5,5,2,2,13,2,11,0,1,1,10,0,10,0,0,0,2,0,0,0,0,0,1,0,0,0,0,0,5,0,7,0,1,1,2,0,3,0,1,1,3,2,1,0,1,6,34,5,28,7,1,3,24,1,23,2,0,3,5,1,1,0,0,0,4,0,9,2,1,0,10,0,8,0,0,0,5,0,5,0,0,3,10,4,5,5,0,1,11,2,4,0,0,1,10,0,4,0,0,1,3,0,0,0,0,0,1,0,1,0,0,0,5,0,3,0,0,0,1,0,0,0,0,0,1,2,0,0
111,01/03/2017,16588,4,T,T,T,T,T,85.9,0.73,25.33,528,1770,29.58,108.82,71.30,14.70,693.01,30,13,2,0,3,6,3,8,48,11,35,9,2,4,31,2,28,4,0,0,4,0,0,1,1,0,3,1,12,1,0,1,18,1,9,0,1,3,6,0,7,2,1,4,17,9,7,5,1,0,3,6,0,0,2,6,31,5,25,8,2,2,17,2,18,3,0,0,1,0,0,1,1,0,3,1,9,0,0,0,9,1,5,0,1,2,4,0,4,2,0,4,14,3,7,5,1,2,8,2,6,1,0,2,7,0,6,1,0,0,0,0,0,0,0,0,0,0,1,1,0,1,5,0,3,0,0,1,2,0,2,0,1,0,1,2,0,0,2,6,40,9,29,8,2,2,24,2,22,3,0,0,4,0,0,1,1,0,3,1,11,0,0,0,13,1,6,0,1,2,4,0,5,2,0,4,16,7,7,5,0,0,9,4,4,0,0,0,7,0,4,0,0,0,3,0,0,0,0,0,0,0,2,0,0,0,4,0,1,0,0,0,0,0,1,0,0,0,2,4,0,0
112,01/04/2017,15191,4,T,T,T,T,T,83.4,0.73,25.33,471.3,1400,31.76,100.83,65.20,20.70,749.98,45.00000001,11,2,0,3,5,1,8,41,8,34,7,0,1,27,2,31,3,0,1,0,2,2,0,0,0,4,0,6,1,0,0,14,0,13,0,0,0,9,0,10,2,1,7,14,6,3,4,0,2,3,2,0,0,1,6,23,5,19,7,0,1,12,1,16,3,0,1,0,1,1,0,0,0,3,0,5,1,0,0,4,0,6,0,0,0,5,0,4,2,1,5,11,4,3,4,0,2,10,3,6,0,0,0,9,1,6,0,0,0,0,1,0,0,0,0,0,0,0,0,0,0,6,0,2,0,0,0,3,0,4,0,0,2,1,2,0,0,1,6,31,5,28,7,0,1,18,1,25,3,0,1,0,1,2,0,0,0,4,0,6,1,0,0,8,0,11,0,0,0,6,0,6,2,1,5,13,4,3,4,0,0,8,0,9,0,0,0,6,0,9,0,0,0,0,0,1,0,0,0,1,0,1,0,0,0,4,0,5,0,0,0,1,0,2,0,0,0,2,0,0,0
113,01/05/2017,17421,4,T,T,T,T,T,86.6,0.73,25.33,543.75,1800,27.99,109.90,65.20,19.50,753.02,30.99999999,15,3,0,9,2,0,9,45,11,27,10,0,7,29,2,26,4,0,0,3,1,3,0,0,6,2,0,7,3,0,0,21,0,9,1,0,1,3,1,7,0,0,2,16,9,1,6,0,0,5,2,0,2,0,5,24,9,14,7,0,3,13,2,13,3,0,0,0,1,1,0,0,3,2,0,4,3,0,0,9,0,5,0,0,0,2,1,3,0,0,2,11,7,1,4,0,3,8,2,4,1,0,3,5,0,4,0,0,0,2,0,1,0,0,2,0,0,1,0,0,0,3,0,1,0,0,1,0,0,1,0,0,0,3,2,0,1,0,6,37,9,23,9,0,4,24,2,22,4,0,0,1,1,2,0,0,4,2,0,6,3,0,0,18,0,8,1,0,0,3,1,6,0,0,2,13,7,1,5,0,1,13,0,9,2,0,1,11,0,9,1,0,0,1,0,1,0,0,1,0,0,2,0,0,0,9,0,3,1,0,0,1,0,3,0,0,0,2,0,0,1
114,01/06/2017,16398,4,T,T,T,T,T,83.9,0.73,25.33,690.4,1700,25.38,121.89,70.00,26.90,750.99,29.99999999,12,3,0,3,3,3,8,49,14,34,3,3,3,37,3,31,1,0,1,3,2,3,0,1,0,4,0,12,0,0,2,23,1,9,0,2,0,7,0,7,1,0,5,12,11,3,2,0,5,3,5,1,0,2,2,25,8,18,3,2,2,16,2,16,1,0,1,3,2,1,0,0,0,2,0,8,0,0,1,9,0,4,0,2,0,2,0,3,1,0,0,9,6,2,2,1,1,15,1,5,0,1,0,14,0,4,0,0,0,0,0,1,0,1,0,1,0,0,0,0,0,9,0,1,0,0,0,4,0,2,0,0,1,1,1,1,0,2,7,34,13,29,3,2,3,23,3,27,1,0,1,3,2,2,0,0,0,3,0,12,0,0,2,14,1,8,0,2,0,3,0,5,1,0,4,11,10,2,2,0,5,9,5,11,0,0,1,7,1,11,0,0,0,0,0,1,0,0,0,1,0,4,0,0,1,5,1,4,0,0,0,1,0,2,0,0,4,2,4,0,0
115,01/07/2017,15132,4,T,T,T,T,T,84.3,0.73,25.33,523.5,1600,37.99,107.91,57.80,24.10,693.91,44,16,5,0,3,1,4,5,58,6,42,9,4,1,42,2,41,5,0,0,8,1,4,0,2,0,5,0,15,3,0,0,16,0,10,1,2,1,13,1,12,1,0,4,16,4,1,4,0,0,3,0,0,1,3,4,38,5,26,7,3,0,25,1,25,4,0,0,5,1,3,0,1,0,5,0,12,2,0,0,6,0,4,1,2,0,9,0,6,1,0,4,13,4,1,3,1,1,13,1,9,1,1,1,12,1,9,1,0,0,2,0,0,0,1,0,0,0,2,1,0,0,7,0,3,0,0,1,3,1,4,0,0,0,1,0,0,0,3,4,45,5,33,8,3,0,30,1,32,4,0,0,6,1,4,0,1,0,5,0,13,2,0,0,9,0,7,1,2,0,10,0,8,1,0,4,15,4,1,4,0,0,7,0,7,1,0,0,5,0,7,0,0,0,1,0,1,0,0,0,0,0,1,0,0,0,3,0,3,0,0,0,1,0,2,0,0,0,2,0,0,1
116,01/08/2017,14036,4,T,T,T,T,T,87.4,0.45,25.33,523.5,1600,48.43,114.44,94.00,37.70,722.79,39,15,5,0,7,2,4,3,55,10,43,10,4,1,44,4,43,3,0,1,1,2,3,0,1,0,6,0,9,2,0,0,27,1,15,1,3,0,10,1,16,0,0,2,11,6,0,7,0,1,4,4,0,2,2,2,21,4,22,6,2,1,14,2,22,1,0,1,1,1,3,0,1,0,2,0,5,1,0,0,6,1,7,0,1,0,5,0,7,0,0,1,7,2,0,5,1,0,21,3,14,2,1,0,17,1,14,1,0,0,0,0,0,0,0,0,4,0,3,0,0,0,10,0,4,1,1,0,3,1,7,0,0,0,4,2,0,1,3,3,34,7,29,8,3,1,27,3,29,2,0,1,1,2,3,0,1,0,2,0,6,2,0,0,17,1,11,0,2,0,7,0,9,0,0,2,7,4,0,6,1,1,13,3,7,2,1,0,13,1,7,1,0,0,0,1,0,0,0,0,0,0,1,1,0,0,11,0,4,0,1,0,2,0,2,0,0,1,0,2,0,1
117,01/09/2017,14486,4,T,T,T,T,T,82.6,0.45,25.33,523.5,1770,29.87,86.67,51.50,23.00,703.98,40.00000001,7,6,0,5,0,0,6,69,10,40,15,0,1,61,1,38,10,0,0,7,0,1,4,0,1,9,0,9,2,0,0,28,0,18,2,0,0,17,1,10,2,0,5,8,9,2,5,0,0,4,4,1,1,0,6,33,6,27,8,0,1,29,1,26,4,0,0,4,0,1,2,0,1,6,0,7,1,0,0,8,0,12,0,0,0,11,1,6,1,0,5,4,5,1,4,0,0,18,2,6,4,0,0,17,0,5,3,0,0,2,0,0,1,0,0,1,0,2,0,0,0,10,0,0,1,0,0,4,0,3,1,0,0,1,2,1,1,0,6,51,8,34,11,0,1,44,1,33,7,0,0,5,0,1,3,0,1,8,0,7,2,0,0,18,0,18,1,0,0,13,1,7,1,0,5,7,7,1,4,0,0,18,2,7,3,0,0,15,0,7,3,0,0,1,0,0,1,0,0,2,0,0,1,0,0,10,0,6,1,0,0,2,0,1,0,0,0,3,2,0,0
118,01/10/2017,17973,4,T,T,T,T,T,85.5,0.45,25.33,573.7,1800,30.45,138.22,48.70,26.70,679.01,47.00000001,10,5,0,6,4,3,7,54,11,42,9,3,2,49,4,42,3,0,0,5,1,2,1,0,1,10,0,9,1,1,1,23,1,17,0,2,0,11,2,14,1,0,5,5,7,0,6,0,2,3,5,0,1,0,3,22,3,20,8,0,0,20,1,20,3,0,0,3,0,1,1,0,0,4,0,4,1,0,0,7,1,8,0,0,0,6,0,7,1,0,3,2,2,0,5,2,3,13,3,13,0,2,2,12,1,13,0,0,0,1,0,1,0,0,1,4,0,2,0,1,1,6,0,5,0,1,0,1,1,5,0,0,1,1,2,0,0,1,4,41,8,29,9,1,0,37,3,29,3,0,0,4,1,1,1,0,0,6,0,7,1,0,0,17,1,12,0,1,0,10,1,9,1,0,4,4,5,0,6,1,1,19,5,9,1,1,0,17,2,9,0,0,0,1,1,0,0,0,0,2,0,3,0,0,0,10,0,4,0,1,0,4,1,2,0,0,1,2,3,0,1
119,01/11/2017,15071,4,T,T,T,T,T,86.1,0.45,8.75,475.7,1670,34.51,98.29,61.30,27.40,560.03,47,10,3,0,5,2,1,5,54,5,33,7,1,3,48,1,32,4,0,0,7,1,4,0,1,3,12,0,5,1,0,0,18,0,12,0,0,0,11,0,11,3,0,2,6,4,1,3,0,1,0,2,0,0,0,3,28,3,17,6,0,2,22,1,16,3,0,0,4,1,3,0,0,2,8,0,2,1,0,0,5,0,7,0,0,0,5,0,4,2,0,1,6,2,1,3,1,1,15,1,9,1,1,1,15,0,9,1,0,0,3,0,1,0,1,1,2,0,1,0,0,0,6,0,3,0,0,0,4,0,4,1,0,0,0,1,0,0,0,4,39,4,24,6,0,2,33,1,23,3,0,0,4,1,3,0,0,2,10,0,4,1,0,0,12,0,9,0,0,0,7,0,7,2,0,2,6,3,1,3,0,1,11,1,7,0,0,0,11,0,7,0,0,0,0,0,0,0,0,0,2,0,2,0,0,0,7,0,2,0,0,0,2,0,3,0,0,1,0,1,0,0
120,01/12/2017,16405,4,T,T,T,T,T,87.2,0.45,8.75,599.2,1600,38.14,115.17,85.90,13.70,548.22,38,12,2,0,7,3,3,3,45,9,32,7,2,1,39,4,32,1,1,0,3,2,1,0,1,1,7,1,10,0,0,0,18,0,12,1,0,0,11,1,9,0,1,2,6,5,0,6,0,0,3,1,0,2,2,3,14,6,12,5,1,1,11,2,12,1,1,0,1,1,1,0,0,1,2,0,3,0,0,0,6,0,5,1,0,0,2,1,3,0,1,2,3,4,0,4,1,0,16,0,11,0,1,0,16,0,11,0,0,0,2,0,0,0,1,0,4,0,5,0,0,0,6,0,3,0,0,0,4,0,3,0,0,0,0,0,0,0,2,3,29,9,21,7,1,1,23,4,21,1,1,0,1,2,1,0,0,1,3,1,5,0,0,0,12,0,9,1,0,0,7,1,6,0,1,2,6,5,0,6,0,0,15,3,9,2,0,0,12,2,9,0,0,0,0,1,0,0,0,0,1,1,2,0,0,0,6,0,4,0,0,0,5,0,3,0,0,0,3,1,0,2
121,01/01/2018,16484,4,T,T,T,T,T,94.7,0.45,8.75,564,1700,30.89,167.81,116.20,17.30,670.99,41.00000001,8,1,1,15,5,1,5,52,4,37,7,1,1,38,1,37,1,1,0,2,0,3,0,0,0,8,0,11,0,0,0,22,1,14,1,0,1,6,0,9,0,0,4,14,3,0,6,0,0,2,1,0,2,0,4,34,3,25,5,0,0,22,1,25,1,0,0,2,0,1,0,0,0,4,0,9,0,0,0,12,1,9,1,0,0,4,0,6,0,0,4,12,2,0,4,0,0,9,1,6,0,0,0,8,0,6,0,0,0,0,0,0,0,0,0,3,0,2,0,0,0,4,0,2,0,0,0,1,0,2,0,0,0,1,1,0,0,1,5,43,3,31,7,1,1,30,1,31,1,1,0,2,0,3,0,0,0,5,0,9,0,0,0,18,1,12,1,0,1,5,0,7,0,0,4,13,2,0,6,1,1,9,0,6,2,1,1,8,0,6,0,1,0,0,0,2,0,0,0,1,0,0,0,0,0,6,0,3,0,0,1,1,0,1,0,0,0,1,0,0,2
122,01/02/2018,16081,4,T,T,T,T,T,89.2,0.73,8.75,564,1800,31.03,123.52,90.90,74.40,655.02,31,13,3,0,3,1,0,9,57,6,29,12,0,4,47,0,27,3,0,2,8,0,2,1,0,0,9,0,4,0,0,0,22,0,12,1,0,2,8,0,9,1,0,5,10,6,2,9,0,0,3,2,0,1,0,7,23,4,15,11,0,2,16,0,13,3,0,1,2,0,0,1,0,0,3,0,3,0,0,0,6,0,6,1,0,1,5,0,4,1,0,5,7,4,2,8,0,2,13,1,6,0,0,2,11,0,6,0,0,1,2,0,2,0,0,0,3,0,0,0,0,0,5,0,0,0,0,1,1,0,4,0,0,0,2,1,0,0,0,7,44,5,23,12,0,2,36,0,21,3,0,1,6,0,0,1,0,0,6,0,4,0,0,0,17,0,12,1,0,1,7,0,5,1,0,5,8,5,2,9,0,0,21,1,8,1,0,0,20,0,8,0,0,0,4,0,0,0,0,0,3,0,1,0,0,0,11,0,6,0,0,0,2,0,1,0,0,0,1,1,0,1
123,01/03/2018,17604,4,T,T,T,T,T,89.1,0.73,8.75,564,1500,25.09,114.99,85.50,56.30,649.48,38,5,1,0,6,1,2,9,34,6,43,10,1,6,28,3,39,5,0,2,2,2,0,0,0,2,2,0,5,2,0,1,14,1,16,2,1,1,10,0,18,1,1,3,6,3,4,5,1,2,3,2,1,1,1,7,13,4,20,7,1,6,10,3,17,3,0,2,2,2,0,0,0,2,2,0,2,1,0,1,4,1,8,1,1,1,2,0,7,1,0,1,3,1,3,4,1,0,12,2,16,2,0,0,11,0,15,2,0,0,0,0,0,0,0,0,0,0,2,1,0,0,8,0,5,1,0,0,3,0,8,0,1,0,1,2,1,0,1,9,22,4,27,8,1,6,17,3,24,3,0,2,2,2,0,0,0,2,2,0,3,1,0,1,6,1,11,1,1,1,7,0,10,1,0,3,5,1,3,5,0,2,9,0,7,1,0,0,7,0,7,0,0,0,0,0,0,0,0,0,0,0,1,0,0,0,2,0,3,0,0,0,5,0,3,0,0,2,2,0,0,1
124,01/04/2018,15319,4,T,T,T,T,T,87.2,0.73,8.75,545.6833333,1770,26.97,122.25,103.20,59.40,663.93,42.99999999,13,3,0,1,5,1,2,44,6,44,15,1,0,33,1,41,4,0,0,3,0,4,0,0,0,1,0,5,2,0,0,14,1,12,1,1,0,15,0,20,1,0,2,11,5,3,11,0,1,4,0,0,4,1,1,25,5,24,11,1,0,18,0,21,4,0,0,2,0,2,0,0,0,0,0,2,2,0,0,5,0,6,1,1,0,11,0,11,1,0,1,7,5,3,7,0,0,12,0,13,1,0,0,9,0,13,0,0,0,1,0,1,0,0,0,1,0,2,0,0,0,5,0,2,0,0,0,2,0,8,0,0,0,3,0,0,1,1,2,32,6,31,14,1,0,24,1,28,4,0,0,2,0,3,0,0,0,0,0,3,2,0,0,9,1,10,1,1,0,13,0,12,1,0,2,8,5,3,10,0,1,7,1,7,3,0,0,6,1,7,0,0,0,0,0,1,0,0,0,0,0,1,0,0,0,4,1,4,0,0,0,2,0,1,0,0,1,1,0,0,3
125,01/05/2018,17035,4,T,T,T,T,T,87.3,0.73,8.75,545.6833333,1500,24.80,136.41,72.90,29.40,682.77,30,19,6,0,5,0,2,2,47,8,37,4,2,1,34,2,35,1,0,0,4,0,2,0,1,1,3,0,11,1,0,0,14,2,13,0,1,0,13,0,9,0,0,1,13,6,2,3,0,0,1,0,1,0,1,1,23,6,19,3,1,0,11,0,18,0,0,0,0,0,1,0,1,0,0,0,6,0,0,0,3,0,7,0,0,0,8,0,4,0,0,1,12,6,1,3,1,1,13,0,11,1,1,1,12,0,10,1,0,0,1,0,1,0,0,1,1,0,5,1,0,0,6,0,2,0,1,0,4,0,2,0,0,0,1,0,1,0,1,1,34,8,26,3,1,0,22,2,25,0,0,0,3,0,1,0,1,0,2,0,6,0,0,0,8,2,11,0,0,0,9,0,7,0,0,1,12,6,1,3,0,0,11,2,7,0,0,0,11,2,7,0,0,0,3,0,0,0,0,0,2,0,0,0,0,0,5,2,4,0,0,0,1,0,3,0,0,0,0,0,0,0
126,01/06/2018,16802,4,T,T,T,T,T,87.3,0.73,8.75,545.6833333,1400,32.92,112.81,79.90,21.00,692.79,38.00000001,13,2,0,6,1,0,2,42,11,39,8,0,1,28,1,34,3,0,0,3,0,4,0,0,0,5,0,4,0,0,1,11,1,11,2,0,0,9,0,15,1,0,1,14,10,5,5,0,1,3,1,1,2,0,1,26,10,25,4,0,1,15,1,21,1,0,0,1,0,3,0,0,0,3,0,4,0,0,1,4,1,4,1,0,0,7,0,10,0,0,0,11,9,4,3,0,1,9,0,8,1,0,0,8,0,7,1,0,0,1,0,0,0,0,0,1,0,0,0,0,0,5,0,3,1,0,0,1,0,4,0,0,1,1,0,1,0,0,1,33,11,31,7,0,1,20,1,27,2,0,0,2,0,4,0,0,0,4,0,4,0,0,1,6,1,8,1,0,0,8,0,11,1,0,0,13,10,4,5,0,0,7,1,6,3,0,0,5,0,6,1,0,0,1,0,1,0,0,0,1,0,0,0,0,0,2,0,4,0,0,0,1,0,1,1,0,0,2,1,0,2
127,01/07/2018,15910,4,T,T,T,T,T,85,0.73,8.75,615,1450,37.41,139.86,74.20,29.80,670.00,49,16,8,0,3,1,1,7,52,9,34,8,1,3,38,2,30,3,1,1,8,0,2,0,0,1,7,0,5,0,0,0,12,2,10,2,0,1,11,0,13,1,0,4,14,7,4,5,0,3,2,3,1,0,1,4,31,5,17,8,1,3,19,1,14,3,1,1,2,0,1,0,0,1,3,0,4,0,0,0,8,1,3,2,0,1,6,0,6,1,0,1,12,4,3,5,0,1,15,2,7,0,0,0,13,1,7,0,0,0,4,0,0,0,0,0,3,0,1,0,0,0,3,1,2,0,0,0,3,0,4,0,0,1,2,1,0,0,1,6,37,7,27,8,1,3,25,1,23,3,1,1,4,0,2,0,0,1,4,0,4,0,0,0,9,1,8,2,0,1,8,0,9,1,0,3,12,6,4,5,0,2,6,2,10,0,0,0,6,0,9,0,0,0,2,0,1,0,0,0,1,0,0,0,0,0,1,0,5,0,0,0,2,0,3,0,0,2,0,2,1,0
128,01/08/2018,13355,4,T,T,T,T,T,87.4,0.73,8.75,615,1500,39.30,173.62,67.50,34.90,570.04,40,8,4,1,2,4,0,8,69,6,50,15,0,7,34,1,41,5,0,1,3,0,1,0,0,1,4,0,3,1,0,0,14,1,17,1,0,5,13,0,20,3,0,1,35,5,9,10,0,0,8,2,2,1,0,8,46,3,33,12,0,7,19,0,26,3,0,1,2,0,1,0,0,1,3,0,1,0,0,0,5,0,8,0,0,5,9,0,16,3,0,1,27,3,7,9,0,0,8,1,10,0,0,0,7,1,9,0,0,0,1,0,0,0,0,0,1,0,1,0,0,0,4,1,5,0,0,0,1,0,3,0,0,0,1,0,1,0,0,8,61,5,40,15,0,7,27,0,32,5,0,1,2,0,1,0,0,1,3,0,2,1,0,0,10,0,12,1,0,5,12,0,17,3,0,1,34,5,8,10,0,0,15,2,7,3,0,0,8,0,6,2,0,0,0,0,0,0,0,0,0,0,1,1,0,0,5,0,4,1,0,0,3,0,1,0,0,0,7,2,1,1
129,01/09/2018,15280,4,T,T,T,T,T,84.3,0.73,8.75,615,1600,0.00,115.71,64.70,28.90,561.01,52,12,2,0,1,1,3,0,49,4,42,7,3,0,37,1,40,5,0,0,5,1,1,2,2,0,3,0,12,1,0,0,22,0,12,1,1,0,7,0,15,1,0,0,12,3,2,2,0,0,5,1,0,0,1,0,25,3,24,3,1,0,18,1,22,1,0,0,3,1,1,1,1,0,2,0,7,0,0,0,11,0,8,0,0,0,2,0,6,0,0,0,7,2,2,2,1,0,14,0,11,2,1,0,11,0,11,2,0,0,1,0,0,1,1,0,0,0,1,0,0,0,7,0,3,1,0,0,3,0,7,0,0,0,3,0,0,0,2,0,35,4,31,5,2,0,26,1,29,3,0,0,4,1,1,1,1,0,3,0,11,1,0,0,15,0,9,0,1,0,4,0,8,1,0,0,9,3,2,2,1,0,10,1,7,2,1,0,8,0,7,2,0,0,1,0,0,0,0,0,1,0,4,1,0,0,4,0,1,0,1,0,2,0,2,1,0,0,2,1,0,0
130,01/10/2018,17232,4,T,T,T,T,T,87.7,0.73,8.75,620.95,1770,46.84,132.59,78.30,29.90,602.81,33,14,4,0,6,0,2,5,83,6,49,15,2,4,61,0,40,6,0,0,8,0,1,0,1,0,7,0,13,1,1,0,26,0,14,1,0,4,20,0,12,4,0,1,22,6,9,9,0,1,5,3,2,0,2,4,43,3,29,14,2,4,26,0,22,5,0,0,1,0,1,0,1,0,6,0,7,1,1,0,9,0,9,1,0,4,10,0,5,3,0,0,17,3,7,9,0,1,14,2,15,1,0,0,13,0,14,1,0,0,2,0,0,0,0,0,0,0,6,0,0,0,7,0,4,0,0,0,4,0,4,1,0,1,1,2,1,0,2,4,69,4,34,14,2,4,48,0,26,5,0,0,6,0,1,0,1,0,7,0,7,1,1,0,19,0,10,1,0,4,16,0,8,3,0,0,21,4,8,9,0,0,26,1,5,0,0,0,22,0,4,0,0,0,5,0,0,0,0,0,1,0,0,0,0,0,10,0,1,0,0,0,6,0,3,0,0,0,4,1,1,0
131,01/11/2018,15804,4,T,T,T,T,T,88.3,0.73,8.75,620.95,1800,34.95,154.20,83.60,32.10,617.97,40,2,7,0,7,1,0,4,52,9,37,12,0,3,40,1,34,5,0,0,9,0,1,0,0,0,1,0,10,2,0,1,20,1,16,2,0,2,10,0,7,1,0,1,12,8,3,7,0,1,3,2,1,1,0,1,34,7,21,8,0,1,25,1,19,2,0,0,6,0,1,0,0,0,1,0,6,1,0,0,10,1,8,1,0,1,8,0,4,0,0,0,9,6,2,6,0,2,7,0,9,2,0,1,6,0,8,1,0,0,1,0,0,0,0,0,0,0,3,0,0,0,3,0,4,1,0,1,2,0,1,0,0,1,1,0,1,1,0,2,45,9,28,10,0,2,34,1,26,4,0,0,8,0,1,0,0,0,1,0,7,2,0,1,17,1,12,1,0,1,8,0,6,1,0,0,11,8,2,6,0,1,11,2,7,2,0,1,9,0,7,2,0,0,2,0,0,0,0,0,0,0,1,1,0,1,7,0,4,0,0,0,0,0,2,1,0,0,2,2,0,0
132,01/12/2018,16243,4,T,T,T,T,T,86.4,0.73,8.75,620.95,1900,42.49,99.56,87.70,20.40,548.11,46.00000001,15,5,0,2,0,1,5,47,7,36,12,1,3,35,1,29,4,1,0,7,0,0,0,0,0,2,0,5,1,0,1,18,1,15,0,0,2,8,0,9,3,0,2,12,6,7,8,0,1,3,2,1,1,1,4,28,4,22,9,1,3,19,0,16,2,1,0,4,0,0,0,0,0,1,0,1,1,0,1,9,0,9,0,0,2,5,0,6,1,0,1,9,4,6,7,0,1,13,2,10,2,0,0,11,0,10,1,0,0,3,0,0,0,0,0,0,0,2,0,0,0,5,0,6,0,0,0,3,0,2,1,0,1,2,2,0,1,1,4,34,5,26,10,1,3,24,1,19,3,1,0,4,0,0,0,0,0,2,0,3,1,0,1,13,1,9,0,0,2,5,0,7,2,0,1,10,4,7,7,0,0,6,1,4,1,0,0,5,1,3,1,0,0,0,0,0,0,0,0,1,0,2,0,0,0,4,1,0,0,0,0,0,0,1,1,0,0,1,0,1,0
